"URL","Title","Primary Keyword","Word Count","Category","Date","Status / Classification","Proposed Action","Target 301 / Canonical URL"
"https://careerwithmohit.online/blog/accurate-greater-noida-review-2027-29","Accurate Institute of Management & Technology Review 2027–29: Fees, Placements, Cutoffs & ROI Analysis","Accurate Institute of Management & Technology review 2027–29","1356","Exams","2026-08-03","Duplicate (accurate-greater-noida)","Merge unique insights into Master & 301 Redirect to https://careerwithmohit.online/blog/accurate-greater-noida-mba-pgdm-review-2027-fees-placements-cutoff","https://careerwithmohit.online/blog/accurate-greater-noida-mba-pgdm-review-2027-fees-placements-cutoff"
"https://careerwithmohit.online/blog/akemi-pune-review-2027-29","AKEMI Pune Review (2026-2027): Real Placements, Fees & Cutoffs–29: Personalized Management Training","AKEMI Pune review 2027–29","556","Exams","2026-03-14","Duplicate (akemi-pune)","Merge unique insights into Master & 301 Redirect to https://careerwithmohit.online/blog/akemi-pune-mba-pgdm-review-2027-fees-placements-cutoff","https://careerwithmohit.online/blog/akemi-pune-mba-pgdm-review-2027-fees-placements-cutoff"
"https://careerwithmohit.online/blog/alliance-university-bangalore-mba-admission-2027-29","Alliance School of Business (Alliance University) MBA / PGDM Admission 2027-29: Fees, Approvals, Placements, PPO, Certifications & Faculty Review","Alliance School of Business (Alliance University) admission 2027-29","1289","Exams","2026-09-18","Duplicate (alliance-university-bangalore)","Merge unique insights into Master & 301 Redirect to https://careerwithmohit.online/blog/alliance-university-bangalore-mba-pgdm-review-2027-fees-placements-cutoff","https://careerwithmohit.online/blog/alliance-university-bangalore-mba-pgdm-review-2027-fees-placements-cutoff"
"https://careerwithmohit.online/blog/alliance-university-bangalore-mba-usp-review-2027-29","USP of Alliance University Bangalore MBA 2027–29: Key USPs, Fees & Placements","alliance university bangalore mba usp","2321","MBA","2026-10-05","Duplicate (alliance-university-bangalore)","Merge unique insights into Master & 301 Redirect to https://careerwithmohit.online/blog/alliance-university-bangalore-mba-pgdm-review-2027-fees-placements-cutoff","https://careerwithmohit.online/blog/alliance-university-bangalore-mba-pgdm-review-2027-fees-placements-cutoff"
"https://careerwithmohit.online/blog/amity-noida-review-2027-29","Amity University (Noida Campus) Review 2027–29: Fees, Placements, Cutoffs & ROI Analysis","Amity University (Noida Campus) review 2027–29","1333","Exams","2026-08-03","Duplicate (amity-noida)","Merge unique insights into Master & 301 Redirect to https://careerwithmohit.online/blog/amity-noida-mba-pgdm-review-2027-fees-placements-cutoff","https://careerwithmohit.online/blog/amity-noida-mba-pgdm-review-2027-fees-placements-cutoff"
"https://careerwithmohit.online/blog/asm-apeejay-dwarka-review-2027-29","ASM Apeejay School of Management Review 2027–29: Fees, Placements, Cutoffs & ROI Analysis","ASM Apeejay School of Management review 2027–29","1330","Exams","2026-08-03","Duplicate (asm-apeejay-dwarka)","Merge unique insights into Master & 301 Redirect to https://careerwithmohit.online/blog/asm-apeejay-dwarka-mba-pgdm-review-2027-fees-placements-cutoff","https://careerwithmohit.online/blog/asm-apeejay-dwarka-mba-pgdm-review-2027-fees-placements-cutoff"
"https://careerwithmohit.online/blog/atlas-skilltech-mumbai-review-2027-29","ATLAS SkillTech University Review 2027–29: Fees, Placements, Cutoffs & ROI Analysis","ATLAS SkillTech University review 2027–29","1333","Exams","2026-08-03","Duplicate (atlas-skilltech-mumbai)","Merge unique insights into Master & 301 Redirect to https://careerwithmohit.online/blog/atlas-skilltech-mumbai-mba-pgdm-review-2027-fees-placements-cutoff","https://careerwithmohit.online/blog/atlas-skilltech-mumbai-mba-pgdm-review-2027-fees-placements-cutoff"
"https://careerwithmohit.online/blog/bennett-greater-noida-review-2027-29","Bennett University Review 2027–29: Fees, Placements, Cutoffs & ROI Analysis","Bennett University review 2027–29","1303","Exams","2026-08-03","Duplicate (bennett-greater-noida)","Merge unique insights into Master & 301 Redirect to https://careerwithmohit.online/blog/bennett-greater-noida-mba-pgdm-review-2027-fees-placements-cutoff","https://careerwithmohit.online/blog/bennett-greater-noida-mba-pgdm-review-2027-fees-placements-cutoff"
"https://careerwithmohit.online/blog/bml-munjal-gurgaon-review-2027-29","BML Munjal University (BMU) Review 2027–29: Fees, Placements, Cutoffs & ROI Analysis","BML Munjal University (BMU) review 2027–29","1326","Exams","2026-08-03","Duplicate (bml-munjal-gurgaon)","Merge unique insights into Master & 301 Redirect to https://careerwithmohit.online/blog/bml-munjal-gurgaon-mba-pgdm-review-2027-fees-placements-cutoff","https://careerwithmohit.online/blog/bml-munjal-gurgaon-mba-pgdm-review-2027-fees-placements-cutoff"
"https://careerwithmohit.online/blog/delhi-school-of-business-review-2027-29","Delhi School of Business (VIPS-TC) Review 2027–29: Fees, Placements, Cutoffs & ROI Analysis","Delhi School of Business (VIPS-TC) review 2027–29","1330","Exams","2026-08-03","Duplicate (delhi-school-of-business)","Merge unique insights into Master & 301 Redirect to https://careerwithmohit.online/blog/delhi-school-of-business-mba-pgdm-review-2027-fees-placements-cutoff","https://careerwithmohit.online/blog/delhi-school-of-business-mba-pgdm-review-2027-fees-placements-cutoff"
"https://careerwithmohit.online/blog/dy-patil-pune-review-2027-29","Dr. D.Y. Patil Institute of Management & Research Review 2027–29: Fees, Placements, Cutoffs & ROI Analysis","Dr. D.Y. Patil Institute of Management & Research review 2027–29","1412","Exams","2026-08-03","Duplicate (dy-patil-pune)","Merge unique insights into Master & 301 Redirect to https://careerwithmohit.online/blog/dy-patil-pune-mba-pgdm-review-2027-fees-placements-cutoff","https://careerwithmohit.online/blog/dy-patil-pune-mba-pgdm-review-2027-fees-placements-cutoff"
"https://careerwithmohit.online/blog/empi-chattarpur-review-2027-29","EMPI Business School Review 2027–29: Fees, Placements, Cutoffs & ROI Analysis","EMPI Business School review 2027–29","1310","Exams","2026-08-03","Duplicate (empi-chattarpur)","Merge unique insights into Master & 301 Redirect to https://careerwithmohit.online/blog/empi-chattarpur-mba-pgdm-review-2027-fees-placements-cutoff","https://careerwithmohit.online/blog/empi-chattarpur-mba-pgdm-review-2027-fees-placements-cutoff"
"https://careerwithmohit.online/blog/fiib-delhi-review-2027","FIIB Delhi Review 2027–2029: PGDM Fees, Placements, Cutoffs & Honest Student Verdict","FIIB Delhi review 2027","1934","Exams","2026-09-10","Duplicate (fiib-delhi)","Merge unique insights into Master & 301 Redirect to https://careerwithmohit.online/blog/fiib-delhi-pgdm-admission-2027-29","https://careerwithmohit.online/blog/fiib-delhi-pgdm-admission-2027-29"
"https://careerwithmohit.online/blog/fostiima-business-school-review-2027-29","FOSTIIMA Business School Review 2027–2029: PGDM Fees, Placements, Cutoffs & Honest Verdict","FOSTIIMA Business School review 2027","1873","Exams","2026-09-10","Duplicate (fostiima-business-school)","Merge unique insights into Master & 301 Redirect to https://careerwithmohit.online/blog/fostiima-business-school-mba-pgdm-review-2027-fees-placements-cutoff","https://careerwithmohit.online/blog/fostiima-business-school-mba-pgdm-review-2027-fees-placements-cutoff"
"https://careerwithmohit.online/blog/gibs-bangalore-review-2027-29","GIBS Bangalore MBA & PGDM Review 2027–29: Fees, Placements, Cutoffs & ROI Analysis","GIBS Bangalore MBA review 2027–29","2428","Exams","2026-09-22","Duplicate (gibs-bangalore)","Merge unique insights into Master & 301 Redirect to https://careerwithmohit.online/blog/gibs-bangalore-mba-pgdm-review-2027-fees-placements-cutoff","https://careerwithmohit.online/blog/gibs-bangalore-mba-pgdm-review-2027-fees-placements-cutoff"
"https://careerwithmohit.online/blog/gl-bajaj-greater-noida-pgdm-admission-2027-29","GL Bajaj Institute of Management & Research (GLBIMR) MBA / PGDM Admission 2027-29: Fees, Approvals, Placements, PPO, Certifications & Faculty Review","GL Bajaj Institute of Management & Research (GLBIMR) admission 2027-29","1318","Exams","2026-09-18","Duplicate (gl-bajaj-greater-noida)","Merge unique insights into Master & 301 Redirect to https://careerwithmohit.online/blog/gl-bajaj-greater-noida-mba-pgdm-review-2027-fees-placements-cutoff","https://careerwithmohit.online/blog/gl-bajaj-greater-noida-mba-pgdm-review-2027-fees-placements-cutoff"
"https://careerwithmohit.online/blog/gniot-greater-noida-mba-pgdm-admission-2027-29","Greater Noida Institute of Technology (GNIOT) MBA / PGDM Admission 2027-29: Fees, Approvals, Placements, PPO, Certifications & Faculty Review","Greater Noida Institute of Technology (GNIOT) admission 2027-29","1309","Exams","2026-09-18","Duplicate (gniot-greater-noida)","Merge unique insights into Master & 301 Redirect to https://careerwithmohit.online/blog/gniot-greater-noida-mba-pgdm-review-2027-fees-placements-cutoff","https://careerwithmohit.online/blog/gniot-greater-noida-mba-pgdm-review-2027-fees-placements-cutoff"
"https://careerwithmohit.online/blog/hierank-noida-review-2027-29","Hierank Business School Review 2027–29: Fees, Placements, Cutoffs & ROI Analysis","Hierank Business School review 2027–29","1310","Exams","2026-08-03","Duplicate (hierank-noida)","Merge unique insights into Master & 301 Redirect to https://careerwithmohit.online/blog/hierank-noida-mba-pgdm-review-2027-fees-placements-cutoff","https://careerwithmohit.online/blog/hierank-noida-mba-pgdm-review-2027-fees-placements-cutoff"
"https://careerwithmohit.online/blog/iba-bangalore-review-2027-29","Indus Business Academy (IBA Bangalore) Review 2027–29: Fees, Placements, Cutoffs & ROI Analysis","Indus Business Academy (IBA Bangalore) review 2027–29","1336","Exams","2026-08-03","Duplicate (iba-bangalore)","Merge unique insights into Master & 301 Redirect to https://careerwithmohit.online/blog/iba-bangalore-mba-pgdm-review-2027-fees-placements-cutoff","https://careerwithmohit.online/blog/iba-bangalore-mba-pgdm-review-2027-fees-placements-cutoff"
"https://careerwithmohit.online/blog/ibi-greater-noida-review-2027-29","I Business Institute (IBI) Review 2027–29: Fees, Placements, Cutoffs & ROI Analysis","I Business Institute (IBI) review 2027–29","1348","Exams","2026-08-03","Duplicate (ibi-greater-noida)","Merge unique insights into Master & 301 Redirect to https://careerwithmohit.online/blog/ibi-greater-noida-mba-pgdm-review-2027-fees-placements-cutoff","https://careerwithmohit.online/blog/ibi-greater-noida-mba-pgdm-review-2027-fees-placements-cutoff"
"https://careerwithmohit.online/blog/ibmr-gurgaon-mba-pgdm-admission-2027-29","IBMR Group of Institutions (IBMR Gurgaon) MBA / PGDM Admission 2027-29: Fees, Approvals, Placements, PPO, Certifications & Faculty Review","IBMR Group of Institutions (IBMR Gurgaon) admission 2027-29","1331","Exams","2026-09-18","Duplicate (ibmr-gurgaon)","Merge unique insights into Master & 301 Redirect to https://careerwithmohit.online/blog/ibmr-gurgaon-mba-pgdm-review-2027-fees-placements-cutoff","https://careerwithmohit.online/blog/ibmr-gurgaon-mba-pgdm-review-2027-fees-placements-cutoff"
"https://careerwithmohit.online/blog/iibs-bangalore-mba-pgdm-admission-2027-29","International Institute of Business Studies (IIBS) MBA / PGDM Admission 2027-29: Fees, Approvals, Placements, PPO, Certifications & Faculty Review","International Institute of Business Studies (IIBS) admission 2027-29","1292","Exams","2026-09-18","Duplicate (iibs-bangalore)","Merge unique insights into Master & 301 Redirect to https://careerwithmohit.online/blog/iibs-bangalore-mba-pgdm-review-2027-fees-placements-cutoff","https://careerwithmohit.online/blog/iibs-bangalore-mba-pgdm-review-2027-fees-placements-cutoff"
"https://careerwithmohit.online/blog/iiebm-indus-pune-review-2027-29","IIEBM (Indus Business School) Review 2027–29: Fees, Placements, Cutoffs & ROI Analysis","IIEBM (Indus Business School) review 2027–29","1317","Exams","2026-08-03","Duplicate (iiebm-indus-pune)","Merge unique insights into Master & 301 Redirect to https://careerwithmohit.online/blog/iiebm-indus-pune-mba-pgdm-review-2027-fees-placements-cutoff","https://careerwithmohit.online/blog/iiebm-indus-pune-mba-pgdm-review-2027-fees-placements-cutoff"
"https://careerwithmohit.online/blog/iiebm-pune-review-2027-29","IIEBM Pune Review (2026-2027): Real Placements, Fees & Cutoffs–29: PGDM with SAP (PGPERP) Advantage","IIEBM Pune review 2027–29","540","Exams","2026-03-14","Duplicate (iiebm-pune)","Merge unique insights into Master & 301 Redirect to https://careerwithmohit.online/blog/iiebm-pune-mba-pgdm-review-2027-fees-placements-cutoff","https://careerwithmohit.online/blog/iiebm-pune-mba-pgdm-review-2027-fees-placements-cutoff"
"https://careerwithmohit.online/blog/iilm-gurgaon-review-2027-29","IILM University (Gurugram Campus) Review 2027–29: Fees, Placements, Cutoffs & ROI Analysis","IILM University (Gurugram Campus) review 2027–29","1342","Exams","2026-08-03","Duplicate (iilm-gurgaon)","Merge unique insights into Master & 301 Redirect to https://careerwithmohit.online/blog/iilm-gurgaon-mba-pgdm-review-2027-fees-placements-cutoff","https://careerwithmohit.online/blog/iilm-gurgaon-mba-pgdm-review-2027-fees-placements-cutoff"
"https://careerwithmohit.online/blog/iilm-jaipur-pgdm-admission-2027-29","IILM Academy of Higher Learning MBA / PGDM Admission 2027-29: Fees, Approvals, Placements, PPO, Certifications & Faculty Review","IILM Academy of Higher Learning admission 2027-29","1244","Exams","2026-09-18","Duplicate (iilm-jaipur)","Merge unique insights into Master & 301 Redirect to https://careerwithmohit.online/blog/iilm-jaipur-mba-pgdm-review-2027-fees-placements-cutoff","https://careerwithmohit.online/blog/iilm-jaipur-mba-pgdm-review-2027-fees-placements-cutoff"
"https://careerwithmohit.online/blog/iilm-university-greater-noida-mba-admission-2027-29","IILM University (Greater Noida Campus) MBA / PGDM Admission 2027-29: Fees, Approvals, Placements, PPO, Certifications & Faculty Review","IILM University (Greater Noida Campus) admission 2027-29","1293","Exams","2026-09-18","Duplicate (iilm-university-greater-noida)","Merge unique insights into Master & 301 Redirect to https://careerwithmohit.online/blog/iilm-university-greater-noida-mba-pgdm-review-2027-fees-placements-cutoff","https://careerwithmohit.online/blog/iilm-university-greater-noida-mba-pgdm-review-2027-fees-placements-cutoff"
"https://careerwithmohit.online/blog/iim-ahmedabad-review-2027-29","IIM Ahmedabad Review 2027–29: Fees, Placements, Cutoffs & ROI Analysis","IIM Ahmedabad review 2027–29","1270","Exams","2026-08-03","Duplicate (iim-ahmedabad)","Merge unique insights into Master & 301 Redirect to https://careerwithmohit.online/blog/iim-ahmedabad-mba-review-2027-fees-placements-cutoff","https://careerwithmohit.online/blog/iim-ahmedabad-mba-review-2027-fees-placements-cutoff"
"https://careerwithmohit.online/blog/iim-amritsar-review-2027-29","IIM Amritsar Review 2027–29: Fees, Placements, Cutoffs & ROI Analysis","IIM Amritsar review 2027–29","1280","Exams","2026-08-03","Duplicate (iim-amritsar)","Merge unique insights into Master & 301 Redirect to https://careerwithmohit.online/blog/iim-amritsar-mba-review-2027-fees-placements-cutoff","https://careerwithmohit.online/blog/iim-amritsar-mba-review-2027-fees-placements-cutoff"
"https://careerwithmohit.online/blog/iim-bodh-gaya-review-2027-29","IIM Bodh Gaya Review 2027–29: Fees, Placements, Cutoffs & ROI Analysis","IIM Bodh Gaya review 2027–29","1297","Exams","2026-08-03","Duplicate (iim-bodh-gaya)","Merge unique insights into Master & 301 Redirect to https://careerwithmohit.online/blog/iim-bodh-gaya-mba-review-2027-fees-placements-cutoff","https://careerwithmohit.online/blog/iim-bodh-gaya-mba-review-2027-fees-placements-cutoff"
"https://careerwithmohit.online/blog/iim-calcutta-review-2027-29","IIM Calcutta Review 2027–29: Fees, Placements, Cutoffs & ROI Analysis","IIM Calcutta review 2027–29","1274","Exams","2026-08-03","Duplicate (iim-calcutta)","Merge unique insights into Master & 301 Redirect to https://careerwithmohit.online/blog/iim-calcutta-mba-review-2027-fees-placements-cutoff","https://careerwithmohit.online/blog/iim-calcutta-mba-review-2027-fees-placements-cutoff"
"https://careerwithmohit.online/blog/iim-indore-review-2027-29","IIM Indore Review 2027–29: Fees, Placements, Cutoffs & ROI Analysis","IIM Indore review 2027–29","1284","Exams","2026-08-03","Duplicate (iim-indore)","Merge unique insights into Master & 301 Redirect to https://careerwithmohit.online/blog/iim-indore-mba-review-2027-fees-placements-cutoff","https://careerwithmohit.online/blog/iim-indore-mba-review-2027-fees-placements-cutoff"
"https://careerwithmohit.online/blog/iim-jammu-review-2027-29","IIM Jammu Review 2027–29: Fees, Placements, Cutoffs & ROI Analysis","IIM Jammu review 2027–29","1280","Exams","2026-08-03","Duplicate (iim-jammu)","Merge unique insights into Master & 301 Redirect to https://careerwithmohit.online/blog/iim-jammu-mba-review-2027-fees-placements-cutoff","https://careerwithmohit.online/blog/iim-jammu-mba-review-2027-fees-placements-cutoff"
"https://careerwithmohit.online/blog/iim-kashipur-review-2027-29","IIM Kashipur Review 2027–29: Fees, Placements, Cutoffs & ROI Analysis","IIM Kashipur review 2027–29","1279","Exams","2026-08-03","Duplicate (iim-kashipur)","Merge unique insights into Master & 301 Redirect to https://careerwithmohit.online/blog/iim-kashipur-mba-review-2027-fees-placements-cutoff","https://careerwithmohit.online/blog/iim-kashipur-mba-review-2027-fees-placements-cutoff"
"https://careerwithmohit.online/blog/iim-kozhikode-review-2027-29","IIM Kozhikode Review 2027–29: Fees, Placements, Cutoffs & ROI Analysis","IIM Kozhikode review 2027–29","1282","Exams","2026-08-03","Duplicate (iim-kozhikode)","Merge unique insights into Master & 301 Redirect to https://careerwithmohit.online/blog/iim-kozhikode-mba-review-2027-fees-placements-cutoff","https://careerwithmohit.online/blog/iim-kozhikode-mba-review-2027-fees-placements-cutoff"
"https://careerwithmohit.online/blog/iim-nagpur-review-2027-29","IIM Nagpur Review 2027–29: Fees, Placements, Cutoffs & ROI Analysis","IIM Nagpur review 2027–29","1281","Exams","2026-08-03","Duplicate (iim-nagpur)","Merge unique insights into Master & 301 Redirect to https://careerwithmohit.online/blog/iim-nagpur-mba-review-2027-fees-placements-cutoff","https://careerwithmohit.online/blog/iim-nagpur-mba-review-2027-fees-placements-cutoff"
"https://careerwithmohit.online/blog/iim-raipur-review-2027-29","IIM Raipur Review 2027–29: Fees, Placements, Cutoffs & ROI Analysis","IIM Raipur review 2027–29","1281","Exams","2026-08-03","Duplicate (iim-raipur)","Merge unique insights into Master & 301 Redirect to https://careerwithmohit.online/blog/iim-raipur-mba-review-2027-fees-placements-cutoff","https://careerwithmohit.online/blog/iim-raipur-mba-review-2027-fees-placements-cutoff"
"https://careerwithmohit.online/blog/iim-ranchi-review-2027-29","IIM Ranchi Review 2027–29: Fees, Placements, Cutoffs & ROI Analysis","IIM Ranchi review 2027–29","1280","Exams","2026-08-03","Duplicate (iim-ranchi)","Merge unique insights into Master & 301 Redirect to https://careerwithmohit.online/blog/iim-ranchi-mba-review-2027-fees-placements-cutoff","https://careerwithmohit.online/blog/iim-ranchi-mba-review-2027-fees-placements-cutoff"
"https://careerwithmohit.online/blog/iim-rohtak-review-2027-29","IIM Rohtak Review 2027–29: Fees, Placements, Cutoffs & ROI Analysis","IIM Rohtak review 2027–29","1279","Exams","2026-08-03","Duplicate (iim-rohtak)","Merge unique insights into Master & 301 Redirect to https://careerwithmohit.online/blog/iim-rohtak-mba-review-2027-fees-placements-cutoff","https://careerwithmohit.online/blog/iim-rohtak-mba-review-2027-fees-placements-cutoff"
"https://careerwithmohit.online/blog/iim-sambalpur-review-2027-29","IIM Sambalpur Review 2027–29: Fees, Placements, Cutoffs & ROI Analysis","IIM Sambalpur review 2027–29","1279","Exams","2026-08-03","Duplicate (iim-sambalpur)","Merge unique insights into Master & 301 Redirect to https://careerwithmohit.online/blog/iim-sambalpur-mba-review-2027-fees-placements-cutoff","https://careerwithmohit.online/blog/iim-sambalpur-mba-review-2027-fees-placements-cutoff"
"https://careerwithmohit.online/blog/iim-shillong-review-2027-29","IIM Shillong Review 2027–29: Fees, Placements, Cutoffs & ROI Analysis","IIM Shillong review 2027–29","1286","Exams","2026-08-03","Duplicate (iim-shillong)","Merge unique insights into Master & 301 Redirect to https://careerwithmohit.online/blog/iim-shillong-mba-review-2027-fees-placements-cutoff","https://careerwithmohit.online/blog/iim-shillong-mba-review-2027-fees-placements-cutoff"
"https://careerwithmohit.online/blog/iim-sirmaur-review-2027-29","IIM Sirmaur Review 2027–29: Fees, Placements, Cutoffs & ROI Analysis","IIM Sirmaur review 2027–29","1284","Exams","2026-08-03","Duplicate (iim-sirmaur)","Merge unique insights into Master & 301 Redirect to https://careerwithmohit.online/blog/iim-sirmaur-mba-review-2027-fees-placements-cutoff","https://careerwithmohit.online/blog/iim-sirmaur-mba-review-2027-fees-placements-cutoff"
"https://careerwithmohit.online/blog/iim-trichy-review-2027-29","IIM Trichy (Tiruchirappalli) Review 2027–29: Fees, Placements, Cutoffs & ROI Analysis","IIM Trichy (Tiruchirappalli) review 2027–29","1302","Exams","2026-08-03","Duplicate (iim-trichy)","Merge unique insights into Master & 301 Redirect to https://careerwithmohit.online/blog/iim-trichy-mba-review-2027-fees-placements-cutoff","https://careerwithmohit.online/blog/iim-trichy-mba-review-2027-fees-placements-cutoff"
"https://careerwithmohit.online/blog/iim-udaipur-review-2027-29","IIM Udaipur Review 2027–29: Fees, Placements, Cutoffs & ROI Analysis","IIM Udaipur review 2027–29","1279","Exams","2026-08-03","Duplicate (iim-udaipur)","Merge unique insights into Master & 301 Redirect to https://careerwithmohit.online/blog/iim-udaipur-mba-review-2027-fees-placements-cutoff","https://careerwithmohit.online/blog/iim-udaipur-mba-review-2027-fees-placements-cutoff"
"https://careerwithmohit.online/blog/iim-visakhapatnam-review-2027-29","IIM Visakhapatnam Review 2027–29: Fees, Placements, Cutoffs & ROI Analysis","IIM Visakhapatnam review 2027–29","1288","Exams","2026-08-03","Duplicate (iim-visakhapatnam)","Merge unique insights into Master & 301 Redirect to https://careerwithmohit.online/blog/iim-visakhapatnam-mba-review-2027-fees-placements-cutoff","https://careerwithmohit.online/blog/iim-visakhapatnam-mba-review-2027-fees-placements-cutoff"
"https://careerwithmohit.online/blog/imm-delhi-pgdm-review-2027-29","IMM Delhi PGDM Review 2027–29: Placements, Fees & Honest Insights","IMM Delhi review 2027–29","915","Jobs & Careers","2026-05-03","Duplicate (imm-delhi)","Merge unique insights into Master & 301 Redirect to https://careerwithmohit.online/blog/imm-delhi-mba-pgdm-review-2027-fees-placements-cutoff","https://careerwithmohit.online/blog/imm-delhi-mba-pgdm-review-2027-fees-placements-cutoff"
"https://careerwithmohit.online/blog/imm-qutab-review-2027-29","Institute of Marketing & Management (IMM) Review 2027–29: Fees, Placements, Cutoffs & ROI Analysis","Institute of Marketing & Management (IMM) review 2027–29","1346","Exams","2026-08-03","Duplicate (imm-qutab)","Merge unique insights into Master & 301 Redirect to https://careerwithmohit.online/blog/imm-qutab-mba-pgdm-review-2027-fees-placements-cutoff","https://careerwithmohit.online/blog/imm-qutab-mba-pgdm-review-2027-fees-placements-cutoff"
"https://careerwithmohit.online/blog/isbm-gurgaon-review-2027-29","ISB&M Gurgaon (International School of Business & Media) Review 2027–29: Fees, Placements, Cutoffs & ROI Analysis","ISB&M Gurgaon (International School of Business & Media) review 2027–29","1375","Exams","2026-08-03","Duplicate (isbm-gurgaon)","Merge unique insights into Master & 301 Redirect to https://careerwithmohit.online/blog/isbm-gurgaon-mba-pgdm-review-2027-fees-placements-cutoff","https://careerwithmohit.online/blog/isbm-gurgaon-mba-pgdm-review-2027-fees-placements-cutoff"
"https://careerwithmohit.online/blog/isbr-bangalore-review-2027-29","ISBR Business School (Bangalore) Review 2027–29: Fees, Placements, Cutoffs & ROI Analysis","ISBR Business School (Bangalore) review 2027–29","1295","Exams","2026-08-03","Duplicate (isbr-bangalore)","Merge unique insights into Master & 301 Redirect to https://careerwithmohit.online/blog/isbr-bangalore-mba-pgdm-review-2027-fees-placements-cutoff","https://careerwithmohit.online/blog/isbr-bangalore-mba-pgdm-review-2027-fees-placements-cutoff"
"https://careerwithmohit.online/blog/isme-bangalore-pgdm-admission-2027-29","International School of Management Excellence (ISME) MBA / PGDM Admission 2027-29: Fees, Approvals, Placements, PPO, Certifications & Faculty Review","International School of Management Excellence (ISME) admission 2027-29","1297","Exams","2026-09-18","Duplicate (isme-bangalore)","Merge unique insights into Master & 301 Redirect to https://careerwithmohit.online/blog/isme-bangalore-mba-pgdm-review-2027-fees-placements-cutoff","https://careerwithmohit.online/blog/isme-bangalore-mba-pgdm-review-2027-fees-placements-cutoff"
"https://careerwithmohit.online/blog/isms-pune-mba-pgdm-admission-2027-29","International School of Management Studies (ISMS Pune) MBA / PGDM Admission 2027-29: Fees, Approvals, Placements, PPO, Certifications & Faculty Review","International School of Management Studies (ISMS Pune) admission 2027-29","1323","Exams","2026-09-18","Duplicate (isms-pune)","Merge unique insights into Master & 301 Redirect to https://careerwithmohit.online/blog/isms-pune-mba-pgdm-review-2027-fees-placements-cutoff","https://careerwithmohit.online/blog/isms-pune-mba-pgdm-review-2027-fees-placements-cutoff"
"https://careerwithmohit.online/blog/itm-navi-mumbai-pgdm-admission-2027-29","ITM Business School MBA / PGDM Admission 2027-29: Fees, Approvals, Placements, PPO, Certifications & Faculty Review","ITM Business School admission 2027-29","1296","Exams","2026-09-18","Duplicate (itm-navi-mumbai)","Merge unique insights into Master & 301 Redirect to https://careerwithmohit.online/blog/itm-navi-mumbai-mba-pgdm-review-2027-fees-placements-cutoff","https://careerwithmohit.online/blog/itm-navi-mumbai-mba-pgdm-review-2027-fees-placements-cutoff"
"https://careerwithmohit.online/blog/its-ghaziabad-mohan-nagar-mba-pgdm-admission-2027-29","Institute of Technology & Science (ITS Ghaziabad) MBA / PGDM Admission 2027-29: Fees, Approvals, Placements, PPO, Certifications & Faculty Review","Institute of Technology & Science (ITS Ghaziabad) admission 2027-29","1321","Exams","2026-09-18","Duplicate (its-ghaziabad-mohan-nagar)","Merge unique insights into Master & 301 Redirect to https://careerwithmohit.online/blog/its-ghaziabad-mohan-nagar-mba-pgdm-review-2027-fees-placements-cutoff","https://careerwithmohit.online/blog/its-ghaziabad-mohan-nagar-mba-pgdm-review-2027-fees-placements-cutoff"
"https://careerwithmohit.online/blog/its-ghaziabad-review-2027-29","ITS Ghaziabad (Mohan Nagar) Review 2027–29: Fees, Placements, Cutoffs & ROI Analysis","ITS Ghaziabad (Mohan Nagar) review 2027–29","1343","Exams","2026-08-03","Duplicate (its-ghaziabad)","Merge unique insights into Master & 301 Redirect to https://careerwithmohit.online/blog/its-ghaziabad-mba-pgdm-review-2027-fees-placements-cutoff","https://careerwithmohit.online/blog/its-ghaziabad-mba-pgdm-review-2027-fees-placements-cutoff"
"https://careerwithmohit.online/blog/jagsom-mumbai-karjat-review-2027-29","JAGSoM (Jagdish Sheth School of Management) Review 2027–29: Fees, Placements, Cutoffs & ROI Analysis","JAGSoM (Jagdish Sheth School of Management) review 2027–29","1348","Exams","2026-08-03","Duplicate (jagsom-mumbai-karjat)","Merge unique insights into Master & 301 Redirect to https://careerwithmohit.online/blog/jagsom-mumbai-karjat-mba-pgdm-review-2027-fees-placements-cutoff","https://careerwithmohit.online/blog/jagsom-mumbai-karjat-mba-pgdm-review-2027-fees-placements-cutoff"
"https://careerwithmohit.online/blog/jaipuria-school-of-business-ghaziabad-pgdm-admission-2027-29","Jaipuria School of Business (JSB) MBA / PGDM Admission 2027-29: Fees, Approvals, Placements, PPO, Certifications & Faculty Review","Jaipuria School of Business (JSB) admission 2027-29","1253","Exams","2026-09-18","Duplicate (jaipuria-school-of-business-ghaziabad)","Merge unique insights into Master & 301 Redirect to https://careerwithmohit.online/blog/jaipuria-school-of-business-ghaziabad-mba-pgdm-review-2027-fees-placements-cutoff","https://careerwithmohit.online/blog/jaipuria-school-of-business-ghaziabad-mba-pgdm-review-2027-fees-placements-cutoff"
"https://careerwithmohit.online/blog/jims-kalkaji-review-2027-29","JIMS Kalkaji Review 2027–2029: PGDM Fees, Placements, Cutoffs & Honest Verdict","JIMS Kalkaji review 2027","1773","Exams","2026-09-10","Duplicate (jims-kalkaji)","Merge unique insights into Master & 301 Redirect to https://careerwithmohit.online/blog/jims-kalkaji-mba-pgdm-review-2027-fees-placements-cutoff","https://careerwithmohit.online/blog/jims-kalkaji-mba-pgdm-review-2027-fees-placements-cutoff"
"https://careerwithmohit.online/blog/js-kothari-mumbai-review-2027-29","J.S. Kothari Business School Review 2027–29: Fees, Placements, Cutoffs & ROI Analysis","J.S. Kothari Business School review 2027–29","1323","Exams","2026-08-03","Duplicate (js-kothari-mumbai)","Merge unique insights into Master & 301 Redirect to https://careerwithmohit.online/blog/js-kothari-mumbai-mba-pgdm-review-2027-fees-placements-cutoff","https://careerwithmohit.online/blog/js-kothari-mumbai-mba-pgdm-review-2027-fees-placements-cutoff"
"https://careerwithmohit.online/blog/lexicon-mile-pune-pgdm-admission-2027-29","Lexicon Management Institute of Leadership & Excellence (Lexicon MILE) MBA / PGDM Admission 2027-29: Fees, Approvals, Placements, PPO, Certifications & Faculty Review","Lexicon Management Institute of Leadership & Excellence (Lexicon MILE) admission 2027-29","1281","Exams","2026-09-18","Duplicate (lexicon-mile-pune)","Merge unique insights into Master & 301 Redirect to https://careerwithmohit.online/blog/lexicon-mile-pune-mba-pgdm-review-2027-fees-placements-cutoff","https://careerwithmohit.online/blog/lexicon-mile-pune-mba-pgdm-review-2027-fees-placements-cutoff"
"https://careerwithmohit.online/blog/lloyd-business-school-greater-noida-mba-pgdm-admission-2027-29","Lloyd Business School MBA / PGDM Admission 2027-29: Fees, Approvals, Placements, PPO, Certifications & Faculty Review","Lloyd Business School admission 2027-29","1315","Exams","2026-09-18","Duplicate (lloyd-business-school-greater-noida)","Merge unique insights into Master & 301 Redirect to https://careerwithmohit.online/blog/lloyd-business-school-greater-noida-mba-pgdm-review-2027-fees-placements-cutoff","https://careerwithmohit.online/blog/lloyd-business-school-greater-noida-mba-pgdm-review-2027-fees-placements-cutoff"
"https://careerwithmohit.online/blog/lloyd-greater-noida-review-2027-29","Lloyd Business School Review 2027–29: Fees, Placements, Cutoffs & ROI Analysis","Lloyd Business School review 2027–29","1321","Exams","2026-08-03","Duplicate (lloyd-greater-noida)","Merge unique insights into Master & 301 Redirect to https://careerwithmohit.online/blog/lloyd-greater-noida-mba-pgdm-review-2027-fees-placements-cutoff","https://careerwithmohit.online/blog/lloyd-greater-noida-mba-pgdm-review-2027-fees-placements-cutoff"
"https://careerwithmohit.online/blog/maims-rohini-review-2027-29","Maharaja Agrasen Institute of Management Studies (MAIMS) Review 2027–29: Fees, Placements, Cutoffs & ROI Analysis","Maharaja Agrasen Institute of Management Studies (MAIMS) review 2027–29","1365","Exams","2026-08-03","Duplicate (maims-rohini)","Merge unique insights into Master & 301 Redirect to https://careerwithmohit.online/blog/maims-rohini-mba-pgdm-review-2027-fees-placements-cutoff","https://careerwithmohit.online/blog/maims-rohini-mba-pgdm-review-2027-fees-placements-cutoff"
"https://careerwithmohit.online/blog/mangalmay-greater-noida-review-2027-29","Mangalmay Institute of Management and Technology Review 2027–29: Fees, Placements, Cutoffs & ROI Analysis","Mangalmay Institute of Management and Technology review 2027–29","1382","Exams","2026-08-03","Duplicate (mangalmay-greater-noida)","Merge unique insights into Master & 301 Redirect to https://careerwithmohit.online/blog/mangalmay-greater-noida-mba-pgdm-review-2027-fees-placements-cutoff","https://careerwithmohit.online/blog/mangalmay-greater-noida-mba-pgdm-review-2027-fees-placements-cutoff"
"https://careerwithmohit.online/blog/meri-delhi-mba-pgdm-admission-2027-29","Management Education & Research Institute (MERI) MBA / PGDM Admission 2027-29: Fees, Approvals, Placements, PPO, Certifications & Faculty Review","Management Education & Research Institute (MERI) admission 2027-29","1278","Exams","2026-09-18","Duplicate (meri-delhi)","Merge unique insights into Master & 301 Redirect to https://careerwithmohit.online/blog/meri-delhi-mba-pgdm-review-2027-fees-placements-cutoff","https://careerwithmohit.online/blog/meri-delhi-mba-pgdm-review-2027-fees-placements-cutoff"
"https://careerwithmohit.online/blog/meri-janakpuri-mba-review-2027-29","MERI Janakpuri MBA Review 2027–29: Fees, Placements & Why it's a Top ROI Choice","MERI Janakpuri review 2027–29","807","Online Degrees","2026-03-31","Duplicate (meri-janakpuri)","Merge unique insights into Master & 301 Redirect to https://careerwithmohit.online/blog/meri-janakpuri-mba-pgdm-review-2027-fees-placements-cutoff","https://careerwithmohit.online/blog/meri-janakpuri-mba-pgdm-review-2027-fees-placements-cutoff"
"https://careerwithmohit.online/blog/ndiit-kalkaji-review-2027-29","New Delhi Institute of Info Tech & Management (NDIIT) Review 2027–29: Fees, Placements, Cutoffs & ROI Analysis","New Delhi Institute of Info Tech & Management (NDIIT) review 2027–29","1427","Exams","2026-08-03","Duplicate (ndiit-kalkaji)","Merge unique insights into Master & 301 Redirect to https://careerwithmohit.online/blog/ndiit-kalkaji-mba-pgdm-review-2027-fees-placements-cutoff","https://careerwithmohit.online/blog/ndiit-kalkaji-mba-pgdm-review-2027-fees-placements-cutoff"
"https://careerwithmohit.online/blog/ndim-delhi-review-2027-29","NDIM Delhi Review 2027–29–2027: PGDM Fees, Placements, Cutoffs, Direct Admission & Honest Verdict","NDIM Delhi review","2635","Exams","2026-09-10","Duplicate (ndim-delhi)","Merge unique insights into Master & 301 Redirect to https://careerwithmohit.online/blog/ndim-delhi-mba-pgdm-review-2027-fees-placements-cutoff","https://careerwithmohit.online/blog/ndim-delhi-mba-pgdm-review-2027-fees-placements-cutoff"
"https://careerwithmohit.online/blog/niet-greater-noida-review-2027-29","Noida Institute of Engineering & Technology (NIET) Review 2027–29: Fees, Placements, Cutoffs & ROI Analysis","Noida Institute of Engineering & Technology (NIET) review 2027–29","1399","Exams","2026-08-03","Duplicate (niet-greater-noida)","Merge unique insights into Master & 301 Redirect to https://careerwithmohit.online/blog/niet-greater-noida-mba-pgdm-review-2027-fees-placements-cutoff","https://careerwithmohit.online/blog/niet-greater-noida-mba-pgdm-review-2027-fees-placements-cutoff"
"https://careerwithmohit.online/blog/nmims-hyderabad-review-2027-29","NMIMS Hyderabad Review 2027–29: Fees, Placements, Cutoffs & ROI Analysis","NMIMS Hyderabad review 2027–29","1293","Exams","2026-08-03","Duplicate (nmims-hyderabad)","Merge unique insights into Master & 301 Redirect to https://careerwithmohit.online/blog/nmims-hyderabad-mba-review-2027-fees-placements-cutoff","https://careerwithmohit.online/blog/nmims-hyderabad-mba-review-2027-fees-placements-cutoff"
"https://careerwithmohit.online/blog/nmims-indore-review-2027-29","NMIMS Indore Review 2027–29: Fees, Placements, Cutoffs & ROI Analysis","NMIMS Indore review 2027–29","1295","Exams","2026-08-03","Duplicate (nmims-indore)","Merge unique insights into Master & 301 Redirect to https://careerwithmohit.online/blog/nmims-indore-mba-review-2027-fees-placements-cutoff","https://careerwithmohit.online/blog/nmims-indore-mba-review-2027-fees-placements-cutoff"
"https://careerwithmohit.online/blog/nmims-navi-mumbai-review-2027-29","NMIMS Navi Mumbai Review 2027–29: Fees, Placements, Cutoffs & ROI Analysis","NMIMS Navi Mumbai review 2027–29","1312","Exams","2026-08-03","Duplicate (nmims-navi-mumbai)","Merge unique insights into Master & 301 Redirect to https://careerwithmohit.online/blog/nmims-navi-mumbai-mba-review-2027-fees-placements-cutoff","https://careerwithmohit.online/blog/nmims-navi-mumbai-mba-review-2027-fees-placements-cutoff"
"https://careerwithmohit.online/blog/pibm-pune-review-2027-29","PIBM Pune Review 2027–29: Industry-Focused Placements & Training","[PIBM Pune](/colleges/pibm-pune/) review 2027–29","578","Exams","2026-03-14","Duplicate (pibm-pune)","Merge unique insights into Master & 301 Redirect to https://careerwithmohit.online/blog/pibm-pune-mba-pgdm-review-2027-fees-placements-cutoff","https://careerwithmohit.online/blog/pibm-pune-mba-pgdm-review-2027-fees-placements-cutoff"
"https://careerwithmohit.online/blog/quantum-university-roorkee-review-2027-29","Quantum University, Roorkee Review 2027–29: Placements, Fees, Courses & Admission","Quantum University Roorkee review 2027–29","1302","Jobs & Careers","2026-08-03","Duplicate (quantum-university-roorkee)","Merge unique insights into Master & 301 Redirect to https://careerwithmohit.online/blog/quantum-university-roorkee-mba-pgdm-review-2027-fees-placements-cutoff","https://careerwithmohit.online/blog/quantum-university-roorkee-mba-pgdm-review-2027-fees-placements-cutoff"
"https://careerwithmohit.online/blog/riim-pune-mba-pgdm-admission-2027-29","Ramachandran International Institute of Management (RIIM Pune) MBA / PGDM Admission 2027-29: Fees, Approvals, Placements, PPO, Certifications & Faculty Review","Ramachandran International Institute of Management (RIIM Pune) admission 2027-29","1375","Exams","2026-09-18","Duplicate (riim-pune)","Merge unique insights into Master & 301 Redirect to https://careerwithmohit.online/blog/riim-pune-mba-pgdm-review-2027-fees-placements-cutoff","https://careerwithmohit.online/blog/riim-pune-mba-pgdm-review-2027-fees-placements-cutoff"
"https://careerwithmohit.online/blog/scit-pune-review-2027-29","SCIT Pune (Symbiosis Centre for Information Technology) Review 2027–29: Fees, Placements, Cutoffs & ROI Analysis","SCIT Pune (Symbiosis Centre for Information Technology) review 2027–29","1368","Exams","2026-08-03","Duplicate (scit-pune)","Merge unique insights into Master & 301 Redirect to https://careerwithmohit.online/blog/scit-pune-mba-review-2027-fees-placements-cutoff","https://careerwithmohit.online/blog/scit-pune-mba-review-2027-fees-placements-cutoff"
"https://careerwithmohit.online/blog/scmhrd-pune-review-2027-29","SCMHRD Pune MBA Review 2027–29: Placements, Fees, and HR Core","[SCMHRD Pune](/colleges/scmhrd-pune/) review 2027–29","539","Jobs & Careers","2026-03-14","Duplicate (scmhrd-pune)","Merge unique insights into Master & 301 Redirect to https://careerwithmohit.online/blog/scmhrd-pune-mba-review-2027-fees-placements-cutoff","https://careerwithmohit.online/blog/scmhrd-pune-mba-review-2027-fees-placements-cutoff"
"https://careerwithmohit.online/blog/sibm-hyderabad-review-2027-29","SIBM Hyderabad Review 2027–29: Fees, Placements, Cutoffs & ROI Analysis","SIBM Hyderabad review 2027–29","1284","Exams","2026-08-03","Duplicate (sibm-hyderabad)","Merge unique insights into Master & 301 Redirect to https://careerwithmohit.online/blog/sibm-hyderabad-mba-review-2027-fees-placements-cutoff","https://careerwithmohit.online/blog/sibm-hyderabad-mba-review-2027-fees-placements-cutoff"
"https://careerwithmohit.online/blog/sidtm-pune-review-2027-29","SIDTM Pune (Symbiosis Institute of Digital and Telecom Management) Review 2027–29: Fees, Placements, Cutoffs & ROI Analysis","SIDTM Pune (Symbiosis Institute of Digital and Telecom Management) review 2027–29","1402","Exams","2026-08-03","Duplicate (sidtm-pune)","Merge unique insights into Master & 301 Redirect to https://careerwithmohit.online/blog/sidtm-pune-mba-review-2027-fees-placements-cutoff","https://careerwithmohit.online/blog/sidtm-pune-mba-review-2027-fees-placements-cutoff"
"https://careerwithmohit.online/blog/siib-pune-review-2027-29","SIIB Pune (Symbiosis Institute of International Business) Review 2027–29: Fees, Placements, Cutoffs & ROI Analysis","SIIB Pune (Symbiosis Institute of International Business) review 2027–29","1369","Exams","2026-08-03","Duplicate (siib-pune)","Merge unique insights into Master & 301 Redirect to https://careerwithmohit.online/blog/siib-pune-mba-review-2027-fees-placements-cutoff","https://careerwithmohit.online/blog/siib-pune-mba-review-2027-fees-placements-cutoff"
"https://careerwithmohit.online/blog/sparsh-greater-noida-review-2027-29","Sparsh Global Business School (SGBS) Review 2027–29: Fees, Placements, Cutoffs & ROI Analysis","Sparsh Global Business School (SGBS) review 2027–29","1333","Exams","2026-08-03","Duplicate (sparsh-greater-noida)","Merge unique insights into Master & 301 Redirect to https://careerwithmohit.online/blog/sparsh-greater-noida-mba-pgdm-review-2027-fees-placements-cutoff","https://careerwithmohit.online/blog/sparsh-greater-noida-mba-pgdm-review-2027-fees-placements-cutoff"
"https://careerwithmohit.online/blog/ssbf-pune-review-2027-29","SSBF Pune (Symbiosis School of Banking and Finance) Review 2027–29: Fees, Placements, Cutoffs & ROI Analysis","SSBF Pune (Symbiosis School of Banking and Finance) review 2027–29","1387","Exams","2026-08-03","Duplicate (ssbf-pune)","Merge unique insights into Master & 301 Redirect to https://careerwithmohit.online/blog/ssbf-pune-mba-review-2027-fees-placements-cutoff","https://careerwithmohit.online/blog/ssbf-pune-mba-review-2027-fees-placements-cutoff"
"https://careerwithmohit.online/blog/st-andrews-gurgaon-review-2027-29","St. Andrews Institute of Technology & Management (SAITM) Review 2027–29: Fees, Placements, Cutoffs & ROI Analysis","St. Andrews Institute of Technology & Management (SAITM) review 2027–29","1410","Exams","2026-08-03","Duplicate (st-andrews-gurgaon)","Merge unique insights into Master & 301 Redirect to https://careerwithmohit.online/blog/st-andrews-gurgaon-mba-pgdm-review-2027-fees-placements-cutoff","https://careerwithmohit.online/blog/st-andrews-gurgaon-mba-pgdm-review-2027-fees-placements-cutoff"
"https://careerwithmohit.online/blog/tapmi-manipal-review-2027-29","TAPMI Manipal Review 2027–29: Fees, Placements, Cutoffs & ROI Analysis","TAPMI Manipal review 2027–29","1293","Exams","2026-08-03","Duplicate (tapmi-manipal)","Merge unique insights into Master & 301 Redirect to https://careerwithmohit.online/blog/tapmi-manipal-mba-review-2027-fees-placements-cutoff","https://careerwithmohit.online/blog/tapmi-manipal-mba-review-2027-fees-placements-cutoff"
"https://careerwithmohit.online/blog/ubs-mumbai-karjat-review-2027-29","Universal Business School (UBS Mumbai) / Universal AI University Review 2027–29: Fees, Placements, Cutoffs & ROI Analysis","Universal Business School (UBS Mumbai) / Universal AI University review 2027–29","1432","Exams","2026-08-03","Duplicate (ubs-mumbai-karjat)","Merge unique insights into Master & 301 Redirect to https://careerwithmohit.online/blog/ubs-mumbai-karjat-mba-pgdm-review-2027-fees-placements-cutoff","https://careerwithmohit.online/blog/ubs-mumbai-karjat-mba-pgdm-review-2027-fees-placements-cutoff"
"https://careerwithmohit.online/blog/upes-dehradun-review-2027-29","UPES (University of Petroleum and Energy Studies), Dehradun Review 2027–29: Placements, Fees, Courses & Admission","UPES Dehradun review 2027–29","1405","Jobs & Careers","2026-08-03","Duplicate (upes-dehradun)","Merge unique insights into Master & 301 Redirect to https://careerwithmohit.online/blog/upes-dehradun-mba-pgdm-review-2027-fees-placements-cutoff","https://careerwithmohit.online/blog/upes-dehradun-mba-pgdm-review-2027-fees-placements-cutoff"
"https://careerwithmohit.online/blog/vgu-jaipur-mba-review-2027-29","Vivekananda Global University (VGU) Jaipur MBA Review 2027–29: Placements & Fees","VGU Jaipur MBA review","863","Online Degrees","2026-03-20","Duplicate (vgu-jaipur)","Merge unique insights into Master & 301 Redirect to https://careerwithmohit.online/blog/vgu-jaipur-mba-pgdm-review-2027-fees-placements-cutoff","https://careerwithmohit.online/blog/vgu-jaipur-mba-pgdm-review-2027-fees-placements-cutoff"
"https://careerwithmohit.online/blog/ximb-bhubaneswar-review-2027-29","XIMB (Xavier Institute of Management Bhubaneswar) Review 2027–29: Fees, Placements, Cutoffs & ROI Analysis","XIMB (Xavier Institute of Management Bhubaneswar) review 2027–29","1368","Exams","2026-08-03","Duplicate (ximb-bhubaneswar)","Merge unique insights into Master & 301 Redirect to https://careerwithmohit.online/blog/ximb-bhubaneswar-mba-review-2027-fees-placements-cutoff","https://careerwithmohit.online/blog/ximb-bhubaneswar-mba-review-2027-fees-placements-cutoff"
"https://careerwithmohit.online/blog/accurate-greater-noida-mba-pgdm-review-2027-fees-placements-cutoff","Accurate Institute of Management & Technology PGDM 2027: Fees, Cutoff & Placements ROI","accurate institute of management & technology pgdm admission 2027","1366","MBA Admissions","2026-09-27","Canonical Master (2 duplicate cluster)","Retain as Master Canonical & Optimize (Consolidate insights from accurate-greater-noida-review-2027-29)","https://careerwithmohit.online/blog/accurate-greater-noida-mba-pgdm-review-2027-fees-placements-cutoff"
"https://careerwithmohit.online/blog/akemi-pune-mba-pgdm-review-2027-fees-placements-cutoff","Akemi Business School PGDM 2027: Fees, Cutoff & Placements ROI","akemi business school pgdm admission 2027","1315","MBA Admissions","2026-09-27","Canonical Master (2 duplicate cluster)","Retain as Master Canonical & Optimize (Consolidate insights from akemi-pune-review-2027-29)","https://careerwithmohit.online/blog/akemi-pune-mba-pgdm-review-2027-fees-placements-cutoff"
"https://careerwithmohit.online/blog/alliance-university-bangalore-mba-pgdm-review-2027-fees-placements-cutoff","Alliance University PGDM 2027: Fees, Cutoff & Placements ROI","alliance university (alliance school of business) pgdm admission 2027","1350","MBA Admissions","2026-09-27","Canonical Master (3 duplicate cluster)","Retain as Master Canonical & Optimize (Consolidate insights from alliance-university-bangalore-mba-admission-2027-29, alliance-university-bangalore-mba-usp-review-2027-29)","https://careerwithmohit.online/blog/alliance-university-bangalore-mba-pgdm-review-2027-fees-placements-cutoff"
"https://careerwithmohit.online/blog/amity-noida-mba-pgdm-review-2027-fees-placements-cutoff","Amity University PGDM 2027: Fees, Cutoff & Placements ROI","amity university (noida campus) pgdm admission 2027","1355","MBA Admissions","2026-09-27","Canonical Master (2 duplicate cluster)","Retain as Master Canonical & Optimize (Consolidate insights from amity-noida-review-2027-29)","https://careerwithmohit.online/blog/amity-noida-mba-pgdm-review-2027-fees-placements-cutoff"
"https://careerwithmohit.online/blog/asm-apeejay-dwarka-mba-pgdm-review-2027-fees-placements-cutoff","ASM Apeejay School of Management PGDM 2027: Fees, Cutoff & Placements ROI","asm apeejay school of management pgdm admission 2027","1345","MBA Admissions","2026-09-27","Canonical Master (2 duplicate cluster)","Retain as Master Canonical & Optimize (Consolidate insights from asm-apeejay-dwarka-review-2027-29)","https://careerwithmohit.online/blog/asm-apeejay-dwarka-mba-pgdm-review-2027-fees-placements-cutoff"
"https://careerwithmohit.online/blog/atlas-skilltech-mumbai-mba-pgdm-review-2027-fees-placements-cutoff","ATLAS SkillTech University PGDM 2027: Fees, Cutoff & Placements ROI","atlas skilltech university pgdm admission 2027","1320","MBA Admissions","2026-09-27","Canonical Master (2 duplicate cluster)","Retain as Master Canonical & Optimize (Consolidate insights from atlas-skilltech-mumbai-review-2027-29)","https://careerwithmohit.online/blog/atlas-skilltech-mumbai-mba-pgdm-review-2027-fees-placements-cutoff"
"https://careerwithmohit.online/blog/bennett-greater-noida-mba-pgdm-review-2027-fees-placements-cutoff","Bennett University PGDM 2027: Fees, Cutoff & Placements ROI","bennett university pgdm admission 2027","1290","MBA Admissions","2026-09-27","Canonical Master (2 duplicate cluster)","Retain as Master Canonical & Optimize (Consolidate insights from bennett-greater-noida-review-2027-29)","https://careerwithmohit.online/blog/bennett-greater-noida-mba-pgdm-review-2027-fees-placements-cutoff"
"https://careerwithmohit.online/blog/bml-munjal-gurgaon-mba-pgdm-review-2027-fees-placements-cutoff","BML Munjal University PGDM 2027: Fees, Cutoff & Placements ROI","bml munjal university (bmu) pgdm admission 2027","1316","MBA Admissions","2026-09-27","Canonical Master (2 duplicate cluster)","Retain as Master Canonical & Optimize (Consolidate insights from bml-munjal-gurgaon-review-2027-29)","https://careerwithmohit.online/blog/bml-munjal-gurgaon-mba-pgdm-review-2027-fees-placements-cutoff"
"https://careerwithmohit.online/blog/delhi-school-of-business-mba-pgdm-review-2027-fees-placements-cutoff","Delhi School of Business PGDM 2027: Fees, Cutoff & Placements ROI","delhi school of business (vips-tc) pgdm admission 2027","1377","MBA Admissions","2026-09-27","Canonical Master (2 duplicate cluster)","Retain as Master Canonical & Optimize (Consolidate insights from delhi-school-of-business-review-2027-29)","https://careerwithmohit.online/blog/delhi-school-of-business-mba-pgdm-review-2027-fees-placements-cutoff"
"https://careerwithmohit.online/blog/dy-patil-pune-mba-pgdm-review-2027-fees-placements-cutoff","Dr. D.Y. Patil Institute of Management & Research PGDM 2027: Fees, Cutoff & Placements ROI","dr. d.y. patil institute of management & research pgdm admission 2027","1404","MBA Admissions","2026-09-27","Canonical Master (2 duplicate cluster)","Retain as Master Canonical & Optimize (Consolidate insights from dy-patil-pune-review-2027-29)","https://careerwithmohit.online/blog/dy-patil-pune-mba-pgdm-review-2027-fees-placements-cutoff"
"https://careerwithmohit.online/blog/empi-chattarpur-mba-pgdm-review-2027-fees-placements-cutoff","EMPI Business School PGDM 2027: Fees, Cutoff & Placements ROI","empi business school pgdm admission 2027","1307","MBA Admissions","2026-09-27","Canonical Master (2 duplicate cluster)","Retain as Master Canonical & Optimize (Consolidate insights from empi-chattarpur-review-2027-29)","https://careerwithmohit.online/blog/empi-chattarpur-mba-pgdm-review-2027-fees-placements-cutoff"
"https://careerwithmohit.online/blog/fiib-delhi-pgdm-admission-2027-29","Fortune Institute of International Business (FIIB) MBA / PGDM Admission 2027-29: Fees, Approvals, Placements, PPO, Certifications & Faculty Review","Fortune Institute of International Business (FIIB) admission 2027-29","1294","Exams","2026-09-18","Canonical Master (2 duplicate cluster)","Retain as Master Canonical & Optimize (Consolidate insights from fiib-delhi-review-2027)","https://careerwithmohit.online/blog/fiib-delhi-pgdm-admission-2027-29"
"https://careerwithmohit.online/blog/fostiima-business-school-mba-pgdm-review-2027-fees-placements-cutoff","FOSTIIMA Business School PGDM 2027: Fees, Cutoff & Placements ROI","fostiima business school pgdm admission 2027","1326","MBA Admissions","2026-09-27","Canonical Master (2 duplicate cluster)","Retain as Master Canonical & Optimize (Consolidate insights from fostiima-business-school-review-2027-29)","https://careerwithmohit.online/blog/fostiima-business-school-mba-pgdm-review-2027-fees-placements-cutoff"
"https://careerwithmohit.online/blog/gibs-bangalore-mba-pgdm-review-2027-fees-placements-cutoff","GIBS Business School PGDM 2027: Fees, Cutoff & Placements ROI","gibs business school pgdm admission 2027","1316","MBA Admissions","2026-09-27","Canonical Master (2 duplicate cluster)","Retain as Master Canonical & Optimize (Consolidate insights from gibs-bangalore-review-2027-29)","https://careerwithmohit.online/blog/gibs-bangalore-mba-pgdm-review-2027-fees-placements-cutoff"
"https://careerwithmohit.online/blog/gl-bajaj-greater-noida-mba-pgdm-review-2027-fees-placements-cutoff","GLBIMR PGDM 2027: Fees, Cutoff & Placements ROI","gl bajaj institute of management & research (glbimr) pgdm admission 2027","1358","MBA Admissions","2026-09-27","Canonical Master (2 duplicate cluster)","Retain as Master Canonical & Optimize (Consolidate insights from gl-bajaj-greater-noida-pgdm-admission-2027-29)","https://careerwithmohit.online/blog/gl-bajaj-greater-noida-mba-pgdm-review-2027-fees-placements-cutoff"
"https://careerwithmohit.online/blog/gniot-greater-noida-mba-pgdm-review-2027-fees-placements-cutoff","GNIOT PGDM 2027: Fees, Cutoff & Placements ROI","gniot (greater noida institute of technology) pgdm admission 2027","1361","MBA Admissions","2026-09-27","Canonical Master (2 duplicate cluster)","Retain as Master Canonical & Optimize (Consolidate insights from gniot-greater-noida-mba-pgdm-admission-2027-29)","https://careerwithmohit.online/blog/gniot-greater-noida-mba-pgdm-review-2027-fees-placements-cutoff"
"https://careerwithmohit.online/blog/hierank-noida-mba-pgdm-review-2027-fees-placements-cutoff","Hierank Business School PGDM 2027: Fees, Cutoff & Placements ROI","hierank business school pgdm admission 2027","1308","MBA Admissions","2026-09-27","Canonical Master (2 duplicate cluster)","Retain as Master Canonical & Optimize (Consolidate insights from hierank-noida-review-2027-29)","https://careerwithmohit.online/blog/hierank-noida-mba-pgdm-review-2027-fees-placements-cutoff"
"https://careerwithmohit.online/blog/iba-bangalore-mba-pgdm-review-2027-fees-placements-cutoff","Indus Business Academy PGDM 2027: Fees, Cutoff & Placements ROI","indus business academy (iba bangalore) pgdm admission 2027","1333","MBA Admissions","2026-09-27","Canonical Master (2 duplicate cluster)","Retain as Master Canonical & Optimize (Consolidate insights from iba-bangalore-review-2027-29)","https://careerwithmohit.online/blog/iba-bangalore-mba-pgdm-review-2027-fees-placements-cutoff"
"https://careerwithmohit.online/blog/ibi-greater-noida-mba-pgdm-review-2027-fees-placements-cutoff","I Business Institute PGDM 2027: Fees, Cutoff & Placements ROI","i business institute (ibi) pgdm admission 2027","1348","MBA Admissions","2026-09-27","Canonical Master (2 duplicate cluster)","Retain as Master Canonical & Optimize (Consolidate insights from ibi-greater-noida-review-2027-29)","https://careerwithmohit.online/blog/ibi-greater-noida-mba-pgdm-review-2027-fees-placements-cutoff"
"https://careerwithmohit.online/blog/ibmr-gurgaon-mba-pgdm-review-2027-fees-placements-cutoff","IBMR Gurgaon PGDM 2027: Fees, Cutoff & Placements ROI","ibmr group of institutions (ibmr gurgaon) pgdm admission 2027","1393","MBA Admissions","2026-09-27","Canonical Master (2 duplicate cluster)","Retain as Master Canonical & Optimize (Consolidate insights from ibmr-gurgaon-mba-pgdm-admission-2027-29)","https://careerwithmohit.online/blog/ibmr-gurgaon-mba-pgdm-review-2027-fees-placements-cutoff"
"https://careerwithmohit.online/blog/iibs-bangalore-mba-pgdm-review-2027-fees-placements-cutoff","IIBS PGDM 2027: Fees, Cutoff & Placements ROI","international institute of business studies (iibs) pgdm admission 2027","1346","MBA Admissions","2026-09-27","Canonical Master (2 duplicate cluster)","Retain as Master Canonical & Optimize (Consolidate insights from iibs-bangalore-mba-pgdm-admission-2027-29)","https://careerwithmohit.online/blog/iibs-bangalore-mba-pgdm-review-2027-fees-placements-cutoff"
"https://careerwithmohit.online/blog/iiebm-indus-pune-mba-pgdm-review-2027-fees-placements-cutoff","IIEBM PGDM 2027: Fees, Cutoff & Placements ROI","iiebm (indus business school) pgdm admission 2027","1322","MBA Admissions","2026-09-27","Canonical Master (2 duplicate cluster)","Retain as Master Canonical & Optimize (Consolidate insights from iiebm-indus-pune-review-2027-29)","https://careerwithmohit.online/blog/iiebm-indus-pune-mba-pgdm-review-2027-fees-placements-cutoff"
"https://careerwithmohit.online/blog/iiebm-pune-mba-pgdm-review-2027-fees-placements-cutoff","IIEBM PGDM 2027: Fees, Cutoff & Placements ROI","iiebm (indus business school) pgdm admission 2027","1326","MBA Admissions","2026-09-27","Canonical Master (2 duplicate cluster)","Retain as Master Canonical & Optimize (Consolidate insights from iiebm-pune-review-2027-29)","https://careerwithmohit.online/blog/iiebm-pune-mba-pgdm-review-2027-fees-placements-cutoff"
"https://careerwithmohit.online/blog/iilm-gurgaon-mba-pgdm-review-2027-fees-placements-cutoff","IILM University PGDM 2027: Fees, Cutoff & Placements ROI","iilm university (gurugram campus) pgdm admission 2027","1347","MBA Admissions","2026-09-27","Canonical Master (2 duplicate cluster)","Retain as Master Canonical & Optimize (Consolidate insights from iilm-gurgaon-review-2027-29)","https://careerwithmohit.online/blog/iilm-gurgaon-mba-pgdm-review-2027-fees-placements-cutoff"
"https://careerwithmohit.online/blog/iilm-jaipur-mba-pgdm-review-2027-fees-placements-cutoff","IILM Academy of Higher Learning, Jaipur PGDM 2027: Fees, Cutoff & Placements ROI","iilm academy of higher learning, jaipur pgdm admission 2027","1098","MBA Admissions","2026-09-27","Canonical Master (2 duplicate cluster)","Retain as Master Canonical & Optimize (Consolidate insights from iilm-jaipur-pgdm-admission-2027-29)","https://careerwithmohit.online/blog/iilm-jaipur-mba-pgdm-review-2027-fees-placements-cutoff"
"https://careerwithmohit.online/blog/iilm-university-greater-noida-mba-pgdm-review-2027-fees-placements-cutoff","IILM Greater Noida PGDM 2027: Fees, Cutoff & Placements ROI","iilm greater noida (iilm university) pgdm admission 2027","1340","MBA Admissions","2026-09-27","Canonical Master (2 duplicate cluster)","Retain as Master Canonical & Optimize (Consolidate insights from iilm-university-greater-noida-mba-admission-2027-29)","https://careerwithmohit.online/blog/iilm-university-greater-noida-mba-pgdm-review-2027-fees-placements-cutoff"
"https://careerwithmohit.online/blog/iim-ahmedabad-mba-review-2027-fees-placements-cutoff","IIMA MBA Admission 2027: Fees, Cutoff & ROI","iim ahmedabad mba admission 2027","1310","MBA","2026-09-26","Canonical Master (2 duplicate cluster)","Retain as Master Canonical & Optimize (Consolidate insights from iim-ahmedabad-review-2027-29)","https://careerwithmohit.online/blog/iim-ahmedabad-mba-review-2027-fees-placements-cutoff"
"https://careerwithmohit.online/blog/iim-amritsar-mba-review-2027-fees-placements-cutoff","IIM-Amritsar MBA Admission 2027: Fees, Cutoff & ROI","iim amritsar mba admission 2027","1295","MBA","2026-09-26","Canonical Master (2 duplicate cluster)","Retain as Master Canonical & Optimize (Consolidate insights from iim-amritsar-review-2027-29)","https://careerwithmohit.online/blog/iim-amritsar-mba-review-2027-fees-placements-cutoff"
"https://careerwithmohit.online/blog/iim-bodh-gaya-mba-review-2027-fees-placements-cutoff","IIMBG MBA Admission 2027: Fees, Cutoff & ROI","iim bodh gaya mba admission 2027","1329","MBA","2026-09-26","Canonical Master (2 duplicate cluster)","Retain as Master Canonical & Optimize (Consolidate insights from iim-bodh-gaya-review-2027-29)","https://careerwithmohit.online/blog/iim-bodh-gaya-mba-review-2027-fees-placements-cutoff"
"https://careerwithmohit.online/blog/iim-calcutta-mba-review-2027-fees-placements-cutoff","IIMC MBA Admission 2027: Fees, Cutoff & ROI","iim calcutta mba admission 2027","1310","MBA","2026-09-26","Canonical Master (2 duplicate cluster)","Retain as Master Canonical & Optimize (Consolidate insights from iim-calcutta-review-2027-29)","https://careerwithmohit.online/blog/iim-calcutta-mba-review-2027-fees-placements-cutoff"
"https://careerwithmohit.online/blog/iim-indore-mba-review-2027-fees-placements-cutoff","IIM Indore MBA Admission 2027: Fees, Cutoff & Placements ROI","iim indore mba admission 2027","1317","MBA","2026-09-26","Canonical Master (2 duplicate cluster)","Retain as Master Canonical & Optimize (Consolidate insights from iim-indore-review-2027-29)","https://careerwithmohit.online/blog/iim-indore-mba-review-2027-fees-placements-cutoff"
"https://careerwithmohit.online/blog/iim-jammu-mba-review-2027-fees-placements-cutoff","IIM Jammu MBA Admission 2027: Fees, Cutoff & Placements ROI","iim jammu mba admission 2027","1298","MBA","2026-09-26","Canonical Master (2 duplicate cluster)","Retain as Master Canonical & Optimize (Consolidate insights from iim-jammu-review-2027-29)","https://careerwithmohit.online/blog/iim-jammu-mba-review-2027-fees-placements-cutoff"
"https://careerwithmohit.online/blog/iim-kashipur-mba-review-2027-fees-placements-cutoff","IIM-Kashipur MBA Admission 2027: Fees, Cutoff & ROI","iim kashipur mba admission 2027","1302","MBA","2026-09-26","Canonical Master (2 duplicate cluster)","Retain as Master Canonical & Optimize (Consolidate insights from iim-kashipur-review-2027-29)","https://careerwithmohit.online/blog/iim-kashipur-mba-review-2027-fees-placements-cutoff"
"https://careerwithmohit.online/blog/iim-kozhikode-mba-review-2027-fees-placements-cutoff","IIMK MBA Admission 2027: Fees, Cutoff & ROI","iim kozhikode mba admission 2027","1301","MBA","2026-09-26","Canonical Master (2 duplicate cluster)","Retain as Master Canonical & Optimize (Consolidate insights from iim-kozhikode-review-2027-29)","https://careerwithmohit.online/blog/iim-kozhikode-mba-review-2027-fees-placements-cutoff"
"https://careerwithmohit.online/blog/iim-nagpur-mba-review-2027-fees-placements-cutoff","IIM Nagpur MBA Admission 2027: Fees, Cutoff & Placements ROI","iim nagpur mba admission 2027","1299","MBA","2026-09-26","Canonical Master (2 duplicate cluster)","Retain as Master Canonical & Optimize (Consolidate insights from iim-nagpur-review-2027-29)","https://careerwithmohit.online/blog/iim-nagpur-mba-review-2027-fees-placements-cutoff"
"https://careerwithmohit.online/blog/iim-raipur-mba-review-2027-fees-placements-cutoff","IIM Raipur MBA Admission 2027: Fees, Cutoff & Placements ROI","iim raipur mba admission 2027","1298","MBA","2026-09-26","Canonical Master (2 duplicate cluster)","Retain as Master Canonical & Optimize (Consolidate insights from iim-raipur-review-2027-29)","https://careerwithmohit.online/blog/iim-raipur-mba-review-2027-fees-placements-cutoff"
"https://careerwithmohit.online/blog/iim-ranchi-mba-review-2027-fees-placements-cutoff","IIM Ranchi MBA Admission 2027: Fees, Cutoff & Placements ROI","iim ranchi mba admission 2027","1291","MBA","2026-09-26","Canonical Master (2 duplicate cluster)","Retain as Master Canonical & Optimize (Consolidate insights from iim-ranchi-review-2027-29)","https://careerwithmohit.online/blog/iim-ranchi-mba-review-2027-fees-placements-cutoff"
"https://careerwithmohit.online/blog/iim-rohtak-mba-review-2027-fees-placements-cutoff","IIM Rohtak MBA Admission 2027: Fees, Cutoff & Placements ROI","iim rohtak mba admission 2027","1287","MBA","2026-09-26","Canonical Master (2 duplicate cluster)","Retain as Master Canonical & Optimize (Consolidate insights from iim-rohtak-review-2027-29)","https://careerwithmohit.online/blog/iim-rohtak-mba-review-2027-fees-placements-cutoff"
"https://careerwithmohit.online/blog/iim-sambalpur-mba-review-2027-fees-placements-cutoff","IIM-Sambalpur MBA Admission 2027: Fees, Cutoff & ROI","iim sambalpur mba admission 2027","1292","MBA","2026-09-26","Canonical Master (2 duplicate cluster)","Retain as Master Canonical & Optimize (Consolidate insights from iim-sambalpur-review-2027-29)","https://careerwithmohit.online/blog/iim-sambalpur-mba-review-2027-fees-placements-cutoff"
"https://careerwithmohit.online/blog/iim-shillong-mba-review-2027-fees-placements-cutoff","IIMS MBA Admission 2027: Fees, Cutoff & ROI","iim shillong mba admission 2027","1296","MBA","2026-09-26","Canonical Master (2 duplicate cluster)","Retain as Master Canonical & Optimize (Consolidate insights from iim-shillong-review-2027-29)","https://careerwithmohit.online/blog/iim-shillong-mba-review-2027-fees-placements-cutoff"
"https://careerwithmohit.online/blog/iim-sirmaur-mba-review-2027-fees-placements-cutoff","IIMS-Sirmaur MBA Admission 2027: Fees, Cutoff & ROI","iim sirmaur mba admission 2027","1322","MBA","2026-09-26","Canonical Master (2 duplicate cluster)","Retain as Master Canonical & Optimize (Consolidate insights from iim-sirmaur-review-2027-29)","https://careerwithmohit.online/blog/iim-sirmaur-mba-review-2027-fees-placements-cutoff"
"https://careerwithmohit.online/blog/iim-trichy-mba-review-2027-fees-placements-cutoff","IIM Trichy MBA Admission 2027: Fees, Cutoff & Placements ROI","iim trichy mba admission 2027","1294","MBA","2026-09-26","Canonical Master (2 duplicate cluster)","Retain as Master Canonical & Optimize (Consolidate insights from iim-trichy-review-2027-29)","https://careerwithmohit.online/blog/iim-trichy-mba-review-2027-fees-placements-cutoff"
"https://careerwithmohit.online/blog/iim-udaipur-mba-review-2027-fees-placements-cutoff","IIMU MBA Admission 2027: Fees, Cutoff & ROI","iim udaipur mba admission 2027","1311","MBA","2026-09-26","Canonical Master (2 duplicate cluster)","Retain as Master Canonical & Optimize (Consolidate insights from iim-udaipur-review-2027-29)","https://careerwithmohit.online/blog/iim-udaipur-mba-review-2027-fees-placements-cutoff"
"https://careerwithmohit.online/blog/iim-visakhapatnam-mba-review-2027-fees-placements-cutoff","IIMV MBA Admission 2027: Fees, Cutoff & ROI","iim visakhapatnam mba admission 2027","1303","MBA","2026-09-26","Canonical Master (2 duplicate cluster)","Retain as Master Canonical & Optimize (Consolidate insights from iim-visakhapatnam-review-2027-29)","https://careerwithmohit.online/blog/iim-visakhapatnam-mba-review-2027-fees-placements-cutoff"
"https://careerwithmohit.online/blog/imm-delhi-mba-pgdm-review-2027-fees-placements-cutoff","IMM PGDM 2027: Fees, Cutoff & Placements ROI","institute of marketing & management (imm) pgdm admission 2027","1369","MBA Admissions","2026-09-27","Canonical Master (2 duplicate cluster)","Retain as Master Canonical & Optimize (Consolidate insights from imm-delhi-pgdm-review-2027-29)","https://careerwithmohit.online/blog/imm-delhi-mba-pgdm-review-2027-fees-placements-cutoff"
"https://careerwithmohit.online/blog/imm-qutab-mba-pgdm-review-2027-fees-placements-cutoff","IMM PGDM 2027: Fees, Cutoff & Placements ROI","institute of marketing & management (imm) pgdm admission 2027","1369","MBA Admissions","2026-09-27","Canonical Master (2 duplicate cluster)","Retain as Master Canonical & Optimize (Consolidate insights from imm-qutab-review-2027-29)","https://careerwithmohit.online/blog/imm-qutab-mba-pgdm-review-2027-fees-placements-cutoff"
"https://careerwithmohit.online/blog/isbm-gurgaon-mba-pgdm-review-2027-fees-placements-cutoff","ISB&M Gurgaon PGDM 2027: Fees, Cutoff & Placements ROI","isb&m gurgaon (international school of business & media) pgdm admission 2027","1381","MBA Admissions","2026-09-27","Canonical Master (2 duplicate cluster)","Retain as Master Canonical & Optimize (Consolidate insights from isbm-gurgaon-review-2027-29)","https://careerwithmohit.online/blog/isbm-gurgaon-mba-pgdm-review-2027-fees-placements-cutoff"
"https://careerwithmohit.online/blog/isbr-bangalore-mba-pgdm-review-2027-fees-placements-cutoff","ISBR Business School PGDM 2027: Fees, Cutoff & Placements ROI","isbr business school (bangalore) pgdm admission 2027","1332","MBA Admissions","2026-09-27","Canonical Master (2 duplicate cluster)","Retain as Master Canonical & Optimize (Consolidate insights from isbr-bangalore-review-2027-29)","https://careerwithmohit.online/blog/isbr-bangalore-mba-pgdm-review-2027-fees-placements-cutoff"
"https://careerwithmohit.online/blog/isme-bangalore-mba-pgdm-review-2027-fees-placements-cutoff","ISME Bangalore PGDM 2027: Fees, Cutoff & Placements ROI","isme bangalore (school of management excellence) pgdm admission 2027","1344","MBA Admissions","2026-09-27","Canonical Master (2 duplicate cluster)","Retain as Master Canonical & Optimize (Consolidate insights from isme-bangalore-pgdm-admission-2027-29)","https://careerwithmohit.online/blog/isme-bangalore-mba-pgdm-review-2027-fees-placements-cutoff"
"https://careerwithmohit.online/blog/isms-pune-mba-pgdm-review-2027-fees-placements-cutoff","ISMS Pune PGDM 2027: Fees, Cutoff & Placements ROI","isms pune (international school of management studies) pgdm admission 2027","1388","MBA Admissions","2026-09-27","Canonical Master (2 duplicate cluster)","Retain as Master Canonical & Optimize (Consolidate insights from isms-pune-mba-pgdm-admission-2027-29)","https://careerwithmohit.online/blog/isms-pune-mba-pgdm-review-2027-fees-placements-cutoff"
"https://careerwithmohit.online/blog/itm-navi-mumbai-mba-pgdm-review-2027-fees-placements-cutoff","ITM Business School PGDM 2027: Fees, Cutoff & Placements ROI","itm business school (navi mumbai) pgdm admission 2027","1341","MBA Admissions","2026-09-27","Canonical Master (2 duplicate cluster)","Retain as Master Canonical & Optimize (Consolidate insights from itm-navi-mumbai-pgdm-admission-2027-29)","https://careerwithmohit.online/blog/itm-navi-mumbai-mba-pgdm-review-2027-fees-placements-cutoff"
"https://careerwithmohit.online/blog/its-ghaziabad-mba-pgdm-review-2027-fees-placements-cutoff","ITS Ghaziabad PGDM 2027: Fees, Cutoff & Placements ROI","its ghaziabad (mohan nagar) pgdm admission 2027","1356","MBA Admissions","2026-09-27","Canonical Master (2 duplicate cluster)","Retain as Master Canonical & Optimize (Consolidate insights from its-ghaziabad-review-2027-29)","https://careerwithmohit.online/blog/its-ghaziabad-mba-pgdm-review-2027-fees-placements-cutoff"
"https://careerwithmohit.online/blog/its-ghaziabad-mohan-nagar-mba-pgdm-review-2027-fees-placements-cutoff","ITS Ghaziabad PGDM 2027: Fees, Cutoff & Placements ROI","its ghaziabad (mohan nagar) pgdm admission 2027","1356","MBA Admissions","2026-09-27","Canonical Master (2 duplicate cluster)","Retain as Master Canonical & Optimize (Consolidate insights from its-ghaziabad-mohan-nagar-mba-pgdm-admission-2027-29)","https://careerwithmohit.online/blog/its-ghaziabad-mohan-nagar-mba-pgdm-review-2027-fees-placements-cutoff"
"https://careerwithmohit.online/blog/jagsom-mumbai-karjat-mba-pgdm-review-2027-fees-placements-cutoff","JAGSoM PGDM 2027: Fees, Cutoff & Placements ROI","jagsom (jagdish sheth school of management) pgdm admission 2027","1330","MBA Admissions","2026-09-27","Canonical Master (2 duplicate cluster)","Retain as Master Canonical & Optimize (Consolidate insights from jagsom-mumbai-karjat-review-2027-29)","https://careerwithmohit.online/blog/jagsom-mumbai-karjat-mba-pgdm-review-2027-fees-placements-cutoff"
"https://careerwithmohit.online/blog/jaipuria-school-of-business-ghaziabad-mba-pgdm-review-2027-fees-placements-cutoff","JSB PGDM 2027: Fees, Cutoff & Placements ROI","jaipuria school of business (jsb) pgdm admission 2027","1329","MBA Admissions","2026-09-27","Canonical Master (2 duplicate cluster)","Retain as Master Canonical & Optimize (Consolidate insights from jaipuria-school-of-business-ghaziabad-pgdm-admission-2027-29)","https://careerwithmohit.online/blog/jaipuria-school-of-business-ghaziabad-mba-pgdm-review-2027-fees-placements-cutoff"
"https://careerwithmohit.online/blog/jims-kalkaji-mba-pgdm-review-2027-fees-placements-cutoff","JIMS Kalkaji PGDM 2027: Fees, Cutoff & Placements ROI","jims kalkaji (jagannath international) pgdm admission 2027","1350","MBA Admissions","2026-09-27","Canonical Master (2 duplicate cluster)","Retain as Master Canonical & Optimize (Consolidate insights from jims-kalkaji-review-2027-29)","https://careerwithmohit.online/blog/jims-kalkaji-mba-pgdm-review-2027-fees-placements-cutoff"
"https://careerwithmohit.online/blog/js-kothari-mumbai-mba-pgdm-review-2027-fees-placements-cutoff","J.S. Kothari Business School PGDM 2027: Fees, Cutoff & Placements ROI","j.s. kothari business school pgdm admission 2027","1314","MBA Admissions","2026-09-27","Canonical Master (2 duplicate cluster)","Retain as Master Canonical & Optimize (Consolidate insights from js-kothari-mumbai-review-2027-29)","https://careerwithmohit.online/blog/js-kothari-mumbai-mba-pgdm-review-2027-fees-placements-cutoff"
"https://careerwithmohit.online/blog/lexicon-mile-pune-mba-pgdm-review-2027-fees-placements-cutoff","Lexicon MILE PGDM 2027: Fees, Cutoff & Placements ROI","lexicon mile (management institute of leadership & excellence) pgdm admission 2027","1365","MBA Admissions","2026-09-27","Canonical Master (2 duplicate cluster)","Retain as Master Canonical & Optimize (Consolidate insights from lexicon-mile-pune-pgdm-admission-2027-29)","https://careerwithmohit.online/blog/lexicon-mile-pune-mba-pgdm-review-2027-fees-placements-cutoff"
"https://careerwithmohit.online/blog/lloyd-business-school-greater-noida-mba-pgdm-review-2027-fees-placements-cutoff","Lloyd Business School PGDM 2027: Fees, Cutoff & Placements ROI","lloyd business school pgdm admission 2027","1337","MBA Admissions","2026-09-27","Canonical Master (2 duplicate cluster)","Retain as Master Canonical & Optimize (Consolidate insights from lloyd-business-school-greater-noida-mba-pgdm-admission-2027-29)","https://careerwithmohit.online/blog/lloyd-business-school-greater-noida-mba-pgdm-review-2027-fees-placements-cutoff"
"https://careerwithmohit.online/blog/lloyd-greater-noida-mba-pgdm-review-2027-fees-placements-cutoff","Lloyd Business School PGDM 2027: Fees, Cutoff & Placements ROI","lloyd business school pgdm admission 2027","1337","MBA Admissions","2026-09-27","Canonical Master (2 duplicate cluster)","Retain as Master Canonical & Optimize (Consolidate insights from lloyd-greater-noida-review-2027-29)","https://careerwithmohit.online/blog/lloyd-greater-noida-mba-pgdm-review-2027-fees-placements-cutoff"
"https://careerwithmohit.online/blog/maims-rohini-mba-pgdm-review-2027-fees-placements-cutoff","MAIMS PGDM 2027: Fees, Cutoff & Placements ROI","maharaja agrasen institute of management studies (maims) pgdm admission 2027","1362","MBA Admissions","2026-09-27","Canonical Master (2 duplicate cluster)","Retain as Master Canonical & Optimize (Consolidate insights from maims-rohini-review-2027-29)","https://careerwithmohit.online/blog/maims-rohini-mba-pgdm-review-2027-fees-placements-cutoff"
"https://careerwithmohit.online/blog/mangalmay-greater-noida-mba-pgdm-review-2027-fees-placements-cutoff","Mangalmay Institute of Management and Technology PGDM 2027: Fees, Cutoff & Placements ROI","mangalmay institute of management and technology pgdm admission 2027","1353","MBA Admissions","2026-09-27","Canonical Master (2 duplicate cluster)","Retain as Master Canonical & Optimize (Consolidate insights from mangalmay-greater-noida-review-2027-29)","https://careerwithmohit.online/blog/mangalmay-greater-noida-mba-pgdm-review-2027-fees-placements-cutoff"
"https://careerwithmohit.online/blog/meri-delhi-mba-pgdm-review-2027-fees-placements-cutoff","MERI PGDM 2027: Fees, Cutoff & Placements ROI","management education & research institute (meri) pgdm admission 2027","1371","MBA Admissions","2026-09-27","Canonical Master (2 duplicate cluster)","Retain as Master Canonical & Optimize (Consolidate insights from meri-delhi-mba-pgdm-admission-2027-29)","https://careerwithmohit.online/blog/meri-delhi-mba-pgdm-review-2027-fees-placements-cutoff"
"https://careerwithmohit.online/blog/meri-janakpuri-mba-pgdm-review-2027-fees-placements-cutoff","MERI PGDM 2027: Fees, Cutoff & Placements ROI","management education & research institute (meri) pgdm admission 2027","1361","MBA Admissions","2026-09-27","Canonical Master (2 duplicate cluster)","Retain as Master Canonical & Optimize (Consolidate insights from meri-janakpuri-mba-review-2027-29)","https://careerwithmohit.online/blog/meri-janakpuri-mba-pgdm-review-2027-fees-placements-cutoff"
"https://careerwithmohit.online/blog/ndiit-kalkaji-mba-pgdm-review-2027-fees-placements-cutoff","NDIIT PGDM 2027: Fees, Cutoff & Placements ROI","new delhi institute of info tech & management (ndiit) pgdm admission 2027","1362","MBA Admissions","2026-09-27","Canonical Master (2 duplicate cluster)","Retain as Master Canonical & Optimize (Consolidate insights from ndiit-kalkaji-review-2027-29)","https://careerwithmohit.online/blog/ndiit-kalkaji-mba-pgdm-review-2027-fees-placements-cutoff"
"https://careerwithmohit.online/blog/ndim-delhi-mba-pgdm-review-2027-fees-placements-cutoff","NDIM PGDM 2027: Fees, Cutoff & Placements ROI","new delhi institute of management (ndim) pgdm admission 2027","1382","MBA Admissions","2026-09-27","Canonical Master (2 duplicate cluster)","Retain as Master Canonical & Optimize (Consolidate insights from ndim-delhi-review-2027-29)","https://careerwithmohit.online/blog/ndim-delhi-mba-pgdm-review-2027-fees-placements-cutoff"
"https://careerwithmohit.online/blog/niet-greater-noida-mba-pgdm-review-2027-fees-placements-cutoff","NIET PGDM 2027: Fees, Cutoff & Placements ROI","noida institute of engineering & technology (niet) pgdm admission 2027","1341","MBA Admissions","2026-09-27","Canonical Master (2 duplicate cluster)","Retain as Master Canonical & Optimize (Consolidate insights from niet-greater-noida-review-2027-29)","https://careerwithmohit.online/blog/niet-greater-noida-mba-pgdm-review-2027-fees-placements-cutoff"
"https://careerwithmohit.online/blog/nmims-hyderabad-mba-review-2027-fees-placements-cutoff","NMIMS Hyderabad MBA Admission 2027: Fees, Cutoff & ROI","nmims hyderabad mba admission 2027","1294","MBA","2026-09-26","Canonical Master (2 duplicate cluster)","Retain as Master Canonical & Optimize (Consolidate insights from nmims-hyderabad-review-2027-29)","https://careerwithmohit.online/blog/nmims-hyderabad-mba-review-2027-fees-placements-cutoff"
"https://careerwithmohit.online/blog/nmims-indore-mba-review-2027-fees-placements-cutoff","NMIMS Indore MBA Admission 2027: Fees, Cutoff & ROI","nmims indore mba admission 2027","1296","MBA","2026-09-26","Canonical Master (2 duplicate cluster)","Retain as Master Canonical & Optimize (Consolidate insights from nmims-indore-review-2027-29)","https://careerwithmohit.online/blog/nmims-indore-mba-review-2027-fees-placements-cutoff"
"https://careerwithmohit.online/blog/nmims-navi-mumbai-mba-review-2027-fees-placements-cutoff","NMIMS Navi Mumbai MBA Admission 2027: Fees, Cutoff & ROI","nmims navi mumbai mba admission 2027","1301","MBA","2026-09-26","Canonical Master (2 duplicate cluster)","Retain as Master Canonical & Optimize (Consolidate insights from nmims-navi-mumbai-review-2027-29)","https://careerwithmohit.online/blog/nmims-navi-mumbai-mba-review-2027-fees-placements-cutoff"
"https://careerwithmohit.online/blog/pibm-pune-mba-pgdm-review-2027-fees-placements-cutoff","PIBM PGDM 2027: Fees, Cutoff & Placements ROI","pune institute of business management (pibm) pgdm admission 2027","1353","MBA Admissions","2026-09-27","Canonical Master (2 duplicate cluster)","Retain as Master Canonical & Optimize (Consolidate insights from pibm-pune-review-2027-29)","https://careerwithmohit.online/blog/pibm-pune-mba-pgdm-review-2027-fees-placements-cutoff"
"https://careerwithmohit.online/blog/quantum-university-roorkee-mba-pgdm-review-2027-fees-placements-cutoff","Quantum University, Roorkee PGDM 2027: Fees, Cutoff & Placements ROI","quantum university, roorkee (dehradun region) pgdm admission 2027","1117","MBA Admissions","2026-09-27","Canonical Master (2 duplicate cluster)","Retain as Master Canonical & Optimize (Consolidate insights from quantum-university-roorkee-review-2027-29)","https://careerwithmohit.online/blog/quantum-university-roorkee-mba-pgdm-review-2027-fees-placements-cutoff"
"https://careerwithmohit.online/blog/riim-pune-mba-pgdm-review-2027-fees-placements-cutoff","RIIM Pune PGDM 2027: Fees, Cutoff & Placements ROI","riim pune (ramachandran international) pgdm admission 2027","1351","MBA Admissions","2026-09-27","Canonical Master (2 duplicate cluster)","Retain as Master Canonical & Optimize (Consolidate insights from riim-pune-mba-pgdm-admission-2027-29)","https://careerwithmohit.online/blog/riim-pune-mba-pgdm-review-2027-fees-placements-cutoff"
"https://careerwithmohit.online/blog/scit-pune-mba-review-2027-fees-placements-cutoff","SCIT Pune MBA Admission 2027: Fees, Cutoff & Placements ROI","scit pune mba admission 2027","1312","MBA","2026-09-26","Canonical Master (2 duplicate cluster)","Retain as Master Canonical & Optimize (Consolidate insights from scit-pune-review-2027-29)","https://careerwithmohit.online/blog/scit-pune-mba-review-2027-fees-placements-cutoff"
"https://careerwithmohit.online/blog/scmhrd-pune-mba-review-2027-fees-placements-cutoff","SCMHRD MBA Admission 2027: Fees, Cutoff & ROI","scmhrd pune mba admission 2027","1312","MBA","2026-09-26","Canonical Master (2 duplicate cluster)","Retain as Master Canonical & Optimize (Consolidate insights from scmhrd-pune-review-2027-29)","https://careerwithmohit.online/blog/scmhrd-pune-mba-review-2027-fees-placements-cutoff"
"https://careerwithmohit.online/blog/sibm-hyderabad-mba-review-2027-fees-placements-cutoff","SIBM Hyderabad MBA Admission 2027: Fees, Cutoff & ROI","sibm hyderabad mba admission 2027","1289","MBA","2026-09-26","Canonical Master (2 duplicate cluster)","Retain as Master Canonical & Optimize (Consolidate insights from sibm-hyderabad-review-2027-29)","https://careerwithmohit.online/blog/sibm-hyderabad-mba-review-2027-fees-placements-cutoff"
"https://careerwithmohit.online/blog/sidtm-pune-mba-review-2027-fees-placements-cutoff","SIDTM Pune MBA Admission 2027: Fees, Cutoff & Placements ROI","sidtm pune mba admission 2027","1325","MBA","2026-09-26","Canonical Master (2 duplicate cluster)","Retain as Master Canonical & Optimize (Consolidate insights from sidtm-pune-review-2027-29)","https://careerwithmohit.online/blog/sidtm-pune-mba-review-2027-fees-placements-cutoff"
"https://careerwithmohit.online/blog/siib-pune-mba-review-2027-fees-placements-cutoff","SIIB Pune MBA Admission 2027: Fees, Cutoff & Placements ROI","siib pune mba admission 2027","1315","MBA","2026-09-26","Canonical Master (2 duplicate cluster)","Retain as Master Canonical & Optimize (Consolidate insights from siib-pune-review-2027-29)","https://careerwithmohit.online/blog/siib-pune-mba-review-2027-fees-placements-cutoff"
"https://careerwithmohit.online/blog/sparsh-greater-noida-mba-pgdm-review-2027-fees-placements-cutoff","SGBS PGDM 2027: Fees, Cutoff & Placements ROI","sparsh global business school (sgbs) pgdm admission 2027","1320","MBA Admissions","2026-09-27","Canonical Master (2 duplicate cluster)","Retain as Master Canonical & Optimize (Consolidate insights from sparsh-greater-noida-review-2027-29)","https://careerwithmohit.online/blog/sparsh-greater-noida-mba-pgdm-review-2027-fees-placements-cutoff"
"https://careerwithmohit.online/blog/ssbf-pune-mba-review-2027-fees-placements-cutoff","SSBF Pune MBA Admission 2027: Fees, Cutoff & Placements ROI","ssbf pune mba admission 2027","1299","MBA","2026-09-26","Canonical Master (2 duplicate cluster)","Retain as Master Canonical & Optimize (Consolidate insights from ssbf-pune-review-2027-29)","https://careerwithmohit.online/blog/ssbf-pune-mba-review-2027-fees-placements-cutoff"
"https://careerwithmohit.online/blog/st-andrews-gurgaon-mba-pgdm-review-2027-fees-placements-cutoff","SAITM PGDM 2027: Fees, Cutoff & Placements ROI","st. andrews institute of technology & management (saitm) pgdm admission 2027","1370","MBA Admissions","2026-09-27","Canonical Master (2 duplicate cluster)","Retain as Master Canonical & Optimize (Consolidate insights from st-andrews-gurgaon-review-2027-29)","https://careerwithmohit.online/blog/st-andrews-gurgaon-mba-pgdm-review-2027-fees-placements-cutoff"
"https://careerwithmohit.online/blog/tapmi-manipal-mba-review-2027-fees-placements-cutoff","TAPMI MBA Admission 2027: Fees, Cutoff & ROI","tapmi manipal mba admission 2027","1360","MBA","2026-09-26","Canonical Master (2 duplicate cluster)","Retain as Master Canonical & Optimize (Consolidate insights from tapmi-manipal-review-2027-29)","https://careerwithmohit.online/blog/tapmi-manipal-mba-review-2027-fees-placements-cutoff"
"https://careerwithmohit.online/blog/ubs-mumbai-karjat-mba-pgdm-review-2027-fees-placements-cutoff","UBS Mumbai PGDM 2027: Fees, Cutoff & Placements ROI","universal business school (ubs mumbai) / universal ai university pgdm admission 2027","1395","MBA Admissions","2026-09-27","Canonical Master (2 duplicate cluster)","Retain as Master Canonical & Optimize (Consolidate insights from ubs-mumbai-karjat-review-2027-29)","https://careerwithmohit.online/blog/ubs-mumbai-karjat-mba-pgdm-review-2027-fees-placements-cutoff"
"https://careerwithmohit.online/blog/upes-dehradun-mba-pgdm-review-2027-fees-placements-cutoff","UPES Dehradun PGDM 2027: Fees, Cutoff & Placements ROI","upes dehradun (school of business) pgdm admission 2027","1155","MBA Admissions","2026-09-27","Canonical Master (2 duplicate cluster)","Retain as Master Canonical & Optimize (Consolidate insights from upes-dehradun-review-2027-29)","https://careerwithmohit.online/blog/upes-dehradun-mba-pgdm-review-2027-fees-placements-cutoff"
"https://careerwithmohit.online/blog/vgu-jaipur-mba-pgdm-review-2027-fees-placements-cutoff","Vivekananda Global University PGDM 2027: Fees, Cutoff & Placements ROI","vivekananda global university (vgu jaipur) pgdm admission 2027","1107","MBA Admissions","2026-09-27","Canonical Master (2 duplicate cluster)","Retain as Master Canonical & Optimize (Consolidate insights from vgu-jaipur-mba-review-2027-29)","https://careerwithmohit.online/blog/vgu-jaipur-mba-pgdm-review-2027-fees-placements-cutoff"
"https://careerwithmohit.online/blog/ximb-bhubaneswar-mba-review-2027-fees-placements-cutoff","XIMB MBA Admission 2027: Fees, Cutoff & ROI","xavier institute of management (ximb) mba admission 2027","1370","MBA","2026-09-26","Canonical Master (2 duplicate cluster)","Retain as Master Canonical & Optimize (Consolidate insights from ximb-bhubaneswar-review-2027-29)","https://careerwithmohit.online/blog/ximb-bhubaneswar-mba-review-2027-fees-placements-cutoff"
"https://careerwithmohit.online/blog/amazon-fresher-hiring-pan-india-2026","Amazon Fresher Hiring 2026: Apply for SDE, AWS & Operations Roles Pan India","Amazon fresher hiring 2026","594","B.Tech","2026-04-22","Thin Post (594 words)","Retain URL & Prioritize for Comprehensive Expansion (1200+ words, verified fees/placements, FAQs)","https://careerwithmohit.online/blog/amazon-fresher-hiring-pan-india-2026"
"https://careerwithmohit.online/blog/amity-university-noida-btech-admission-2026-fees-review","Amity University Noida B.Tech Admission 2026: Fees & Review","[Amity University](/colleges/amity-noida/) Noida BTech admission 2026","594","Online Degrees","2026-03-24","Thin Post (594 words)","Retain URL & Prioritize for Comprehensive Expansion (1200+ words, verified fees/placements, FAQs)","https://careerwithmohit.online/blog/amity-university-noida-btech-admission-2026-fees-review"
"https://careerwithmohit.online/blog/asm-iibr-review-2027-29","ASM IIBR Pune Review (2026-2027): Real Placements, Fees & Cutoffs–29: Specialized PGDM Training","[ASM IIBR](/colleges/asm-iibr/) Pune review 2027–29","529","Exams","2026-03-14","Thin Post (529 words)","Retain URL & Prioritize for Comprehensive Expansion (1200+ words, verified fees/placements, FAQs)","https://careerwithmohit.online/blog/asm-iibr-review-2027-29"
"https://careerwithmohit.online/blog/balaji-university-pune-review-2027-29","Sri Balaji University Pune (BIMM) Review 2027–29: Placements & Fees","Sri Balaji University Pune review 2027–29","580","Online Degrees","2026-03-17","Thin Post (580 words)","Retain URL & Prioritize for Comprehensive Expansion (1200+ words, verified fees/placements, FAQs)","https://careerwithmohit.online/blog/balaji-university-pune-review-2027-29"
"https://careerwithmohit.online/blog/bangalore-pgdm-admission-2027-nmat-exam-cat-2026-xat-colleges","Top PGDM Colleges in Bangalore Admission 2027: Fees, Cutoffs, NMAT Exam, CAT 2027–29 & XAT Scores","pgdm admission 2027","576","Exams","2026-09-03","Thin Post (576 words)","Retain URL & Prioritize for Comprehensive Expansion (1200+ words, verified fees/placements, FAQs)","https://careerwithmohit.online/blog/bangalore-pgdm-admission-2027-nmat-exam-cat-2026-xat-colleges"
"https://careerwithmohit.online/blog/bennett-university-btech-admission-2026-fees-review","Bennett University B.Tech Admission 2026: Fees, Cutoffs & Placement Review","[Bennett University](/colleges/bennett-greater-noida/) BTech admission 2026","585","Online Degrees","2026-03-24","Thin Post (585 words)","Retain URL & Prioritize for Comprehensive Expansion (1200+ words, verified fees/placements, FAQs)","https://careerwithmohit.online/blog/bennett-university-btech-admission-2026-fees-review"
"https://careerwithmohit.online/blog/best-management-institutes-ahmedabad-vadodara-2027-29","Best Management Institutes in Ahmedabad & Vadodara: PGDM Admission Process 2027-29","Best PGDM Colleges in Ahmedabad 2027-29","460","Exams","2026-08-22","Thin Post (460 words)","Retain URL & Prioritize for Comprehensive Expansion (1200+ words, verified fees/placements, FAQs)","https://careerwithmohit.online/blog/best-management-institutes-ahmedabad-vadodara-2027-29"
"https://careerwithmohit.online/blog/best-mock-tests-for-cat-nmat-xat-snap-mba-entrance-2027-29","Best Mock Tests for MBA Entrance Exams 2027–29: CAT, NMAT, XAT & SNAP Test Series Compared","best mock test for cat 2026","449","Online Degrees","2026-08-22","Thin Post (449 words)","Retain URL & Prioritize for Comprehensive Expansion (1200+ words, verified fees/placements, FAQs)","https://careerwithmohit.online/blog/best-mock-tests-for-cat-nmat-xat-snap-mba-entrance-2027-29"
"https://careerwithmohit.online/blog/best-pgdm-specializations-high-salaries-2027-29","Best PGDM Specializations for High Salaries (FinTech, Business Analytics & Marketing): Top Colleges List 2027-29","Best PGDM Specializations High Salary 2027-29","575","Exams","2026-08-22","Thin Post (575 words)","Retain URL & Prioritize for Comprehensive Expansion (1200+ words, verified fees/placements, FAQs)","https://careerwithmohit.online/blog/best-pgdm-specializations-high-salaries-2027-29"
"https://careerwithmohit.online/blog/bimtech-greater-noida-placement-review-2025","BIMTECH Greater Noida Placement Review (2026-2027): Real Placements, Fees & Cutoffs: Highest Packages & Top Recruiters","BIMTECH Greater Noida placement 2025","556","Jobs & Careers","2026-03-22","Thin Post (556 words)","Retain URL & Prioritize for Comprehensive Expansion (1200+ words, verified fees/placements, FAQs)","https://careerwithmohit.online/blog/bimtech-greater-noida-placement-review-2025"
"https://careerwithmohit.online/blog/bitsom-mumbai-mba-placement-report-2027-29","BITSoM Mumbai MBA Placement Report 2027–29: Audited Average CTC ₹21.00 LPA, Median ₹20.52 LPA & Top Recruiters","bitsom mumbai mba placement report 2027–29","371","Exams","2026-08-15","Thin Post (371 words)","Retain URL & Prioritize for Comprehensive Expansion (1200+ words, verified fees/placements, FAQs)","https://careerwithmohit.online/blog/bitsom-mumbai-mba-placement-report-2027-29"
"https://careerwithmohit.online/blog/bml-munjal-university-btech-admission-2026-fees-review","BML Munjal University (BMU) Gurugram B.Tech Admission 2026: Fees & Review","[BML Munjal University](/colleges/bml-munjal-gurgaon/) BTech admission 2026","569","Online Degrees","2026-03-24","Thin Post (569 words)","Retain URL & Prioritize for Comprehensive Expansion (1200+ words, verified fees/placements, FAQs)","https://careerwithmohit.online/blog/bml-munjal-university-btech-admission-2026-fees-review"
"https://careerwithmohit.online/blog/cat-2026-application-form-correction-window-guide","CAT 2026 Form Correction: Photo, City & Error Guide","cat 2026 form correction window","416","CAT","2026-10-06","Thin Post (416 words)","Retain URL & Prioritize for Comprehensive Expansion (1200+ words, verified fees/placements, FAQs)","https://careerwithmohit.online/blog/cat-2026-application-form-correction-window-guide"
"https://careerwithmohit.online/blog/cbse-12th-result-2026-declared","CBSE Class 12 Result 2026 OUT: Direct Link, Pass Percentage, and DigiLocker Guide","CBSE 12th result 2026 out","571","B.Tech","2026-05-13","Thin Post (571 words)","Retain URL & Prioritize for Comprehensive Expansion (1200+ words, verified fees/placements, FAQs)","https://careerwithmohit.online/blog/cbse-12th-result-2026-declared"
"https://careerwithmohit.online/blog/central-university-of-haryana-cuh-review-2027-29","Central University of Haryana (CUH) Review 2027–29: Fees, Placements & CUET Cutoff","Central University of Haryana review","585","Online Degrees","2026-05-24","Thin Post (585 words)","Retain URL & Prioritize for Comprehensive Expansion (1200+ words, verified fees/placements, FAQs)","https://careerwithmohit.online/blog/central-university-of-haryana-cuh-review-2027-29"
"https://careerwithmohit.online/blog/central-university-of-karnataka-cuk-review-2027-29","Central University of Karnataka (CUK) Review 2027–29: Fees, Placements & CUET Cutoff","Central University of Karnataka review","547","Online Degrees","2026-05-24","Thin Post (547 words)","Retain URL & Prioritize for Comprehensive Expansion (1200+ words, verified fees/placements, FAQs)","https://careerwithmohit.online/blog/central-university-of-karnataka-cuk-review-2027-29"
"https://careerwithmohit.online/blog/central-university-of-south-bihar-cusb-review-2027-29","Central University of South Bihar (CUSB) Review 2027–29: Fees, Placements & Admission","[CUSB](/blog/all-about-iim-bodh-gaya-ipm-bba-admission-2027-29/) admissions 2026","494","Online Degrees","2026-05-24","Thin Post (494 words)","Retain URL & Prioritize for Comprehensive Expansion (1200+ words, verified fees/placements, FAQs)","https://careerwithmohit.online/blog/central-university-of-south-bihar-cusb-review-2027-29"
"https://careerwithmohit.online/blog/cockroge-janta-party","Cockroge Janta Party","career counselling","524","Jobs & Careers","2026-05-21","Thin Post (524 words)","Retain URL & Prioritize for Comprehensive Expansion (1200+ words, verified fees/placements, FAQs)","https://careerwithmohit.online/blog/cockroge-janta-party"
"https://careerwithmohit.online/blog/coer-roorkee-btech-admission-2026-fees-review","COER University (COER Roorkee) B.Tech Admission 2026: Fees & Review","COER Roorkee BTech admission 2026","507","B.Tech","2026-03-24","Thin Post (507 words)","Retain URL & Prioritize for Comprehensive Expansion (1200+ words, verified fees/placements, FAQs)","https://careerwithmohit.online/blog/coer-roorkee-btech-admission-2026-fees-review"
"https://careerwithmohit.online/blog/comedk-uget-counselling-2026-btech-admission-guide","COMEDK UGET Counselling 2026: Dates, Registration & Choice Filling Guide","COMEDK UGET Counselling 2026 dates","550","B.Tech","2026-03-24","Thin Post (550 words)","Retain URL & Prioritize for Comprehensive Expansion (1200+ words, verified fees/placements, FAQs)","https://careerwithmohit.online/blog/comedk-uget-counselling-2026-btech-admission-guide"
"https://careerwithmohit.online/blog/cuet-pg-2026-result-expected-date","CUET PG 2026 Result Date: Expected Timeline & Step-by-Step Guide","CUET PG 2026 result date","353","Jobs & Careers","2026-03-24","Thin Post (353 words)","Retain URL & Prioritize for Comprehensive Expansion (1200+ words, verified fees/placements, FAQs)","https://careerwithmohit.online/blog/cuet-pg-2026-result-expected-date"
"https://careerwithmohit.online/blog/cuet-pg-2026-score-calculator-marks-vs-percentile","CUET PG 2026 Score Calculator: Marks vs Percentile & Rank Predictor","CUET PG 2026 score calculator","449","MBA","2026-03-24","Thin Post (449 words)","Retain URL & Prioritize for Comprehensive Expansion (1200+ words, verified fees/placements, FAQs)","https://careerwithmohit.online/blog/cuet-pg-2026-score-calculator-marks-vs-percentile"
"https://careerwithmohit.online/blog/cuet-pg-accepting-colleges-bangalore-2027-29","CUET PG Accepting Colleges in Bangalore 2026: Best PG Colleges","CUET PG colleges in Bangalore 2026","573","Exams","2026-04-05","Thin Post (573 words)","Retain URL & Prioritize for Comprehensive Expansion (1200+ words, verified fees/placements, FAQs)","https://careerwithmohit.online/blog/cuet-pg-accepting-colleges-bangalore-2027-29"
"https://careerwithmohit.online/blog/cuet-pg-accepting-colleges-ghaziabad-2027-29","Top CUET PG Accepting Colleges in Ghaziabad 2026: Admissions Guide","CUET PG colleges in Ghaziabad 2026","558","B.Tech","2026-04-05","Thin Post (558 words)","Retain URL & Prioritize for Comprehensive Expansion (1200+ words, verified fees/placements, FAQs)","https://careerwithmohit.online/blog/cuet-pg-accepting-colleges-ghaziabad-2027-29"
"https://careerwithmohit.online/blog/cuet-pg-accepting-colleges-kolkata-2027-29","Top CUET PG Accepting Colleges in Kolkata 2026: Complete List","CUET PG colleges in Kolkata 2026","566","Jobs & Careers","2026-04-05","Thin Post (566 words)","Retain URL & Prioritize for Comprehensive Expansion (1200+ words, verified fees/placements, FAQs)","https://careerwithmohit.online/blog/cuet-pg-accepting-colleges-kolkata-2027-29"
"https://careerwithmohit.online/blog/cuet-pg-predictor-2026-mba-colleges","CUET PG MBA College Predictor 2027–29: Find Your Match","CUET PG MBA college predictor 2027–29","580","Exams","2026-03-24","Thin Post (580 words)","Retain URL & Prioritize for Comprehensive Expansion (1200+ words, verified fees/placements, FAQs)","https://careerwithmohit.online/blog/cuet-pg-predictor-2026-mba-colleges"
"https://careerwithmohit.online/blog/cuet-ug-accepting-colleges-bangalore-2027-29","Top CUET UG Accepting Colleges in Bangalore 2026: The Comprehensive List","CUET UG Bangalore 2026","477","B.Tech","2026-04-05","Thin Post (477 words)","Retain URL & Prioritize for Comprehensive Expansion (1200+ words, verified fees/placements, FAQs)","https://careerwithmohit.online/blog/cuet-ug-accepting-colleges-bangalore-2027-29"
"https://careerwithmohit.online/blog/cuet-ug-accepting-colleges-delhi-ncr-2027-29","Top CUET UG Accepting Colleges in Delhi NCR 2026: The Ultimate Guide","CUET UG colleges in Delhi NCR 2026","532","Jobs & Careers","2026-04-05","Thin Post (532 words)","Retain URL & Prioritize for Comprehensive Expansion (1200+ words, verified fees/placements, FAQs)","https://careerwithmohit.online/blog/cuet-ug-accepting-colleges-delhi-ncr-2027-29"
"https://careerwithmohit.online/blog/cuet-ug-accepting-colleges-ghaziabad-2027-29","Top CUET UG Accepting Colleges in Ghaziabad 2026: Admission List","CUET UG Ghaziabad 2026","479","B.Tech","2026-04-05","Thin Post (479 words)","Retain URL & Prioritize for Comprehensive Expansion (1200+ words, verified fees/placements, FAQs)","https://careerwithmohit.online/blog/cuet-ug-accepting-colleges-ghaziabad-2027-29"
"https://careerwithmohit.online/blog/cuet-ug-accepting-colleges-greater-noida-2027-29","Top CUET UG Accepting Colleges in Greater Noida 2026: Detailed Admission List","CUET UG Greater Noida 2026","445","B.Tech","2026-04-05","Thin Post (445 words)","Retain URL & Prioritize for Comprehensive Expansion (1200+ words, verified fees/placements, FAQs)","https://careerwithmohit.online/blog/cuet-ug-accepting-colleges-greater-noida-2027-29"
"https://careerwithmohit.online/blog/cuet-ug-accepting-colleges-gurugram-2027-29","Top CUET UG Accepting Colleges in Gurugram (Gurgaon) 2026: Detailed Admission List","CUET UG Gurugram 2026","466","B.Tech","2026-04-05","Thin Post (466 words)","Retain URL & Prioritize for Comprehensive Expansion (1200+ words, verified fees/placements, FAQs)","https://careerwithmohit.online/blog/cuet-ug-accepting-colleges-gurugram-2027-29"
"https://careerwithmohit.online/blog/cuet-ug-accepting-colleges-jaipur-2027-29","CUET UG 2026: Top Accepting Colleges in Jaipur - The Pink City Education Hub","CUET UG colleges in Jaipur 2026","447","B.Tech","2026-04-05","Thin Post (447 words)","Retain URL & Prioritize for Comprehensive Expansion (1200+ words, verified fees/placements, FAQs)","https://careerwithmohit.online/blog/cuet-ug-accepting-colleges-jaipur-2027-29"
"https://careerwithmohit.online/blog/cuet-ug-accepting-colleges-kolkata-2027-29","Top CUET UG Accepting Colleges in Kolkata 2026: The Ultimate Guide","CUET UG colleges in Kolkata 2026","465","B.Tech","2026-04-05","Thin Post (465 words)","Retain URL & Prioritize for Comprehensive Expansion (1200+ words, verified fees/placements, FAQs)","https://careerwithmohit.online/blog/cuet-ug-accepting-colleges-kolkata-2027-29"
"https://careerwithmohit.online/blog/cuet-ug-accepting-colleges-noida-2027-29","Top CUET UG Accepting Colleges in Noida 2026: The Comprehensive List","CUET UG Noida 2026","443","B.Tech","2026-04-05","Thin Post (443 words)","Retain URL & Prioritize for Comprehensive Expansion (1200+ words, verified fees/placements, FAQs)","https://careerwithmohit.online/blog/cuet-ug-accepting-colleges-noida-2027-29"
"https://careerwithmohit.online/blog/cuet-ug-accepting-colleges-pune-2027-29","CUET UG 2026: Top Accepting Colleges in Pune - Oxford of the East","CUET UG colleges in Pune 2026","419","BBA","2026-04-05","Thin Post (419 words)","Retain URL & Prioritize for Comprehensive Expansion (1200+ words, verified fees/placements, FAQs)","https://careerwithmohit.online/blog/cuet-ug-accepting-colleges-pune-2027-29"
"https://careerwithmohit.online/blog/difference-between-mba-and-pgdm-complete-guide-2027","Difference Between MBA and PGDM 2027: Which is Better for Your Career?","difference between mba and pgdm","537","Exams","2026-07-22","Thin Post (537 words)","Retain URL & Prioritize for Comprehensive Expansion (1200+ words, verified fees/placements, FAQs)","https://careerwithmohit.online/blog/difference-between-mba-and-pgdm-complete-guide-2027"
"https://careerwithmohit.online/blog/direct-admission-altera-institute-gurgaon-2027-29","Direct Admission in Altera Institute 2026: MBA/PGDM Selection & Fees","Altera Institute direct admission","517","Exams","2026-03-17","Thin Post (517 words)","Retain URL & Prioritize for Comprehensive Expansion (1200+ words, verified fees/placements, FAQs)","https://careerwithmohit.online/blog/direct-admission-altera-institute-gurgaon-2027-29"
"https://careerwithmohit.online/blog/direct-admission-bimtech-greater-noida-management-quota-2026","Direct Admission in BIMTECH Greater Noida 2026: Management Quota","BIMTECH direct admission","529","Jobs & Careers","2026-03-17","Thin Post (529 words)","Retain URL & Prioritize for Comprehensive Expansion (1200+ words, verified fees/placements, FAQs)","https://careerwithmohit.online/blog/direct-admission-bimtech-greater-noida-management-quota-2026"
"https://careerwithmohit.online/blog/direct-admission-christ-university-bangalore-2027-29","Direct Admission in Christ University Bangalore 2026: Management Quota & Fees","direct admission in [Christ University Bangalore](/colleges/christ-university-bangalore/)","551","Online Degrees","2026-03-17","Thin Post (551 words)","Retain URL & Prioritize for Comprehensive Expansion (1200+ words, verified fees/placements, FAQs)","https://careerwithmohit.online/blog/direct-admission-christ-university-bangalore-2027-29"
"https://careerwithmohit.online/blog/direct-admission-fore-school-of-management-delhi-2027-29","Direct Admission in FORE School of Management 2026: Delhi Quota Facts","FORE Delhi direct admission","535","Jobs & Careers","2026-03-17","Thin Post (535 words)","Retain URL & Prioritize for Comprehensive Expansion (1200+ words, verified fees/placements, FAQs)","https://careerwithmohit.online/blog/direct-admission-fore-school-of-management-delhi-2027-29"
"https://careerwithmohit.online/blog/direct-admission-great-lakes-chennai-nri-quota-2027-29","Great Lakes Chennai NRI Quota Admission 2026: GMAT Cutoffs","Great Lakes Chennai NRI quota","340","Exams","2026-03-18","Thin Post (340 words)","Retain URL & Prioritize for Comprehensive Expansion (1200+ words, verified fees/placements, FAQs)","https://careerwithmohit.online/blog/direct-admission-great-lakes-chennai-nri-quota-2027-29"
"https://careerwithmohit.online/blog/direct-admission-great-lakes-gurgaon-2027-29","Direct Admission in Great Lakes Gurgaon 2026: Merit & Profile Facts","[Great Lakes Gurgaon](/colleges/great-lakes-gurgaon/) direct admission","554","Jobs & Careers","2026-03-17","Thin Post (554 words)","Retain URL & Prioritize for Comprehensive Expansion (1200+ words, verified fees/placements, FAQs)","https://careerwithmohit.online/blog/direct-admission-great-lakes-gurgaon-2027-29"
"https://careerwithmohit.online/blog/direct-admission-iift-nri-quota-2027-29","IIFT NRI & Foreign National Admission 2026: GMAT Cutoffs","IIFT NRI quota 2026","320","Exams","2026-03-18","Thin Post (320 words)","Retain URL & Prioritize for Comprehensive Expansion (1200+ words, verified fees/placements, FAQs)","https://careerwithmohit.online/blog/direct-admission-iift-nri-quota-2027-29"
"https://careerwithmohit.online/blog/direct-admission-imi-delhi-institutional-quota-2027-29","Direct Admission in IMI Delhi 2026: Institutional Quota & Fees","[IMI Delhi](/colleges/imi-delhi/) direct admission","520","Jobs & Careers","2026-03-17","Thin Post (520 words)","Retain URL & Prioritize for Comprehensive Expansion (1200+ words, verified fees/placements, FAQs)","https://careerwithmohit.online/blog/direct-admission-imi-delhi-institutional-quota-2027-29"
"https://careerwithmohit.online/blog/direct-admission-imt-ghaziabad-institutional-quota-2027-29","Direct Admission in IMT Ghaziabad 2026: NRI & Merit Quota Facts","IMT Ghaziabad direct admission","545","Jobs & Careers","2026-03-17","Thin Post (545 words)","Retain URL & Prioritize for Comprehensive Expansion (1200+ words, verified fees/placements, FAQs)","https://careerwithmohit.online/blog/direct-admission-imt-ghaziabad-institutional-quota-2027-29"
"https://careerwithmohit.online/blog/direct-admission-jbims-mumbai-institute-level-seats-2027-29","Direct Admission in JBIMS Mumbai: Institute-Level Seats & NRI Quota 2026","[JBIMS Mumbai](/colleges/jbims-mumbai/) direct admission","568","Online Degrees","2026-03-17","Thin Post (568 words)","Retain URL & Prioritize for Comprehensive Expansion (1200+ words, verified fees/placements, FAQs)","https://careerwithmohit.online/blog/direct-admission-jbims-mumbai-institute-level-seats-2027-29"
"https://careerwithmohit.online/blog/direct-admission-lbsim-delhi-2027-29","Direct Admission in LBSIM Delhi 2026: Management Quota & Facts","LBSIM Delhi direct admission","533","Jobs & Careers","2026-03-17","Thin Post (533 words)","Retain URL & Prioritize for Comprehensive Expansion (1200+ words, verified fees/placements, FAQs)","https://careerwithmohit.online/blog/direct-admission-lbsim-delhi-2027-29"
"https://careerwithmohit.online/blog/direct-admission-masters-union-gurgaon-2027-29","Direct Admission in Masters Union 2026: Profile-Based Selection & MU-SAT","Masters Union direct admission","569","Jobs & Careers","2026-03-17","Thin Post (569 words)","Retain URL & Prioritize for Comprehensive Expansion (1200+ words, verified fees/placements, FAQs)","https://careerwithmohit.online/blog/direct-admission-masters-union-gurgaon-2027-29"
"https://careerwithmohit.online/blog/direct-admission-mba-pgdm-management-quota-2027","Direct Admission in MBA & PGDM Colleges 2027: Management Quota Guide","direct admission in mba colleges india 2027","499","Exams","2026-07-22","Thin Post (499 words)","Retain URL & Prioritize for Comprehensive Expansion (1200+ words, verified fees/placements, FAQs)","https://careerwithmohit.online/blog/direct-admission-mba-pgdm-management-quota-2027"
"https://careerwithmohit.online/blog/direct-admission-mdi-gurgaon-nri-quota-2027-29","MDI Gurgaon NRI Quota Admission 2026: GMAT Cutoffs & Fees","[MDI Gurgaon](/colleges/mdi-gurgaon/) NRI quota 2026","325","Exams","2026-03-18","Thin Post (325 words)","Retain URL & Prioritize for Comprehensive Expansion (1200+ words, verified fees/placements, FAQs)","https://careerwithmohit.online/blog/direct-admission-mdi-gurgaon-nri-quota-2027-29"
"https://careerwithmohit.online/blog/direct-admission-nibm-pune-banking-finance-2027-29","Direct Admission in NIBM Pune 2026: Banking & Finance PGDM Guide","NIBM Pune direct admission","579","Exams","2026-03-17","Thin Post (579 words)","Retain URL & Prioritize for Comprehensive Expansion (1200+ words, verified fees/placements, FAQs)","https://careerwithmohit.online/blog/direct-admission-nibm-pune-banking-finance-2027-29"
"https://careerwithmohit.online/blog/direct-admission-pumba-pune-university-seats-2027-29","Direct Admission in PUMBA Pune: University Seats & CAP Guide 2026","[PUMBA Pune](/colleges/pumba-pune/) direct admission","554","Online Degrees","2026-03-17","Thin Post (554 words)","Retain URL & Prioritize for Comprehensive Expansion (1200+ words, verified fees/placements, FAQs)","https://careerwithmohit.online/blog/direct-admission-pumba-pune-university-seats-2027-29"
"https://careerwithmohit.online/blog/direct-admission-simsree-mumbai-mms-pgdm-2027-29","Direct Admission in SIMSREE Mumbai: MMS vs PGDM Quotas 2027–29","SIMSREE Mumbai direct admission","534","Online Degrees","2026-03-17","Thin Post (534 words)","Retain URL & Prioritize for Comprehensive Expansion (1200+ words, verified fees/placements, FAQs)","https://careerwithmohit.online/blog/direct-admission-simsree-mumbai-mms-pgdm-2027-29"
"https://careerwithmohit.online/blog/direct-admission-tapmi-manipal-mgmt-quota-2027-29","Direct Admission in TAPMI Manipal 2026: Mgmt Quota & Interview Guide","TAPMI Manipal direct admission","503","Exams","2026-03-17","Thin Post (503 words)","Retain URL & Prioritize for Comprehensive Expansion (1200+ words, verified fees/placements, FAQs)","https://careerwithmohit.online/blog/direct-admission-tapmi-manipal-mgmt-quota-2027-29"
"https://careerwithmohit.online/blog/direct-admission-welingkar-mumbai-bangalore-2027-29","Direct Admission in Welingkar (WeSchool) 2026: Mumbai & Bangalore","direct admission in Welingkar Mumbai","547","Online Degrees","2026-03-17","Thin Post (547 words)","Retain URL & Prioritize for Comprehensive Expansion (1200+ words, verified fees/placements, FAQs)","https://careerwithmohit.online/blog/direct-admission-welingkar-mumbai-bangalore-2027-29"
"https://careerwithmohit.online/blog/direct-mba-pgdm-admission-2027-2029-management-quota-guide","Direct MBA & PGDM Admission 2027–2029: Low Percentile, Management Quota & Eligibility Rules","Direct MBA Admission 2027-2029","594","Exams","2026-09-06","Thin Post (594 words)","Retain URL & Prioritize for Comprehensive Expansion (1200+ words, verified fees/placements, FAQs)","https://careerwithmohit.online/blog/direct-mba-pgdm-admission-2027-2029-management-quota-guide"
"https://careerwithmohit.online/blog/direct-mba-pgdm-admission-2027-29-without-cat-xat","Direct MBA/PGDM Admission 2027-29 Without CAT/XAT: Best Colleges Accepting MAT, CMAT & Profile Scores","Direct MBA Admission 2027-29 Without CAT","590","Exams","2026-08-22","Thin Post (590 words)","Retain URL & Prioritize for Comprehensive Expansion (1200+ words, verified fees/placements, FAQs)","https://careerwithmohit.online/blog/direct-mba-pgdm-admission-2027-29-without-cat-xat"
"https://careerwithmohit.online/blog/doms-iit-delhi-mba-placement-report-2027-29","DoMS, IIT Delhi MBA Placement Report 2027–29: Average Package ₹22.52 LPA, Highest ₹43.55 LPA & Analytics Roles","doms iit delhi mba placement report 2027–29","407","Exams","2026-08-15","Thin Post (407 words)","Retain URL & Prioritize for Comprehensive Expansion (1200+ words, verified fees/placements, FAQs)","https://careerwithmohit.online/blog/doms-iit-delhi-mba-placement-report-2027-29"
"https://careerwithmohit.online/blog/doms-iit-madras-mba-placement-report-2027-29","DoMS, IIT Madras MBA Placement Report 2027–29: Average CTC ₹17.90 LPA, Tech MBA Highest ₹81 LPA & High ROI","doms iit madras mba placement report 2027–29","360","Exams","2026-08-15","Thin Post (360 words)","Retain URL & Prioritize for Comprehensive Expansion (1200+ words, verified fees/placements, FAQs)","https://careerwithmohit.online/blog/doms-iit-madras-mba-placement-report-2027-29"
"https://careerwithmohit.online/blog/doms-iit-roorkee-mba-placement-report-2027-29","DoMS, IIT Roorkee MBA Placement Report 2027–29: Average Package ₹17.91 LPA, Median ₹17.64 LPA & 100% Placements","doms iit roorkee mba placement report 2027–29","370","Exams","2026-08-15","Thin Post (370 words)","Retain URL & Prioritize for Comprehensive Expansion (1200+ words, verified fees/placements, FAQs)","https://careerwithmohit.online/blog/doms-iit-roorkee-mba-placement-report-2027-29"
"https://careerwithmohit.online/blog/doon-institute-btech-admission-2026-fees-review","B.Tech at Doon Institute (DIET) Dehradun: Admission 2026, Fees & Review","Doon Institute of Engineering and Technology BTech admission 2026","481","B.Tech","2026-03-24","Thin Post (481 words)","Retain URL & Prioritize for Comprehensive Expansion (1200+ words, verified fees/placements, FAQs)","https://careerwithmohit.online/blog/doon-institute-btech-admission-2026-fees-review"
"https://careerwithmohit.online/blog/dr-harisingh-gour-vishwavidyalaya-dhsgsu-review-2027-29","Dr. Harisingh Gour Vishwavidyalaya (DHSGSU) Review 2027–29: Fees, Placements & CUET Cutoff","[DHSGSU](/blog/dayananda-sagar-university-dsu-bangalore-review-2027-29/) admissions 2026","505","B.Tech","2026-05-24","Thin Post (505 words)","Retain URL & Prioritize for Comprehensive Expansion (1200+ words, verified fees/placements, FAQs)","https://careerwithmohit.online/blog/dr-harisingh-gour-vishwavidyalaya-dhsgsu-review-2027-29"
"https://careerwithmohit.online/blog/dy-patil-bschool-review-2027-29","DY Patil B-School Pune Review 2027–29: Placements & Global Exposure","DY Patil B-School Pune review 2027–29","518","Exams","2026-03-14","Thin Post (518 words)","Retain URL & Prioritize for Comprehensive Expansion (1200+ words, verified fees/placements, FAQs)","https://careerwithmohit.online/blog/dy-patil-bschool-review-2027-29"
"https://careerwithmohit.online/blog/dy-patil-university-review-2027-29","DY Patil University (GBSRC) Pune Review 2027–29: Placements & Academic Legacy","DY Patil University Pune review 2027–29","580","Online Degrees","2026-03-14","Thin Post (580 words)","Retain URL & Prioritize for Comprehensive Expansion (1200+ words, verified fees/placements, FAQs)","https://careerwithmohit.online/blog/dy-patil-university-review-2027-29"
"https://careerwithmohit.online/blog/ey-fresher-hiring-india-2026","EY India Fresher Hiring 2026: Apply for Tech & Consulting Roles","EY fresher hiring 2026","572","B.Tech","2026-04-22","Thin Post (572 words)","Retain URL & Prioritize for Comprehensive Expansion (1200+ words, verified fees/placements, FAQs)","https://careerwithmohit.online/blog/ey-fresher-hiring-india-2026"
"https://careerwithmohit.online/blog/fiib-delhi-placement-review-2027-29","FIIB Delhi Placement Review (2026-2027): Real Placements, Fees & Cutoffs–29: Stats & Recruiters","FIIB Delhi placement review 2027–29","549","Jobs & Careers","2026-03-22","Thin Post (549 words)","Retain URL & Prioritize for Comprehensive Expansion (1200+ words, verified fees/placements, FAQs)","https://careerwithmohit.online/blog/fiib-delhi-placement-review-2027-29"
"https://careerwithmohit.online/blog/fore-school-of-management-delhi-placement-report-2027-29","FORE School of Management Delhi Placement Report 2025: Average CTC ₹16.40 LPA, Median ₹15.20 LPA & Highest ₹29.00 LPA","fore school of management delhi placement report 2025","361","Exams","2026-08-15","Thin Post (361 words)","Retain URL & Prioritize for Comprehensive Expansion (1200+ words, verified fees/placements, FAQs)","https://careerwithmohit.online/blog/fore-school-of-management-delhi-placement-report-2027-29"
"https://careerwithmohit.online/blog/free-afcat-mock-test-2027-29","Free AFCAT 2026 Mock Test 2026: Online Practice Paper & Strategy Guide","AFCAT 2026 mock test free","297","Exams","2026-08-22","Thin Post (297 words)","Retain URL & Prioritize for Comprehensive Expansion (1200+ words, verified fees/placements, FAQs)","https://careerwithmohit.online/blog/free-afcat-mock-test-2027-29"
"https://careerwithmohit.online/blog/free-atma-mock-test-2026-official-cbt-jbims-pumba-cutoff","Free ATMA Mock Test 2026: Official 180-Question CBT with JBIMS & PUMBA Cutoff Predictor","free atma mock test 2026","357","Exams","2026-08-22","Thin Post (357 words)","Retain URL & Prioritize for Comprehensive Expansion (1200+ words, verified fees/placements, FAQs)","https://careerwithmohit.online/blog/free-atma-mock-test-2026-official-cbt-jbims-pumba-cutoff"
"https://careerwithmohit.online/blog/free-bitsat-mock-test-2026","Free BITS Pilani (BITSAT) 2026 Mock Test 2026: Online Practice Paper & Strategy Guide","BITS Pilani (BITSAT) 2026 mock test free","309","Exams","2026-08-22","Thin Post (309 words)","Retain URL & Prioritize for Comprehensive Expansion (1200+ words, verified fees/placements, FAQs)","https://careerwithmohit.online/blog/free-bitsat-mock-test-2026"
"https://careerwithmohit.online/blog/free-cat-mock-test-2026-cbt-practice-iim-predictor","Free CAT Mock Test 2026: Full 68-Question CBT Simulation with IIM Call Predictor","free cat mock test 2026","347","Exams","2026-08-22","Thin Post (347 words)","Retain URL & Prioritize for Comprehensive Expansion (1200+ words, verified fees/placements, FAQs)","https://careerwithmohit.online/blog/free-cat-mock-test-2026-cbt-practice-iim-predictor"
"https://careerwithmohit.online/blog/free-cds-mock-test-2026","Free CDS (Elementary Maths) 2026 Mock Test 2026: Online Practice Paper & Strategy Guide","CDS (Elementary Maths) 2026 mock test free","276","Exams","2026-08-22","Thin Post (276 words)","Retain URL & Prioritize for Comprehensive Expansion (1200+ words, verified fees/placements, FAQs)","https://careerwithmohit.online/blog/free-cds-mock-test-2026"
"https://careerwithmohit.online/blog/free-clat-mock-test-2026","Free CLAT 2026 Mock Test 2026: Online Practice Paper & Strategy Guide","CLAT 2026 mock test free","286","Law","2026-08-22","Thin Post (286 words)","Retain URL & Prioritize for Comprehensive Expansion (1200+ words, verified fees/placements, FAQs)","https://careerwithmohit.online/blog/free-clat-mock-test-2026"
"https://careerwithmohit.online/blog/free-ctet-mock-test-2026","Free CTET 2026 (Paper 1) Mock Test 2026: Online Practice Paper & Strategy Guide","CTET 2026 (Paper 1) mock test free","276","Exams","2026-08-22","Thin Post (276 words)","Retain URL & Prioritize for Comprehensive Expansion (1200+ words, verified fees/placements, FAQs)","https://careerwithmohit.online/blog/free-ctet-mock-test-2026"
"https://careerwithmohit.online/blog/free-cuet-ug-general-test-mock-test-2026","Free CUET UG 2026 (General Test) Mock Test 2026: Online Practice Paper & Strategy Guide","CUET UG 2026 (General Test) mock test free","277","Exams","2026-08-22","Thin Post (277 words)","Retain URL & Prioritize for Comprehensive Expansion (1200+ words, verified fees/placements, FAQs)","https://careerwithmohit.online/blog/free-cuet-ug-general-test-mock-test-2026"
"https://careerwithmohit.online/blog/free-dsssb-mock-test-2026","Free DSSSB PRT/TGT 2026 Mock Test 2026: Online Practice Paper & Strategy Guide","DSSSB PRT/TGT 2026 mock test free","275","Exams","2026-08-22","Thin Post (275 words)","Retain URL & Prioritize for Comprehensive Expansion (1200+ words, verified fees/placements, FAQs)","https://careerwithmohit.online/blog/free-dsssb-mock-test-2026"
"https://careerwithmohit.online/blog/free-duolingo-mock-test-2026","Free Duolingo English Test 2026 Mock Test 2026: Online Practice Paper & Strategy Guide","Duolingo English Test 2026 mock test free","267","Study Abroad","2026-08-22","Thin Post (267 words)","Retain URL & Prioritize for Comprehensive Expansion (1200+ words, verified fees/placements, FAQs)","https://careerwithmohit.online/blog/free-duolingo-mock-test-2026"
"https://careerwithmohit.online/blog/free-gmat-focus-edition-mock-test-2026-scaled-score-solutions","Free MAT 2026 Mock Test 2026: Full CBT Practice Paper with Solutions","free gmat focus edition mock test","341","Study Abroad","2026-08-22","Thin Post (341 words)","Retain URL & Prioritize for Comprehensive Expansion (1200+ words, verified fees/placements, FAQs)","https://careerwithmohit.online/blog/free-gmat-focus-edition-mock-test-2026-scaled-score-solutions"
"https://careerwithmohit.online/blog/free-gre-mock-test-2026","Free GRE General Test 2026 Mock Test 2026: Online Practice Paper & Strategy Guide","GRE General Test 2026 mock test free","276","Exams","2026-08-22","Thin Post (276 words)","Retain URL & Prioritize for Comprehensive Expansion (1200+ words, verified fees/placements, FAQs)","https://careerwithmohit.online/blog/free-gre-mock-test-2026"
"https://careerwithmohit.online/blog/free-ipu-cet-pg-mock-test-2026","Free IPU CET / CUET PG 2026 Mock Test 2026: Online Practice Paper & Strategy Guide","IPU CET / CUET PG 2026 mock test free","278","Exams","2026-08-22","Thin Post (278 words)","Retain URL & Prioritize for Comprehensive Expansion (1200+ words, verified fees/placements, FAQs)","https://careerwithmohit.online/blog/free-ipu-cet-pg-mock-test-2026"
"https://careerwithmohit.online/blog/free-ipu-cet-ug-mock-test-2026","Free IPU CET / CUET UG 2026 Mock Test 2026: Online Practice Paper & Strategy Guide","IPU CET / CUET UG 2026 mock test free","278","Exams","2026-08-22","Thin Post (278 words)","Retain URL & Prioritize for Comprehensive Expansion (1200+ words, verified fees/placements, FAQs)","https://careerwithmohit.online/blog/free-ipu-cet-ug-mock-test-2026"
"https://careerwithmohit.online/blog/free-jee-advanced-mock-test-2026","Free IIT JEE Advanced 2026 Mock Test 2026: Online Practice Paper & Strategy Guide","IIT JEE Advanced 2026 mock test free","277","Exams","2026-08-22","Thin Post (277 words)","Retain URL & Prioritize for Comprehensive Expansion (1200+ words, verified fees/placements, FAQs)","https://careerwithmohit.online/blog/free-jee-advanced-mock-test-2026"
"https://careerwithmohit.online/blog/free-mba-mock-test-with-sectional-timer-and-percentile","Free Free Mock Test Mock Test 2026: Full CBT Practice Paper with Solutions","free mba mock test with sectional timer and percentile","276","Online Degrees","2026-08-22","Thin Post (276 words)","Retain URL & Prioritize for Comprehensive Expansion (1200+ words, verified fees/placements, FAQs)","https://careerwithmohit.online/blog/free-mba-mock-test-with-sectional-timer-and-percentile"
"https://careerwithmohit.online/blog/free-nabard-grade-a-mock-test-2026","Free NABARD Grade A 2026 Mock Test 2026: Online Practice Paper & Strategy Guide","NABARD Grade A 2026 mock test free","276","Exams","2026-08-22","Thin Post (276 words)","Retain URL & Prioritize for Comprehensive Expansion (1200+ words, verified fees/placements, FAQs)","https://careerwithmohit.online/blog/free-nabard-grade-a-mock-test-2026"
"https://careerwithmohit.online/blog/free-nmat-mock-test-2026-cbt-practice-nmims-cutoff","Free NMAT Mock Test 2026: Full 108-Question CBT Simulation with NMIMS Cutoff Predictor","free nmat mock test 2026","326","Exams","2026-08-22","Thin Post (326 words)","Retain URL & Prioritize for Comprehensive Expansion (1200+ words, verified fees/placements, FAQs)","https://careerwithmohit.online/blog/free-nmat-mock-test-2026-cbt-practice-nmims-cutoff"
"https://careerwithmohit.online/blog/free-nmat-mock-test-2026-nmims-prep","Free NMAT 2026 (For Admission 2027) Mock Test 2026: Online Practice Paper & Strategy Guide","NMAT 2026 (For Admission 2027) mock test free","283","Exams","2026-08-22","Thin Post (283 words)","Retain URL & Prioritize for Comprehensive Expansion (1200+ words, verified fees/placements, FAQs)","https://careerwithmohit.online/blog/free-nmat-mock-test-2026-nmims-prep"
"https://careerwithmohit.online/blog/free-online-mock-test-series-2027-29","Free Online Mock Test Series 2026: CAT, JEE, NEET & Govt Exams","free online mock tests 2026","265","Medical/MBBS","2026-08-22","Thin Post (265 words)","Retain URL & Prioritize for Comprehensive Expansion (1200+ words, verified fees/placements, FAQs)","https://careerwithmohit.online/blog/free-online-mock-test-series-2027-29"
"https://careerwithmohit.online/blog/free-rbi-grade-b-mock-test-2026","Free RBI Grade B Phase 1 2026 Mock Test 2026: Online Practice Paper & Strategy Guide","RBI Grade B Phase 1 2026 mock test free","278","Exams","2026-08-22","Thin Post (278 words)","Retain URL & Prioritize for Comprehensive Expansion (1200+ words, verified fees/placements, FAQs)","https://careerwithmohit.online/blog/free-rbi-grade-b-mock-test-2026"
"https://careerwithmohit.online/blog/free-reet-mock-test-2026","Free REET Level 1 2026 Mock Test 2026: Online Practice Paper & Strategy Guide","REET Level 1 2026 mock test free","276","Exams","2026-08-22","Thin Post (276 words)","Retain URL & Prioritize for Comprehensive Expansion (1200+ words, verified fees/placements, FAQs)","https://careerwithmohit.online/blog/free-reet-mock-test-2026"
"https://careerwithmohit.online/blog/free-rpsc-ras-mock-test-2026","Free RPSC RAS Prelims 2026 Mock Test 2026: Online Practice Paper & Strategy Guide","RPSC RAS Prelims 2026 mock test free","276","Exams","2026-08-22","Thin Post (276 words)","Retain URL & Prioritize for Comprehensive Expansion (1200+ words, verified fees/placements, FAQs)","https://careerwithmohit.online/blog/free-rpsc-ras-mock-test-2026"
"https://careerwithmohit.online/blog/free-snap-mock-test-2026-speed-cbt-sibm-pune-cutoff","Free SNAP Mock Test 2026: 60-Question Speed CBT Simulation with SIBM Pune Cutoff Predictor","free snap mock test 2026","342","Exams","2026-08-22","Thin Post (342 words)","Retain URL & Prioritize for Comprehensive Expansion (1200+ words, verified fees/placements, FAQs)","https://careerwithmohit.online/blog/free-snap-mock-test-2026-speed-cbt-sibm-pune-cutoff"
"https://careerwithmohit.online/blog/free-snap-mock-test-2027-29","Free SNAP Dec 2026 Mock Test 2026: Online Practice Paper & Strategy Guide","SNAP Dec 2026 mock test free","278","Exams","2026-08-22","Thin Post (278 words)","Retain URL & Prioritize for Comprehensive Expansion (1200+ words, verified fees/placements, FAQs)","https://careerwithmohit.online/blog/free-snap-mock-test-2027-29"
"https://careerwithmohit.online/blog/free-uppsc-pcs-mock-test-2026","Free UPPSC PCS Prelims 2026 Mock Test 2026: Online Practice Paper & Strategy Guide","UPPSC PCS Prelims 2026 mock test free","276","Exams","2026-08-22","Thin Post (276 words)","Retain URL & Prioritize for Comprehensive Expansion (1200+ words, verified fees/placements, FAQs)","https://careerwithmohit.online/blog/free-uppsc-pcs-mock-test-2026"
"https://careerwithmohit.online/blog/free-upsc-cse-prelims-mock-test-2026","Free UPSC CSE (Prelims) 2026 Mock Test 2026: Online Practice Paper & Strategy Guide","UPSC CSE (Prelims) 2026 mock test free","276","Exams","2026-08-22","Thin Post (276 words)","Retain URL & Prioritize for Comprehensive Expansion (1200+ words, verified fees/placements, FAQs)","https://careerwithmohit.online/blog/free-upsc-cse-prelims-mock-test-2026"
"https://careerwithmohit.online/blog/free-xat-mock-test-2027-decision-making-xlri-predictor","Free XAT Mock Test 2027: Full 95-Question CBT with Decision Making & XLRI Cutoff Predictor","free xat mock test 2027","332","Exams","2026-08-22","Thin Post (332 words)","Retain URL & Prioritize for Comprehensive Expansion (1200+ words, verified fees/placements, FAQs)","https://careerwithmohit.online/blog/free-xat-mock-test-2027-decision-making-xlri-predictor"
"https://careerwithmohit.online/blog/fuel-pune-review-2027-29","FUEL Business School Pune Review (2026-2027): Real Placements, Fees & Cutoffs–29: Skill-Based Management","FUEL Pune review 2027–29","542","Exams","2026-03-14","Thin Post (542 words)","Retain URL & Prioritize for Comprehensive Expansion (1200+ words, verified fees/placements, FAQs)","https://careerwithmohit.online/blog/fuel-pune-review-2027-29"
"https://careerwithmohit.online/blog/gd-goenka-university-btech-admission-2026-fees-review","GD Goenka University Gurugram B.Tech Admission 2026: Fees & Review","GD Goenka University BTech admission 2026","569","Online Degrees","2026-03-24","Thin Post (569 words)","Retain URL & Prioritize for Comprehensive Expansion (1200+ words, verified fees/placements, FAQs)","https://careerwithmohit.online/blog/gd-goenka-university-btech-admission-2026-fees-review"
"https://careerwithmohit.online/blog/gim-goa-pgdm-placement-report-2027-29","Goa Institute of Management (GIM) PGDM Placement Report 2027–29: Average CTC ₹15.30 LPA, Highest ₹32.20 LPA & BDA Surge","gim goa pgdm placement report 2027–29","522","Exams","2026-08-15","Thin Post (522 words)","Retain URL & Prioritize for Comprehensive Expansion (1200+ words, verified fees/placements, FAQs)","https://careerwithmohit.online/blog/gim-goa-pgdm-placement-report-2027-29"
"https://careerwithmohit.online/blog/gl-bajaj-btech-admission-2026-fees-cutoff","GL Bajaj Greater Noida B.Tech Admission 2026: Cutoffs, Fees & Review","GL Bajaj Greater Noida BTech admission 2026","553","B.Tech","2026-03-24","Thin Post (553 words)","Retain URL & Prioritize for Comprehensive Expansion (1200+ words, verified fees/placements, FAQs)","https://careerwithmohit.online/blog/gl-bajaj-btech-admission-2026-fees-cutoff"
"https://careerwithmohit.online/blog/gl-bajaj-greater-noida-placement-review-2027-29","GL Bajaj Greater Noida MBA Placement Review (2026-2027): Real Placements, Fees & Cutoffs–29: Highest Packages & Recruiters","GL Bajaj Greater Noida placement 2025","570","Jobs & Careers","2026-03-22","Thin Post (570 words)","Retain URL & Prioritize for Comprehensive Expansion (1200+ words, verified fees/placements, FAQs)","https://careerwithmohit.online/blog/gl-bajaj-greater-noida-placement-review-2027-29"
"https://careerwithmohit.online/blog/great-lakes-chennai-gurgaon-placement-report-2027-29","Great Lakes (GLIM) Chennai & Gurgaon Placement Report 2025: PGPM Avg ₹17.80 LPA, PGDM Avg ₹15.00 LPA & Highest ₹39.30 LPA","great lakes placement report 2025","409","Exams","2026-08-15","Thin Post (409 words)","Retain URL & Prioritize for Comprehensive Expansion (1200+ words, verified fees/placements, FAQs)","https://careerwithmohit.online/blog/great-lakes-chennai-gurgaon-placement-report-2027-29"
"https://careerwithmohit.online/blog/guru-ghasidas-vishwavidyalaya-ggv-review-2027-29","Guru Ghasidas Vishwavidyalaya (GGV) Review 2027–29: Fees, Placements & CUET Cutoff","Guru Ghasidas Vishwavidyalaya review","539","B.Tech","2026-05-24","Thin Post (539 words)","Retain URL & Prioritize for Comprehensive Expansion (1200+ words, verified fees/placements, FAQs)","https://careerwithmohit.online/blog/guru-ghasidas-vishwavidyalaya-ggv-review-2027-29"
"https://careerwithmohit.online/blog/hemvati-nandan-bahuguna-garhwal-university-hnbgu-review-2027-29","Hemvati Nandan Bahuguna Garhwal University (HNBGU) Review (2026-2027): Real Placements, Fees & Cutoffs–29","HNBGU review 2027–29","568","Online Degrees","2026-05-24","Thin Post (568 words)","Retain URL & Prioritize for Comprehensive Expansion (1200+ words, verified fees/placements, FAQs)","https://careerwithmohit.online/blog/hemvati-nandan-bahuguna-garhwal-university-hnbgu-review-2027-29"
"https://careerwithmohit.online/blog/hiring-backend-developer-optimhire","Hiring: Backend Developer at OptimHire - Fully Remote","Backend Developer jobs","373","Jobs & Careers","2026-03-22","Thin Post (373 words)","Retain URL & Prioritize for Comprehensive Expansion (1200+ words, verified fees/placements, FAQs)","https://careerwithmohit.online/blog/hiring-backend-developer-optimhire"
"https://careerwithmohit.online/blog/hiring-business-development-executive-(saas)-rannkly","Hiring: Business Development Executive (SaaS) at Rannkly - Noida, UP","Business Development Executive (SaaS) jobs","373","Jobs & Careers","2026-03-22","Thin Post (373 words)","Retain URL & Prioritize for Comprehensive Expansion (1200+ words, verified fees/placements, FAQs)","https://careerwithmohit.online/blog/hiring-business-development-executive-(saas)-rannkly"
"https://careerwithmohit.online/blog/hiring-data-scientist-sr.-ml-engineer-ithena-technologies","Hiring: Data Scientist / Sr. ML Engineer at Ithena Technologies - Pune, MH","Data Scientist / Sr. ML Engineer jobs","374","Jobs & Careers","2026-03-22","Thin Post (374 words)","Retain URL & Prioritize for Comprehensive Expansion (1200+ words, verified fees/placements, FAQs)","https://careerwithmohit.online/blog/hiring-data-scientist-sr.-ml-engineer-ithena-technologies"
"https://careerwithmohit.online/blog/hiring-full-stack-developer-b-informative-it-services","Hiring: Full Stack Developer at B-Informative IT Services - Bengaluru, KA","Full Stack Developer jobs","372","Jobs & Careers","2026-03-22","Thin Post (372 words)","Retain URL & Prioritize for Comprehensive Expansion (1200+ words, verified fees/placements, FAQs)","https://careerwithmohit.online/blog/hiring-full-stack-developer-b-informative-it-services"
"https://careerwithmohit.online/blog/hiring-inside-sales-consultant-zopsmart","Hiring: Inside Sales Consultant at Zopsmart - Noida, UP","Inside Sales Consultant jobs","370","Jobs & Careers","2026-03-22","Thin Post (370 words)","Retain URL & Prioritize for Comprehensive Expansion (1200+ words, verified fees/placements, FAQs)","https://careerwithmohit.online/blog/hiring-inside-sales-consultant-zopsmart"
"https://careerwithmohit.online/blog/hiring-power-bi-developer-b-informative-it-services","Hiring: Power BI Developer at B-Informative IT Services - Bengaluru, KA","Power BI Developer jobs","375","Jobs & Careers","2026-03-22","Thin Post (375 words)","Retain URL & Prioritize for Comprehensive Expansion (1200+ words, verified fees/placements, FAQs)","https://careerwithmohit.online/blog/hiring-power-bi-developer-b-informative-it-services"
"https://careerwithmohit.online/blog/hiring-senior-analyst-(data-scientist)-b-informative-it-services","Hiring: Senior Analyst (Data Scientist) at B-Informative IT Services - Bengaluru, KA","Senior Analyst (Data Scientist) jobs","374","Jobs & Careers","2026-03-22","Thin Post (374 words)","Retain URL & Prioritize for Comprehensive Expansion (1200+ words, verified fees/placements, FAQs)","https://careerwithmohit.online/blog/hiring-senior-analyst-(data-scientist)-b-informative-it-services"
"https://careerwithmohit.online/blog/hiring-social-media-marketing-executive-talknlock","Hiring: Social Media Marketing Executive at Talknlock - Jaipur, RJ","Social Media Marketing Executive jobs","371","Jobs & Careers","2026-03-22","Thin Post (371 words)","Retain URL & Prioritize for Comprehensive Expansion (1200+ words, verified fees/placements, FAQs)","https://careerwithmohit.online/blog/hiring-social-media-marketing-executive-talknlock"
"https://careerwithmohit.online/blog/hiring-social-media-strategist-talknlock","Hiring: Social Media Strategist at Talknlock - Jaipur, RJ","Social Media Strategist jobs","372","Jobs & Careers","2026-03-22","Thin Post (372 words)","Retain URL & Prioritize for Comprehensive Expansion (1200+ words, verified fees/placements, FAQs)","https://careerwithmohit.online/blog/hiring-social-media-strategist-talknlock"
"https://careerwithmohit.online/blog/hiring-wordpress-developer-allegiance-group","Hiring: WordPress Developer at Allegiance Group - Fully Remote","WordPress Developer jobs","369","Jobs & Careers","2026-03-22","Thin Post (369 words)","Retain URL & Prioritize for Comprehensive Expansion (1200+ words, verified fees/placements, FAQs)","https://careerwithmohit.online/blog/hiring-wordpress-developer-allegiance-group"
"https://careerwithmohit.online/blog/how-to-check-cuet-pg-2026-response-sheet-marks","How to Check CUET PG 2026 Response Sheet & Calculate Your Score","check CUET PG 2026 response sheet","572","Jobs & Careers","2026-03-27","Thin Post (572 words)","Retain URL & Prioritize for Comprehensive Expansion (1200+ words, verified fees/placements, FAQs)","https://careerwithmohit.online/blog/how-to-check-cuet-pg-2026-response-sheet-marks"
"https://careerwithmohit.online/blog/how-to-learn-chinese-language-2027-29","How to Learn Chinese Language in 2026: Fast-Track Your Global Career","how to learn Chinese in 2026","485","Jobs & Careers","2026-03-22","Thin Post (485 words)","Retain URL & Prioritize for Comprehensive Expansion (1200+ words, verified fees/placements, FAQs)","https://careerwithmohit.online/blog/how-to-learn-chinese-language-2027-29"
"https://careerwithmohit.online/blog/how-to-learn-french-language-2027-29","How to Learn French Language in 2026: Fast-Track Your Global Career","how to learn French in 2026","483","Study Abroad","2026-03-22","Thin Post (483 words)","Retain URL & Prioritize for Comprehensive Expansion (1200+ words, verified fees/placements, FAQs)","https://careerwithmohit.online/blog/how-to-learn-french-language-2027-29"
"https://careerwithmohit.online/blog/how-to-learn-german-language-2027-29","How to Learn German Language in 2026: Fast-Track Your Global Career","how to learn German in 2026","485","Jobs & Careers","2026-03-22","Thin Post (485 words)","Retain URL & Prioritize for Comprehensive Expansion (1200+ words, verified fees/placements, FAQs)","https://careerwithmohit.online/blog/how-to-learn-german-language-2027-29"
"https://careerwithmohit.online/blog/how-to-learn-italian-language-2027-29","How to Learn Italian Language in 2026: Fast-Track Your Global Career","how to learn Italian in 2026","483","Study Abroad","2026-03-22","Thin Post (483 words)","Retain URL & Prioritize for Comprehensive Expansion (1200+ words, verified fees/placements, FAQs)","https://careerwithmohit.online/blog/how-to-learn-italian-language-2027-29"
"https://careerwithmohit.online/blog/how-to-learn-japanese-language-2027-29","How to Learn Japanese Language in 2026: Fast-Track Your Global Career","how to learn Japanese in 2026","492","Jobs & Careers","2026-03-22","Thin Post (492 words)","Retain URL & Prioritize for Comprehensive Expansion (1200+ words, verified fees/placements, FAQs)","https://careerwithmohit.online/blog/how-to-learn-japanese-language-2027-29"
"https://careerwithmohit.online/blog/how-to-learn-korean-language-2027-29","How to Learn Korean Language in 2026: Fast-Track Your Global Career","how to learn Korean in 2026","495","Study Abroad","2026-03-22","Thin Post (495 words)","Retain URL & Prioritize for Comprehensive Expansion (1200+ words, verified fees/placements, FAQs)","https://careerwithmohit.online/blog/how-to-learn-korean-language-2027-29"
"https://careerwithmohit.online/blog/iim-selection-criteria-composite-score-2027","IIM Selection Criteria 2027: CAT vs Academics Weight","iim selection criteria 2027","526","MBA","2026-10-06","Thin Post (526 words)","Retain URL & Prioritize for Comprehensive Expansion (1200+ words, verified fees/placements, FAQs)","https://careerwithmohit.online/blog/iim-selection-criteria-composite-score-2027"
"https://careerwithmohit.online/blog/iit-kanpur-ime-mba-placement-report-2027-29","IIT Kanpur (IME) MBA Placement Report 2027–29: Analytics, FinTech & Operations Powerhouse","iit kanpur ime mba placement report 2027–29","385","Exams","2026-08-15","Thin Post (385 words)","Retain URL & Prioritize for Comprehensive Expansion (1200+ words, verified fees/placements, FAQs)","https://careerwithmohit.online/blog/iit-kanpur-ime-mba-placement-report-2027-29"
"https://careerwithmohit.online/blog/imi-new-delhi-pgdm-placement-report-2027-29","IMI New Delhi PGDM Placement Report 2027–29: Average CTC ₹18.28 LPA, Highest ₹40.31 LPA & Top Consulting Firms","imi new delhi pgdm placement report 2027–29","382","Exams","2026-08-15","Thin Post (382 words)","Retain URL & Prioritize for Comprehensive Expansion (1200+ words, verified fees/placements, FAQs)","https://careerwithmohit.online/blog/imi-new-delhi-pgdm-placement-report-2027-29"
"https://careerwithmohit.online/blog/imt-ghaziabad-pgdm-placement-report-2027-29","IMT Ghaziabad PGDM Placement Report 2027–29: Average CTC ₹16.25 - 18.89 LPA, Highest ₹41.55 LPA & Marketing Capital","imt ghaziabad pgdm placement report 2027–29","373","Exams","2026-08-15","Thin Post (373 words)","Retain URL & Prioritize for Comprehensive Expansion (1200+ words, verified fees/placements, FAQs)","https://careerwithmohit.online/blog/imt-ghaziabad-pgdm-placement-report-2027-29"
"https://careerwithmohit.online/blog/indira-pune-review-2027-29","Indira Group of Institutes Pune Review 2027–29: Placements & Corporate Connect","Indira Pune review 2027–29","560","Exams","2026-03-14","Thin Post (560 words)","Retain URL & Prioritize for Comprehensive Expansion (1200+ words, verified fees/placements, FAQs)","https://careerwithmohit.online/blog/indira-pune-review-2027-29"
"https://careerwithmohit.online/blog/ipu-cet-2026-ug-exam-updates-dates-registration","IPU CET 2026 UG Exam Updates: Extended Registration & Exam Dates Released","IPU CET 2026 UG","533","B.Tech","2026-04-05","Thin Post (533 words)","Retain URL & Prioritize for Comprehensive Expansion (1200+ words, verified fees/placements, FAQs)","https://careerwithmohit.online/blog/ipu-cet-2026-ug-exam-updates-dates-registration"
"https://careerwithmohit.online/blog/is-online-bba-degree-valid-government-jobs-upsc-bank-exams","Is an Online BBA Degree Valid for Government Jobs, UPSC, and Bank Exams?","online BBA validity government jobs","582","Online Degrees","2026-06-02","Thin Post (582 words)","Retain URL & Prioritize for Comprehensive Expansion (1200+ words, verified fees/placements, FAQs)","https://careerwithmohit.online/blog/is-online-bba-degree-valid-government-jobs-upsc-bank-exams"
"https://careerwithmohit.online/blog/isbm-pune-review-2027-29","ISB&M Pune PGDM Review 2027–29: Global Placements & Career Growth","ISB&M Pune review 2027–29","566","Exams","2026-03-14","Thin Post (566 words)","Retain URL & Prioritize for Comprehensive Expansion (1200+ words, verified fees/placements, FAQs)","https://careerwithmohit.online/blog/isbm-pune-review-2027-29"
"https://careerwithmohit.online/blog/jaipuria-noida-placement-review-2027-29","Jaipuria Noida Placement Review (2026-2027): Real Placements, Fees & Cutoffs–29: Highest Packages & Recruiters","[Jaipuria Noida](/colleges/jaipuria-noida/) placement 2025","400","Jobs & Careers","2026-03-22","Thin Post (400 words)","Retain URL & Prioritize for Comprehensive Expansion (1200+ words, verified fees/placements, FAQs)","https://careerwithmohit.online/blog/jaipuria-noida-placement-review-2027-29"
"https://careerwithmohit.online/blog/jamia-millia-islamia-jmi-review-2027-29","Jamia Millia Islamia (JMI) Review 2027–29: Fees, Placements & CUET Cutoff","Jamia Millia Islamia 2026","577","B.Tech","2026-05-24","Thin Post (577 words)","Retain URL & Prioritize for Comprehensive Expansion (1200+ words, verified fees/placements, FAQs)","https://careerwithmohit.online/blog/jamia-millia-islamia-jmi-review-2027-29"
"https://careerwithmohit.online/blog/jaypee-noida-jiit-btech-admission-2026-fees-cutoff","JIIT Noida B.Tech Admission 2026: Cutoffs, Fees & Review (Jaypee Noida)","JIIT Noida BTech admission 2026","588","B.Tech","2026-03-24","Thin Post (588 words)","Retain URL & Prioritize for Comprehensive Expansion (1200+ words, verified fees/placements, FAQs)","https://careerwithmohit.online/blog/jaypee-noida-jiit-btech-admission-2026-fees-cutoff"
"https://careerwithmohit.online/blog/jee-advanced-2026-full-length-mock-test-rank-predictor","JEE Advanced 2026 Mock Test: Master Paper 1 with Rank Predictor","JEE Advanced mock test 2026","248","B.Tech","2026-08-22","Thin Post (248 words)","Retain URL & Prioritize for Comprehensive Expansion (1200+ words, verified fees/placements, FAQs)","https://careerwithmohit.online/blog/jee-advanced-2026-full-length-mock-test-rank-predictor"
"https://careerwithmohit.online/blog/jee-main-2026-score-calculator-marks-vs-percentile","JEE Main 2026 Score Calculator: How to Check Your Marks & Percentile","JEE Main 2026 score calculator","586","B.Tech","2026-04-13","Thin Post (586 words)","Retain URL & Prioritize for Comprehensive Expansion (1200+ words, verified fees/placements, FAQs)","https://careerwithmohit.online/blog/jee-main-2026-score-calculator-marks-vs-percentile"
"https://careerwithmohit.online/blog/jee-main-2026-session-2-marks-vs-percentile","JEE Main 2026 Session 2 Marks vs Percentile Analysis: April Attempt","JEE Main 2026 Session 2 marks vs percentile","583","B.Tech","2026-04-13","Thin Post (583 words)","Retain URL & Prioritize for Comprehensive Expansion (1200+ words, verified fees/placements, FAQs)","https://careerwithmohit.online/blog/jee-main-2026-session-2-marks-vs-percentile"
"https://careerwithmohit.online/blog/jee-main-college-predictor-2026-btech-top-colleges","JEE Main College Predictor 2026: Predict Your B.Tech Admissions & Top Colleges","JEE Main college predictor 2026","575","B.Tech","2026-03-23","Thin Post (575 words)","Retain URL & Prioritize for Comprehensive Expansion (1200+ words, verified fees/placements, FAQs)","https://careerwithmohit.online/blog/jee-main-college-predictor-2026-btech-top-colleges"
"https://careerwithmohit.online/blog/jklu-jaipur-btech-admission-2026-fees-review","JK Lakshmipat University (JKLU) Jaipur B.Tech Admission 2026: Fees & Review","JKLU Jaipur BTech admission 2026","552","B.Tech","2026-03-24","Thin Post (552 words)","Retain URL & Prioritize for Comprehensive Expansion (1200+ words, verified fees/placements, FAQs)","https://careerwithmohit.online/blog/jklu-jaipur-btech-admission-2026-fees-review"
"https://careerwithmohit.online/blog/jss-noida-btech-admission-2026-fees-cutoff","JSS Academy of Technical Education (JSS) Noida B.Tech Admission 2026: Fees & Review","JSS Noida BTech admission 2026","565","B.Tech","2026-03-24","Thin Post (565 words)","Retain URL & Prioritize for Comprehensive Expansion (1200+ words, verified fees/placements, FAQs)","https://careerwithmohit.online/blog/jss-noida-btech-admission-2026-fees-cutoff"
"https://careerwithmohit.online/blog/kiet-ghaziabad-btech-admission-2026-fees-cutoff","KIET Group of Institutions Ghaziabad B.Tech Admission 2026: Cutoffs, Fees & Review","KIET Ghaziabad BTech admission 2026","553","B.Tech","2026-03-24","Thin Post (553 words)","Retain URL & Prioritize for Comprehensive Expansion (1200+ words, verified fees/placements, FAQs)","https://careerwithmohit.online/blog/kiet-ghaziabad-btech-admission-2026-fees-cutoff"
"https://careerwithmohit.online/blog/kj-somaiya-mumbai-mba-placement-report-2027-29","KJ Somaiya (KJSIM) Mumbai MBA Placement Report 2027–29: Audited Average CTC ₹12.70 LPA, Highest ₹23.03 LPA","kj somaiya mba placement report 2027–29","382","Exams","2026-08-15","Thin Post (382 words)","Retain URL & Prioritize for Comprehensive Expansion (1200+ words, verified fees/placements, FAQs)","https://careerwithmohit.online/blog/kj-somaiya-mumbai-mba-placement-report-2027-29"
"https://careerwithmohit.online/blog/kr-mangalam-university-btech-admission-2026-fees-review","KR Mangalam University Gurugram B.Tech Admission 2026: Fees & Review","KR Mangalam University BTech admission 2026","578","Online Degrees","2026-03-24","Thin Post (578 words)","Retain URL & Prioritize for Comprehensive Expansion (1200+ words, verified fees/placements, FAQs)","https://careerwithmohit.online/blog/kr-mangalam-university-btech-admission-2026-fees-review"
"https://careerwithmohit.online/blog/low-cat-cmat-percentile-50-70-top-pgdm-colleges-2027-29","Low CAT/CMAT Percentile (50-70%ile)? Top PGDM Colleges You Can Still Target for 2027-29","Low CAT Percentile PGDM Colleges 2027-29","599","Exams","2026-08-22","Thin Post (599 words)","Retain URL & Prioritize for Comprehensive Expansion (1200+ words, verified fees/placements, FAQs)","https://careerwithmohit.online/blog/low-cat-cmat-percentile-50-70-top-pgdm-colleges-2027-29"
"https://careerwithmohit.online/blog/mahatma-gandhi-central-university-mgcub-review-2027-29","Mahatma Gandhi Central University (MGCUB) Review 2027–29: Fees & Placements","MGCUB review 2027–29","552","Online Degrees","2026-05-24","Thin Post (552 words)","Retain URL & Prioritize for Comprehensive Expansion (1200+ words, verified fees/placements, FAQs)","https://careerwithmohit.online/blog/mahatma-gandhi-central-university-mgcub-review-2027-29"
"https://careerwithmohit.online/blog/mait-delhi-btech-admission-2026-fees-cutoff","Maharaja Agrasen Institute of Technology (MAIT) B.Tech Admission 2026: Cutoffs, Fees & Review","MAIT Delhi BTech admission 2026","574","B.Tech","2026-03-24","Thin Post (574 words)","Retain URL & Prioritize for Comprehensive Expansion (1200+ words, verified fees/placements, FAQs)","https://careerwithmohit.online/blog/mait-delhi-btech-admission-2026-fees-cutoff"
"https://careerwithmohit.online/blog/mbbs-colleges-in-bangladesh-2026","MBBS Colleges in Bangladesh 2026 — Fees, Admission for Indian Students & High FMGE Pass Rate","mbbs colleges in bangladesh 2026","361","Medical/MBBS","2026-07-21","Thin Post (361 words)","Retain URL & Prioritize for Comprehensive Expansion (1200+ words, verified fees/placements, FAQs)","https://careerwithmohit.online/blog/mbbs-colleges-in-bangladesh-2026"
"https://careerwithmohit.online/blog/mbbs-colleges-in-georgia-2026","MBBS Colleges in Georgia 2026 — Fees, Top Medical Universities & European Standards","mbbs colleges in georgia 2026","358","Medical/MBBS","2026-07-21","Thin Post (358 words)","Retain URL & Prioritize for Comprehensive Expansion (1200+ words, verified fees/placements, FAQs)","https://careerwithmohit.online/blog/mbbs-colleges-in-georgia-2026"
"https://careerwithmohit.online/blog/mbbs-colleges-in-germany-2026","MBBS Colleges in Germany 2026 — Free Education / Low Tuition, German Language & Admission Guide","mbbs in germany for indian students 2026","365","Medical/MBBS","2026-07-21","Thin Post (365 words)","Retain URL & Prioritize for Comprehensive Expansion (1200+ words, verified fees/placements, FAQs)","https://careerwithmohit.online/blog/mbbs-colleges-in-germany-2026"
"https://careerwithmohit.online/blog/mbbs-colleges-in-kazakhstan-2026","MBBS Colleges in Kazakhstan 2026 — Fees, Top Medical Universities & Admission Process","mbbs colleges in kazakhstan 2026","358","Medical/MBBS","2026-07-21","Thin Post (358 words)","Retain URL & Prioritize for Comprehensive Expansion (1200+ words, verified fees/placements, FAQs)","https://careerwithmohit.online/blog/mbbs-colleges-in-kazakhstan-2026"
"https://careerwithmohit.online/blog/mbbs-colleges-in-nepal-2026","MBBS Colleges in Nepal 2026 — Fees, Admission Process for Indian Students & NMC Approval","mbbs colleges in nepal 2026","357","Medical/MBBS","2026-07-21","Thin Post (357 words)","Retain URL & Prioritize for Comprehensive Expansion (1200+ words, verified fees/placements, FAQs)","https://careerwithmohit.online/blog/mbbs-colleges-in-nepal-2026"
"https://careerwithmohit.online/blog/mbbs-colleges-in-philippines-2026","MBBS / MD Colleges in Philippines 2026 — Fees, NMAT, BS+MD Course & NMC Guidelines","mbbs colleges in philippines 2026","356","Medical/MBBS","2026-07-21","Thin Post (356 words)","Retain URL & Prioritize for Comprehensive Expansion (1200+ words, verified fees/placements, FAQs)","https://careerwithmohit.online/blog/mbbs-colleges-in-philippines-2026"
"https://careerwithmohit.online/blog/mbbs-colleges-in-poland-2026","MBBS Colleges in Poland 2026 — Fees, Top Medical Universities & EU Practice License","mbbs colleges in poland 2026","329","Medical/MBBS","2026-07-21","Thin Post (329 words)","Retain URL & Prioritize for Comprehensive Expansion (1200+ words, verified fees/placements, FAQs)","https://careerwithmohit.online/blog/mbbs-colleges-in-poland-2026"
"https://careerwithmohit.online/blog/mbbs-colleges-in-romania-2026","MBBS Colleges in Romania 2026 — Fees, Top Medical Universities & European Union Qualification","mbbs colleges in romania 2026","348","Medical/MBBS","2026-07-21","Thin Post (348 words)","Retain URL & Prioritize for Comprehensive Expansion (1200+ words, verified fees/placements, FAQs)","https://careerwithmohit.online/blog/mbbs-colleges-in-romania-2026"
"https://careerwithmohit.online/blog/mbbs-colleges-in-uk-2026","MBBS Colleges in UK 2026 — Fees, UCAT Requirements, Top Medical Schools & PLAB Pathway","mbbs colleges in uk 2026","346","Medical/MBBS","2026-07-21","Thin Post (346 words)","Retain URL & Prioritize for Comprehensive Expansion (1200+ words, verified fees/placements, FAQs)","https://careerwithmohit.online/blog/mbbs-colleges-in-uk-2026"
"https://careerwithmohit.online/blog/mbbs-colleges-in-usa-2026","MBBS / MD Colleges in USA 2026 — BS-MD Pathway, USMLE, Fees & Top Medical Schools","mbbs in usa for indian students 2026","335","Medical/MBBS","2026-07-21","Thin Post (335 words)","Retain URL & Prioritize for Comprehensive Expansion (1200+ words, verified fees/placements, FAQs)","https://careerwithmohit.online/blog/mbbs-colleges-in-usa-2026"
"https://careerwithmohit.online/blog/mbbs-colleges-in-uzbekistan-2026","MBBS Colleges in Uzbekistan 2026 — Lowest Fees, Top Universities & NMC Rules","mbbs colleges in uzbekistan 2026","475","Medical/MBBS","2026-07-21","Thin Post (475 words)","Retain URL & Prioritize for Comprehensive Expansion (1200+ words, verified fees/placements, FAQs)","https://careerwithmohit.online/blog/mbbs-colleges-in-uzbekistan-2026"
"https://careerwithmohit.online/blog/mdi-gurgaon-pgdm-placement-report-2027-29","MDI Gurgaon PGDM Placement Report 2027–29: Average CTC ₹25.60 LPA, Highest ₹53.60 LPA & 147 Recruiters","mdi gurgaon pgdm placement report 2027–29","448","Exams","2026-08-15","Thin Post (448 words)","Retain URL & Prioritize for Comprehensive Expansion (1200+ words, verified fees/placements, FAQs)","https://careerwithmohit.online/blog/mdi-gurgaon-pgdm-placement-report-2027-29"
"https://careerwithmohit.online/blog/mht-cet-cap-counselling-2026-btech-admission-guide","MHT-CET CAP 2026: Dates, Registration & Choice Filling Guide","MHT-CET CAP 2026 dates","594","B.Tech","2026-03-24","Thin Post (594 words)","Retain URL & Prioritize for Comprehensive Expansion (1200+ words, verified fees/placements, FAQs)","https://careerwithmohit.online/blog/mht-cet-cap-counselling-2026-btech-admission-guide"
"https://careerwithmohit.online/blog/mica-ahmedabad-pgdm-placement-report-2027-29","MICA Ahmedabad PGDM Placement Report 2027–29: Average CTC ₹19.22 LPA, Highest ₹40.91 LPA & 100% Placements","mica ahmedabad pgdm placement report 2027–29","384","Exams","2026-08-15","Thin Post (384 words)","Retain URL & Prioritize for Comprehensive Expansion (1200+ words, verified fees/placements, FAQs)","https://careerwithmohit.online/blog/mica-ahmedabad-pgdm-placement-report-2027-29"
"https://careerwithmohit.online/blog/mizoram-university-mzu-review-2027-29","Mizoram University (MZU) Review 2027–29: Fees, Placements & Cutoff","[Mizoram University](/colleges/) admissions 2026","481","Online Degrees","2026-05-24","Thin Post (481 words)","Retain URL & Prioritize for Comprehensive Expansion (1200+ words, verified fees/placements, FAQs)","https://careerwithmohit.online/blog/mizoram-university-mzu-review-2027-29"
"https://careerwithmohit.online/blog/ms-ramaiah-msrit-btech-admission-2026-fees-cutoff","MS Ramaiah Institute of Technology (MSRIT) B.Tech Admission 2026: Cutoffs, Fees & Review","MS Ramaiah Bangalore BTech admission 2026","561","B.Tech","2026-03-24","Thin Post (561 words)","Retain URL & Prioritize for Comprehensive Expansion (1200+ words, verified fees/placements, FAQs)","https://careerwithmohit.online/blog/ms-ramaiah-msrit-btech-admission-2026-fees-cutoff"
"https://careerwithmohit.online/blog/msit-delhi-btech-admission-2026-fees-cutoff","Maharaja Surajmal Institute of Technology (MSIT) B.Tech Admission 2026: Cutoffs & Review","MSIT Delhi BTech admission 2026","578","B.Tech","2026-03-24","Thin Post (578 words)","Retain URL & Prioritize for Comprehensive Expansion (1200+ words, verified fees/placements, FAQs)","https://careerwithmohit.online/blog/msit-delhi-btech-admission-2026-fees-cutoff"
"https://careerwithmohit.online/blog/ndim-placement-review-2027-29","NDIM New Delhi Placement Review (2026-2027): Real Placements, Fees & Cutoffs–29: Highest & Average Packages","NDIM Delhi placement review 2027–29","595","Exams","2026-03-22","Thin Post (595 words)","Retain URL & Prioritize for Comprehensive Expansion (1200+ words, verified fees/placements, FAQs)","https://careerwithmohit.online/blog/ndim-placement-review-2027-29"
"https://careerwithmohit.online/blog/neet-ug-2026-official-answer-key-expected-date-guide","NEET UG 2026 Official Answer Key: Expected Release Date & Download Guide","NEET UG 2026 answer key release date","595","Medical/MBBS","2026-05-06","Thin Post (595 words)","Retain URL & Prioritize for Comprehensive Expansion (1200+ words, verified fees/placements, FAQs)","https://careerwithmohit.online/blog/neet-ug-2026-official-answer-key-expected-date-guide"
"https://careerwithmohit.online/blog/nibm-pune-review-2027-29","NIBM Pune PGDM (B&FS) Review 2027–29: Placements, Fees & Banking Careers","NIBM Pune review 2027–29","563","Exams","2026-03-14","Thin Post (563 words)","Retain URL & Prioritize for Comprehensive Expansion (1200+ words, verified fees/placements, FAQs)","https://careerwithmohit.online/blog/nibm-pune-review-2027-29"
"https://careerwithmohit.online/blog/nmat-exam-2026-2027-accepting-colleges-mumbai-bangalore-pune-delhi","NMAT Exam 2026-27: Top Accepting MBA Colleges in Mumbai, Bangalore, Pune & Delhi NCR","nmat exam","544","Exams","2026-09-03","Thin Post (544 words)","Retain URL & Prioritize for Comprehensive Expansion (1200+ words, verified fees/placements, FAQs)","https://careerwithmohit.online/blog/nmat-exam-2026-2027-accepting-colleges-mumbai-bangalore-pune-delhi"
"https://careerwithmohit.online/blog/pbs-pune-review-2027-29","Pune Business School (PBS) Review (2026-2027): Real Placements, Fees & Cutoffs–29: A Rising PGDM Powerhouse","Pune Business School review 2027–29","551","Exams","2026-03-14","Thin Post (551 words)","Retain URL & Prioritize for Comprehensive Expansion (1200+ words, verified fees/placements, FAQs)","https://careerwithmohit.online/blog/pbs-pune-review-2027-29"
"https://careerwithmohit.online/blog/pcu-pune-review-2027-29","Pimpri Chinchwad University (PCU) MBA Review (2026-2027): Real Placements, Fees & Cutoffs–29: Tech-Integrated Management","PCU Pune review 2027–29","545","Exams","2026-03-14","Thin Post (545 words)","Retain URL & Prioritize for Comprehensive Expansion (1200+ words, verified fees/placements, FAQs)","https://careerwithmohit.online/blog/pcu-pune-review-2027-29"
"https://careerwithmohit.online/blog/pumba-pune-review-2027-29","PUMBA Pune MBA Review 2024-25: The King of ROI","[PUMBA Pune](/colleges/pumba-pune/) review 2027–29","586","Online Degrees","2026-03-14","Thin Post (586 words)","Retain URL & Prioritize for Comprehensive Expansion (1200+ words, verified fees/placements, FAQs)","https://careerwithmohit.online/blog/pumba-pune-review-2027-29"
"https://careerwithmohit.online/blog/quantum-university-btech-admission-2026-fees-review","Quantum University Roorkee B.Tech Admission 2026: Fees & Review","[Quantum University](/colleges/quantum-university-roorkee/) Roorkee BTech admission 2026","577","Online Degrees","2026-03-24","Thin Post (577 words)","Retain URL & Prioritize for Comprehensive Expansion (1200+ words, verified fees/placements, FAQs)","https://careerwithmohit.online/blog/quantum-university-btech-admission-2026-fees-review"
"https://careerwithmohit.online/blog/rv-college-of-engineering-rvce-btech-admission-2026-fees-cutoff","RV College of Engineering (RVCE) B.Tech Admission 2026: Cutoffs, Fees & Placements","RVCE Bangalore BTech admission 2026","553","B.Tech","2026-03-24","Thin Post (553 words)","Retain URL & Prioritize for Comprehensive Expansion (1200+ words, verified fees/placements, FAQs)","https://careerwithmohit.online/blog/rv-college-of-engineering-rvce-btech-admission-2026-fees-cutoff"
"https://careerwithmohit.online/blog/shoolini-university-solan-btech-admission-2026-fees-review","Shoolini University Solan B.Tech Admission 2026: Fees & Review","Shoolini University BTech admission 2026","596","Online Degrees","2026-03-24","Thin Post (596 words)","Retain URL & Prioritize for Comprehensive Expansion (1200+ words, verified fees/placements, FAQs)","https://careerwithmohit.online/blog/shoolini-university-solan-btech-admission-2026-fees-review"
"https://careerwithmohit.online/blog/soil-gurgaon-placement-review-2027-29","SOIL Gurgaon Placement Review (2026-2027): Real Placements, Fees & Cutoffs–29: Highest Packages & Recruiters","SOIL Gurgaon placement review 2027–29","567","Exams","2026-03-22","Thin Post (567 words)","Retain URL & Prioritize for Comprehensive Expansion (1200+ words, verified fees/placements, FAQs)","https://careerwithmohit.online/blog/soil-gurgaon-placement-review-2027-29"
"https://careerwithmohit.online/blog/spjimr-mumbai-pgdm-placement-report-2027-29","SPJIMR Mumbai PGDM Placement Report 2027–29: Average CTC ₹32.00 LPA, Highest ₹89.00 LPA & 162 PPOs","spjimr mumbai pgdm placement report 2027–29","471","Exams","2026-08-15","Thin Post (471 words)","Retain URL & Prioritize for Comprehensive Expansion (1200+ words, verified fees/placements, FAQs)","https://careerwithmohit.online/blog/spjimr-mumbai-pgdm-placement-report-2027-29"
"https://careerwithmohit.online/blog/sushant-university-btech-admission-2026-fees-review","Sushant University Gurugram B.Tech Admission 2026: Fees & Review","Sushant University BTech admission 2026","569","Online Degrees","2026-03-24","Thin Post (569 words)","Retain URL & Prioritize for Comprehensive Expansion (1200+ words, verified fees/placements, FAQs)","https://careerwithmohit.online/blog/sushant-university-btech-admission-2026-fees-review"
"https://careerwithmohit.online/blog/tapmi-manipal-mba-placement-report-2027-29","TAPMI Manipal MBA Placement Report 2027–29: Average CTC ₹13.90 - 14.73 LPA, Highest ₹32.77 LPA & 100% Placements","tapmi manipal mba placement report 2027–29","519","Exams","2026-08-15","Thin Post (519 words)","Retain URL & Prioritize for Comprehensive Expansion (1200+ words, verified fees/placements, FAQs)","https://careerwithmohit.online/blog/tapmi-manipal-mba-placement-report-2027-29"
"https://careerwithmohit.online/blog/tezpur-university-review-2027-29","Tezpur University Review 2027–29: Placements, Fees & CUET Cutoff","[Tezpur University](/colleges/tezpur-university-management/) admissions 2026","482","Online Degrees","2026-05-24","Thin Post (482 words)","Retain URL & Prioritize for Comprehensive Expansion (1200+ words, verified fees/placements, FAQs)","https://careerwithmohit.online/blog/tezpur-university-review-2027-29"
"https://careerwithmohit.online/blog/top-100-mnc-career-links-india","Top 100 MNCs in India: Direct Career Page Links for Job Seekers 2026","top 100 MNCs in India","592","Jobs & Careers","2026-03-15","Thin Post (592 words)","Retain URL & Prioritize for Comprehensive Expansion (1200+ words, verified fees/placements, FAQs)","https://careerwithmohit.online/blog/top-100-mnc-career-links-india"
"https://careerwithmohit.online/blog/top-bba-colleges-chandigarh-2026","Top BBA Colleges in Chandigarh 2026: Rankings, Fees, and Placements","top BBA colleges Chandigarh","490","BBA","2026-03-15","Thin Post (490 words)","Retain URL & Prioritize for Comprehensive Expansion (1200+ words, verified fees/placements, FAQs)","https://careerwithmohit.online/blog/top-bba-colleges-chandigarh-2026"
"https://careerwithmohit.online/blog/top-bba-colleges-dehradun-2026","Top BBA Colleges in Dehradun 2026: Rankings, Fees, and Placements","top BBA colleges Dehradun","427","BBA","2026-03-15","Thin Post (427 words)","Retain URL & Prioritize for Comprehensive Expansion (1200+ words, verified fees/placements, FAQs)","https://careerwithmohit.online/blog/top-bba-colleges-dehradun-2026"
"https://careerwithmohit.online/blog/top-bba-colleges-delhi-2026","Top BBA Colleges in Delhi 2026: Fees, Placements & CUET Cutoffs","top BBA colleges Delhi 2026","547","BBA","2026-03-17","Thin Post (547 words)","Retain URL & Prioritize for Comprehensive Expansion (1200+ words, verified fees/placements, FAQs)","https://careerwithmohit.online/blog/top-bba-colleges-delhi-2026"
"https://careerwithmohit.online/blog/top-bba-colleges-ghaziabad-2026","Top BBA Colleges in Ghaziabad 2026: Rankings, Fees, and Placements","top BBA colleges Ghaziabad","523","BBA","2026-03-15","Thin Post (523 words)","Retain URL & Prioritize for Comprehensive Expansion (1200+ words, verified fees/placements, FAQs)","https://careerwithmohit.online/blog/top-bba-colleges-ghaziabad-2026"
"https://careerwithmohit.online/blog/top-bba-colleges-greater-noida-2026","Top BBA Colleges in Greater Noida 2026: Rankings, Fees, and Placements","top BBA colleges Greater Noida","464","BBA","2026-03-15","Thin Post (464 words)","Retain URL & Prioritize for Comprehensive Expansion (1200+ words, verified fees/placements, FAQs)","https://careerwithmohit.online/blog/top-bba-colleges-greater-noida-2026"
"https://careerwithmohit.online/blog/top-bba-colleges-gurgaon-2026","Top BBA Colleges in Gurgaon (Gurugram) 2026: Rankings, Fees, and Placements","top BBA colleges Gurgaon","521","BBA","2026-03-15","Thin Post (521 words)","Retain URL & Prioritize for Comprehensive Expansion (1200+ words, verified fees/placements, FAQs)","https://careerwithmohit.online/blog/top-bba-colleges-gurgaon-2026"
"https://careerwithmohit.online/blog/top-bba-colleges-hyderabad-2026","Top BBA Colleges in Hyderabad 2026: Rankings, Fees, and Placements","top BBA colleges Hyderabad","438","BBA","2026-03-15","Thin Post (438 words)","Retain URL & Prioritize for Comprehensive Expansion (1200+ words, verified fees/placements, FAQs)","https://careerwithmohit.online/blog/top-bba-colleges-hyderabad-2026"
"https://careerwithmohit.online/blog/top-bba-colleges-jaipur-2026","Top BBA Colleges in Jaipur 2026: Rankings, Fees, and Placements","top BBA colleges Jaipur","512","BBA","2026-03-15","Thin Post (512 words)","Retain URL & Prioritize for Comprehensive Expansion (1200+ words, verified fees/placements, FAQs)","https://careerwithmohit.online/blog/top-bba-colleges-jaipur-2026"
"https://careerwithmohit.online/blog/top-bba-colleges-kolkata-2026","Top BBA Colleges in Kolkata 2026: Rankings, Fees, and Placements","top BBA colleges Kolkata","507","BBA","2026-03-15","Thin Post (507 words)","Retain URL & Prioritize for Comprehensive Expansion (1200+ words, verified fees/placements, FAQs)","https://careerwithmohit.online/blog/top-bba-colleges-kolkata-2026"
"https://careerwithmohit.online/blog/top-bba-colleges-noida-2026","Top BBA Colleges in Noida 2026: Rankings, Fees, and Placements","top BBA colleges Noida","510","BBA","2026-03-15","Thin Post (510 words)","Retain URL & Prioritize for Comprehensive Expansion (1200+ words, verified fees/placements, FAQs)","https://careerwithmohit.online/blog/top-bba-colleges-noida-2026"
"https://careerwithmohit.online/blog/top-mba-colleges-chandigarh-tricity-admission-2027","Top MBA Colleges in Chandigarh & Tricity Admission 2027: Fees, Cutoffs & Placement Reports","mba admission 2027","434","Exams","2026-09-03","Thin Post (434 words)","Retain URL & Prioritize for Comprehensive Expansion (1200+ words, verified fees/placements, FAQs)","https://careerwithmohit.online/blog/top-mba-colleges-chandigarh-tricity-admission-2027"
"https://careerwithmohit.online/blog/top-mba-colleges-dehradun-admission-2027-fees-placements","Top MBA Colleges in Dehradun Admission 2027: Fees, Placements & Cutoffs (DBS, UPES, Graphic Era)","mba admission 2027","453","Exams","2026-09-03","Thin Post (453 words)","Retain URL & Prioritize for Comprehensive Expansion (1200+ words, verified fees/placements, FAQs)","https://careerwithmohit.online/blog/top-mba-colleges-dehradun-admission-2027-fees-placements"
"https://careerwithmohit.online/blog/top-mba-pgdm-colleges-indore-bhopal-2027-29","Top MBA/PGDM Colleges in Indore & Bhopal (2027-29): CMAT/MAT Cutoffs & Seat Booking","Top MBA Colleges in Indore 2027-29","519","Exams","2026-08-22","Thin Post (519 words)","Retain URL & Prioritize for Comprehensive Expansion (1200+ words, verified fees/placements, FAQs)","https://careerwithmohit.online/blog/top-mba-pgdm-colleges-indore-bhopal-2027-29"
"https://careerwithmohit.online/blog/top-mba-pgdm-colleges-jaipur-2027-29","Top MBA/PGDM Colleges in Jaipur: Admission Criteria, Scholarships & Placement Reports (2027-29)","Top MBA Colleges in Jaipur 2027-29","552","Exams","2026-08-22","Thin Post (552 words)","Retain URL & Prioritize for Comprehensive Expansion (1200+ words, verified fees/placements, FAQs)","https://careerwithmohit.online/blog/top-mba-pgdm-colleges-jaipur-2027-29"
"https://careerwithmohit.online/blog/top-mba-pgdm-colleges-jaipur-admission-2027-cat-xat-exam","Top MBA/PGDM Colleges in Jaipur Admission 2027: Fees, Cutoffs, Placements & Scholarships (CAT 2026 / XAT Exam)","mba admission 2027","557","Exams","2026-09-03","Thin Post (557 words)","Retain URL & Prioritize for Comprehensive Expansion (1200+ words, verified fees/placements, FAQs)","https://careerwithmohit.online/blog/top-mba-pgdm-colleges-jaipur-admission-2027-cat-xat-exam"
"https://careerwithmohit.online/blog/total-seats-in-gftis-2026-seat-matrix","Total Seats in GFTIs 2026: Complete List of Government Funded Technical Institutes","total seats in GFTI 2026","499","B.Tech","2026-03-24","Thin Post (499 words)","Retain URL & Prioritize for Comprehensive Expansion (1200+ words, verified fees/placements, FAQs)","https://careerwithmohit.online/blog/total-seats-in-gftis-2026-seat-matrix"
"https://careerwithmohit.online/blog/total-seats-in-iiits-2026-seat-matrix","Total Seats in IIITs 2026: Detailed Seat Matrix for IIIT Bangalore, Hyderabad & Others","total seats in IIIT 2026","496","B.Tech","2026-03-24","Thin Post (496 words)","Retain URL & Prioritize for Comprehensive Expansion (1200+ words, verified fees/placements, FAQs)","https://careerwithmohit.online/blog/total-seats-in-iiits-2026-seat-matrix"
"https://careerwithmohit.online/blog/total-seats-in-iits-2026-seat-matrix","Total Seats in IITs 2026: Institute-wise Seat Matrix for JEE Advanced Aspirants","total seats in IIT 2026","556","Exams","2026-03-24","Thin Post (556 words)","Retain URL & Prioritize for Comprehensive Expansion (1200+ words, verified fees/placements, FAQs)","https://careerwithmohit.online/blog/total-seats-in-iits-2026-seat-matrix"
"https://careerwithmohit.online/blog/total-seats-in-nits-2026-seat-matrix","Total Seats in NITs 2026: State-wise Seat Distribution for B.Tech Admissions","total seats in NIT 2026","514","B.Tech","2026-03-24","Thin Post (514 words)","Retain URL & Prioritize for Comprehensive Expansion (1200+ words, verified fees/placements, FAQs)","https://careerwithmohit.online/blog/total-seats-in-nits-2026-seat-matrix"
"https://careerwithmohit.online/blog/upes-dehradun-btech-admission-2026-fees-review","UPES Dehradun B.Tech Admission 2026: Fees, Cutoffs & Placement Review","[UPES Dehradun](/colleges/upes-dehradun/) BTech admission 2026","582","B.Tech","2026-03-24","Thin Post (582 words)","Retain URL & Prioritize for Comprehensive Expansion (1200+ words, verified fees/placements, FAQs)","https://careerwithmohit.online/blog/upes-dehradun-btech-admission-2026-fees-review"
"https://careerwithmohit.online/blog/uptac-aktu-counselling-2026-btech-admission-guide","UPTAC (AKTU) Counselling 2026: Dates, Registration & Choice Filling Guide","UPTAC Counselling 2026 dates","589","B.Tech","2026-03-24","Thin Post (589 words)","Retain URL & Prioritize for Comprehensive Expansion (1200+ words, verified fees/placements, FAQs)","https://careerwithmohit.online/blog/uptac-aktu-counselling-2026-btech-admission-guide"
"https://careerwithmohit.online/blog/vgsom-iit-kharagpur-mba-placement-report-2027-29","VGSoM, IIT Kharagpur MBA Placement Report 2027–29: Average Package ₹22.75 LPA, Highest ₹37.63 LPA","vgsom iit kharagpur mba placement report 2027–29","451","Exams","2026-08-15","Thin Post (451 words)","Retain URL & Prioritize for Comprehensive Expansion (1200+ words, verified fees/placements, FAQs)","https://careerwithmohit.online/blog/vgsom-iit-kharagpur-mba-placement-report-2027-29"
"https://careerwithmohit.online/blog/vgu-jaipur-btech-admission-2026-fees-review","Vivekananda Global University (VGU) Jaipur B.Tech Admission 2026: Fees & Review","VGU Jaipur BTech admission 2026","557","B.Tech","2026-03-24","Thin Post (557 words)","Retain URL & Prioritize for Comprehensive Expansion (1200+ words, verified fees/placements, FAQs)","https://careerwithmohit.online/blog/vgu-jaipur-btech-admission-2026-fees-review"
"https://careerwithmohit.online/blog/visva-bharati-university-review-2027-29","Visva-Bharati University Review 2027–29: Fees, Placements & CUET Admission","[Visva-Bharati University](/blog/all-about-bharati-vidyapeeth-mba-courses-admission-2027-29/) admissions 2027–29","492","Online Degrees","2026-05-24","Thin Post (492 words)","Retain URL & Prioritize for Comprehensive Expansion (1200+ words, verified fees/placements, FAQs)","https://careerwithmohit.online/blog/visva-bharati-university-review-2027-29"
"https://careerwithmohit.online/blog/why-take-our-free-cat-mock-test-2026-online","How to Score 99+ Percentile in CAT 2026: The Ultimate Mock Strategy","99 percentile cat 2026 strategy","334","Exams","2026-08-22","Thin Post (334 words)","Retain URL & Prioritize for Comprehensive Expansion (1200+ words, verified fees/placements, FAQs)","https://careerwithmohit.online/blog/why-take-our-free-cat-mock-test-2026-online"
"https://careerwithmohit.online/blog/why-take-our-free-ielts-mock-test-2026-online","How to Score Band 7.0+ in IELTS 2026: The Ultimate Mock Strategy","ielts mock test 2026","305","Study Abroad","2026-08-22","Thin Post (305 words)","Retain URL & Prioritize for Comprehensive Expansion (1200+ words, verified fees/placements, FAQs)","https://careerwithmohit.online/blog/why-take-our-free-ielts-mock-test-2026-online"
"https://careerwithmohit.online/blog/why-take-our-free-nmat-mock-test-2026-online","Why You Must Take Our Free NMAT 2026 Mock Test for NMIMS Mumbai","nmat mock test free","260","Exams","2026-08-22","Thin Post (260 words)","Retain URL & Prioritize for Comprehensive Expansion (1200+ words, verified fees/placements, FAQs)","https://careerwithmohit.online/blog/why-take-our-free-nmat-mock-test-2026-online"
"https://careerwithmohit.online/blog/xat-2027-exam-top-pgdm-colleges-delhi-ncr-pune-bangalore","XAT 2027: Top PGDM Colleges in Delhi NCR, Pune & Bangalore Accepting XAT Exam Scores","xat 2027","525","Exams","2026-09-03","Thin Post (525 words)","Retain URL & Prioritize for Comprehensive Expansion (1200+ words, verified fees/placements, FAQs)","https://careerwithmohit.online/blog/xat-2027-exam-top-pgdm-colleges-delhi-ncr-pune-bangalore"
"https://careerwithmohit.online/blog/ximb-bhubaneswar-mba-placement-report-2027-29","XIM University (XIMB) Bhubaneswar MBA Placement Report 2027–29: Average CTC ₹18.25 LPA, Highest ₹32.80 LPA","ximb bhubaneswar mba placement report 2027–29","400","Jobs & Careers","2026-08-15","Thin Post (400 words)","Retain URL & Prioritize for Comprehensive Expansion (1200+ words, verified fees/placements, FAQs)","https://careerwithmohit.online/blog/ximb-bhubaneswar-mba-placement-report-2027-29"
"https://careerwithmohit.online/blog/xlri-jamshedpur-delhi-placement-report-2027-29","XLRI Jamshedpur & Delhi NCR Placement Report 2025: Average CTC ₹31.08 LPA, Highest ₹1.10 Cr & 100% Placements","xlri placement report 2025","456","Exams","2026-08-15","Thin Post (456 words)","Retain URL & Prioritize for Comprehensive Expansion (1200+ words, verified fees/placements, FAQs)","https://careerwithmohit.online/blog/xlri-jamshedpur-delhi-placement-report-2027-29"
"https://careerwithmohit.online/blog/5-year-llb-vs-3-year-llb-which-is-better-for-your-career-2026","5-Year vs 3-Year LLB 2026 — Which is Better for Your Career?","5 year vs 3 year llb","939","BBA","2026-04-21","Off-Topic (Non-MBA Scope)","Propose 301 Redirect to Pillar Guide or Remove with 301","https://careerwithmohit.online/blog"
"https://careerwithmohit.online/blog/advanced-excel-certification","Advanced Excel Course for Professionals: Earn Your Certification","Advanced Excel Course","628","Jobs & Careers","2026-03-13","Off-Topic (Non-MBA Scope)","Propose 301 Redirect to Pillar Guide or Remove with 301","https://careerwithmohit.online/blog"
"https://careerwithmohit.online/blog/advanced-excel-formulas-complete-guide","Advanced Excel Formulas: The Ultimate Cheat Sheet for MBA & Corporate Professionals","Advanced Excel Formulas","1903","BBA","2026-05-28","Off-Topic (Non-MBA Scope)","Propose 301 Redirect to Pillar Guide or Remove with 301","https://careerwithmohit.online/blog"
"https://careerwithmohit.online/blog/ailet-2026-nlu-delhi-admission-guide","AILET 2026 — NLU Delhi Entrance Guide & Strategy","ailet 2026 notification","777","Law","2026-04-21","Off-Topic (Non-MBA Scope)","Propose 301 Redirect to Pillar Guide or Remove with 301","https://careerwithmohit.online/blog"
"https://careerwithmohit.online/blog/all-state-boards-india-official-websites","List of All State Education Boards in India: Official Websites & Result Links 2026","list of all state boards in India","570","Jobs & Careers","2026-03-22","Off-Topic (Non-MBA Scope)","Propose 301 Redirect to Pillar Guide or Remove with 301","https://careerwithmohit.online/blog"
"https://careerwithmohit.online/blog/bihar-board-12th-result-2026-expected-date","Bihar Board 12th Result 2026 Date & Time: How to Check BSEB Inter Results Online","Bihar Board 12th result 2026 date","601","Jobs & Careers","2026-03-22","Off-Topic (Non-MBA Scope)","Propose 301 Redirect to Pillar Guide or Remove with 301","https://careerwithmohit.online/blog"
"https://careerwithmohit.online/blog/up-board-10th-12th-result-2026-declared","UP Board 10th & 12th Result 2026 Declared: Check High School & Inter Result at upresults.nic.in","UP Board 12th result 2026","657","Jobs & Careers","2026-04-23","Off-Topic (Non-MBA Scope)","Propose 301 Redirect to Pillar Guide or Remove with 301","https://careerwithmohit.online/blog"
"https://careerwithmohit.online/blog/1-year-online-mba-colleges-india-2027-29","1 Year Online MBA in India 2027–29 – Top Colleges, Fees, Eligibility & Admission Guide","1 year online MBA India 2027–29","1810","Online Degrees","2026-04-25","Standard Post (1810 words)","Retain URL & Optimize in Batches (AEO Snippets, Title, Meta, Schema, FAQs, Fact Verification)","https://careerwithmohit.online/blog/1-year-online-mba-colleges-india-2027-29"
"https://careerwithmohit.online/blog/10-tips-to-crack-cat-exam-2027-29","10 Proven Tips to Crack CAT 2026: The IIM Topper's Secret","tips to crack cat 2026","763","Exams","2026-05-03","Standard Post (763 words)","Retain URL & Optimize in Batches (AEO Snippets, Title, Meta, Schema, FAQs, Fact Verification)","https://careerwithmohit.online/blog/10-tips-to-crack-cat-exam-2027-29"
"https://careerwithmohit.online/blog/acca-benefits-with-mba-career-guide-2027-29","ACCA with MBA: Benefits, Career Scope, Exemptions & Salary 2027–29 Guide","ACCA benefits with MBA","775","Online Degrees","2026-04-23","Standard Post (775 words)","Retain URL & Optimize in Batches (AEO Snippets, Title, Meta, Schema, FAQs, Fact Verification)","https://careerwithmohit.online/blog/acca-benefits-with-mba-career-guide-2027-29"
"https://careerwithmohit.online/blog/accurate-institute-greater-noida-mba-pgdm-admission-2027-29","Accurate Institute of Management & Technology (AIMT) MBA / PGDM Admission 2027-29: Fees, Approvals, Placements, PPO, Certifications & Faculty Review","Accurate Institute of Management & Technology (AIMT) admission 2027-29","1311","Exams","2026-09-18","Standard Post (1311 words)","Retain URL & Optimize in Batches (AEO Snippets, Title, Meta, Schema, FAQs, Fact Verification)","https://careerwithmohit.online/blog/accurate-institute-greater-noida-mba-pgdm-admission-2027-29"
"https://careerwithmohit.online/blog/aissms-lexicon-management-institute-pune-review-2027-29","AISSMS University / Lexicon Management Institute Review 2027–29: Placements, Fees, Courses & Admission","AISSMS & Lexicon MILE Pune review 2027–29","1413","Jobs & Careers","2026-08-03","Standard Post (1413 words)","Retain URL & Optimize in Batches (AEO Snippets, Title, Meta, Schema, FAQs, Fact Verification)","https://careerwithmohit.online/blog/aissms-lexicon-management-institute-pune-review-2027-29"
"https://careerwithmohit.online/blog/aiu-approved-pgdm-colleges-india-2027-29","AIU Approved PGDM Colleges in India 2027–29: Equivalence, Rankings & Fees","AIU approved PGDM colleges","1316","Exams","2026-03-14","Standard Post (1316 words)","Retain URL & Optimize in Batches (AEO Snippets, Title, Meta, Schema, FAQs, Fact Verification)","https://careerwithmohit.online/blog/aiu-approved-pgdm-colleges-india-2027-29"
"https://careerwithmohit.online/blog/akemi-business-school-mba-pgdm-review-2027-fees-placements-cutoff","Akemi Business School PGDM 2027: Fees, Cutoff & Placements ROI","akemi business school pgdm admission 2027","1315","MBA Admissions","2026-09-27","Standard Post (1315 words)","Retain URL & Optimize in Batches (AEO Snippets, Title, Meta, Schema, FAQs, Fact Verification)","https://careerwithmohit.online/blog/akemi-business-school-mba-pgdm-review-2027-fees-placements-cutoff"
"https://careerwithmohit.online/blog/akemi-business-school-pune-mba-admission-2027-29","Akemi Business School MBA / PGDM Admission 2027-29: Fees, Approvals, Placements, PPO, Certifications & Faculty Review","Akemi Business School admission 2027-29","1238","Exams","2026-09-18","Standard Post (1238 words)","Retain URL & Optimize in Batches (AEO Snippets, Title, Meta, Schema, FAQs, Fact Verification)","https://careerwithmohit.online/blog/akemi-business-school-pune-mba-admission-2027-29"
"https://careerwithmohit.online/blog/akemi-vs-isms-vs-riim-pune-mba-comparison-2027-29","Akemi Business School Pune Review (2026-2027): Real Placements, Fees & Cutoffs–29: Why it's a Top Choice for MBA in Digital Marketing","Akemi Business School Pune review 2027–29","796","Online Degrees","2026-03-28","Standard Post (796 words)","Retain URL & Optimize in Batches (AEO Snippets, Title, Meta, Schema, FAQs, Fact Verification)","https://careerwithmohit.online/blog/akemi-vs-isms-vs-riim-pune-mba-comparison-2027-29"
"https://careerwithmohit.online/blog/aligarh-muslim-university-amu-review-2027-29","Aligarh Muslim University (AMU) Review 2027–29: Fees, Placements & CUET Cutoff","Aligarh Muslim University 2026","629","Online Degrees","2026-05-24","Standard Post (629 words)","Retain URL & Optimize in Batches (AEO Snippets, Title, Meta, Schema, FAQs, Fact Verification)","https://careerwithmohit.online/blog/aligarh-muslim-university-amu-review-2027-29"
"https://careerwithmohit.online/blog/all-iim-cut-off-2027-29-admission-mba-pgdm","All IIM Cut Off 2027–29: CAT 2025 Expected Qualifying & Final Calling Percentiles","IIM Cut off 2026","987","MBA","2026-05-06","Standard Post (987 words)","Retain URL & Optimize in Batches (AEO Snippets, Title, Meta, Schema, FAQs, Fact Verification)","https://careerwithmohit.online/blog/all-iim-cut-off-2027-29-admission-mba-pgdm"
"https://careerwithmohit.online/blog/all-iim-recent-placement-report-2027-29","All 21 IIMs Recent Placement Report 2025: Average & Highest Packages, Top Recruiters & Sector Trends","all iim recent placement report 2025","1951","Jobs & Careers","2026-08-15","Standard Post (1951 words)","Retain URL & Optimize in Batches (AEO Snippets, Title, Meta, Schema, FAQs, Fact Verification)","https://careerwithmohit.online/blog/all-iim-recent-placement-report-2027-29"
"https://careerwithmohit.online/blog/alliance-bangalore-mba-pgdm-review-2027-fees-placements-cutoff","Alliance University PGDM 2027: Fees, Cutoff & Placements ROI","alliance university (alliance school of business) pgdm admission 2027","1350","MBA Admissions","2026-09-27","Standard Post (1350 words)","Retain URL & Optimize in Batches (AEO Snippets, Title, Meta, Schema, FAQs, Fact Verification)","https://careerwithmohit.online/blog/alliance-bangalore-mba-pgdm-review-2027-fees-placements-cutoff"
"https://careerwithmohit.online/blog/alliance-university-bangalore-executive-mba-review","Alliance University, Bangalore Executive MBA Review","Alliance University, Bangalore executive mba","648","Exams","2026-07-22","Standard Post (648 words)","Retain URL & Optimize in Batches (AEO Snippets, Title, Meta, Schema, FAQs, Fact Verification)","https://careerwithmohit.online/blog/alliance-university-bangalore-executive-mba-review"
"https://careerwithmohit.online/blog/alliance-university-btech-honest-review-cons","Alliance University B.Tech Review: 5 Honest Cons You Should Know","alliance university btech review","959","B.Tech","2026-04-15","Standard Post (959 words)","Retain URL & Optimize in Batches (AEO Snippets, Title, Meta, Schema, FAQs, Fact Verification)","https://careerwithmohit.online/blog/alliance-university-btech-honest-review-cons"
"https://careerwithmohit.online/blog/alternate-masters-to-mba-pgdm-mms-pgp","Alternate Masters to MBA: PGDM, MMS, PGP Admission, Fees, and Packages","alternate masters of mba","1403","Exams","2026-06-23","Standard Post (1403 words)","Retain URL & Optimize in Batches (AEO Snippets, Title, Meta, Schema, FAQs, Fact Verification)","https://careerwithmohit.online/blog/alternate-masters-to-mba-pgdm-mms-pgp"
"https://careerwithmohit.online/blog/amity-university-gurgaon-mba-admission-2027-29","Amity University Gurugram (Manesar) MBA / PGDM Admission 2027-29: Fees, Approvals, Placements, PPO, Certifications & Faculty Review","Amity University Gurugram (Manesar) admission 2027-29","1282","Exams","2026-09-18","Standard Post (1282 words)","Retain URL & Optimize in Batches (AEO Snippets, Title, Meta, Schema, FAQs, Fact Verification)","https://careerwithmohit.online/blog/amity-university-gurgaon-mba-admission-2027-29"
"https://careerwithmohit.online/blog/amity-university-jaipur-executive-mba-review","Amity University Jaipur Executive MBA Review","Amity University Jaipur executive mba","643","Exams","2026-07-22","Standard Post (643 words)","Retain URL & Optimize in Batches (AEO Snippets, Title, Meta, Schema, FAQs, Fact Verification)","https://careerwithmohit.online/blog/amity-university-jaipur-executive-mba-review"
"https://careerwithmohit.online/blog/amity-university-jaipur-review-2027-29","Amity University, Jaipur Review 2027–29: Placements, Fees, Courses & Admission","Amity University Jaipur review 2027–29","1296","Jobs & Careers","2026-08-03","Standard Post (1296 words)","Retain URL & Optimize in Batches (AEO Snippets, Title, Meta, Schema, FAQs, Fact Verification)","https://careerwithmohit.online/blog/amity-university-jaipur-review-2027-29"
"https://careerwithmohit.online/blog/amity-university-mumbai-review-2027-29","Amity University, Mumbai Review 2027–29: Placements, Fees, Courses & Admission","Amity University Mumbai review 2027–29","1436","Exams","2026-08-03","Standard Post (1436 words)","Retain URL & Optimize in Batches (AEO Snippets, Title, Meta, Schema, FAQs, Fact Verification)","https://careerwithmohit.online/blog/amity-university-mumbai-review-2027-29"
"https://careerwithmohit.online/blog/amity-university-noida-executive-mba-review","Amity University, Noida Executive MBA Review","Amity University, Noida executive mba","663","Exams","2026-07-22","Standard Post (663 words)","Retain URL & Optimize in Batches (AEO Snippets, Title, Meta, Schema, FAQs, Fact Verification)","https://careerwithmohit.online/blog/amity-university-noida-executive-mba-review"
"https://careerwithmohit.online/blog/amity-university-online-fee-structure-2027","Amity University Online Fee Structure 2027: MBA, BBA, MCA Semester Fees & EMI Breakup","amity university online fee structure 2027","856","Online Degrees","2026-08-24","Standard Post (856 words)","Retain URL & Optimize in Batches (AEO Snippets, Title, Meta, Schema, FAQs, Fact Verification)","https://careerwithmohit.online/blog/amity-university-online-fee-structure-2027"
"https://careerwithmohit.online/blog/amity-university-online-mba-review-2027-29","Amity University Online MBA Review (2026-2027): Real Placements, Fees & Cutoffs–29: Fees, Specializations & Placement Reality","Amity University online MBA review 2027–29","1208","Online Degrees","2026-05-10","Standard Post (1208 words)","Retain URL & Optimize in Batches (AEO Snippets, Title, Meta, Schema, FAQs, Fact Verification)","https://careerwithmohit.online/blog/amity-university-online-mba-review-2027-29"
"https://careerwithmohit.online/blog/amrita-institute-of-medical-sciences-kochi-mbbs-admission-2026","Amrita Institute of Medical Sciences (AIMS), Kochi MBBS Admission 2026: Process, NEET Cutoff & Fee Structure","Amrita Medical College Kochi MBBS admission 2026","1113","Medical/MBBS","2026-07-21","Standard Post (1113 words)","Retain URL & Optimize in Batches (AEO Snippets, Title, Meta, Schema, FAQs, Fact Verification)","https://careerwithmohit.online/blog/amrita-institute-of-medical-sciences-kochi-mbbs-admission-2026"
"https://careerwithmohit.online/blog/amrita-university-online-review-2027-29","Amrita Vishwa Vidyapeetham Online Review (2026-2027): Real Placements, Fees & Cutoffs–29: MBA, MCA, BBA & BCA Fee Structure","Amrita Vishwa Vidyapeetham Online review 2027–29","858","Online Degrees","2026-04-05","Standard Post (858 words)","Retain URL & Optimize in Batches (AEO Snippets, Title, Meta, Schema, FAQs, Fact Verification)","https://careerwithmohit.online/blog/amrita-university-online-review-2027-29"
"https://careerwithmohit.online/blog/amrita-vishwa-vidyapeetham-coimbatore-review-2027-29","Amrita Vishwa Vidyapeetham (Amrita School of Business), Coimbatore Review 2027–29: Placements, Fees, Courses & Admission","Amrita University Coimbatore (ASB) review 2027–29","1569","Exams","2026-08-03","Standard Post (1569 words)","Retain URL & Optimize in Batches (AEO Snippets, Title, Meta, Schema, FAQs, Fact Verification)","https://careerwithmohit.online/blog/amrita-vishwa-vidyapeetham-coimbatore-review-2027-29"
"https://careerwithmohit.online/blog/amul-cooperative-cold-chain-logistics-supply-chain","Amul Cooperative Model: Cold-Chain Logistics & Reverse Supply Chain Success","Amul cooperative business model","1162","Certifications & Skills","2026-05-28","Standard Post (1162 words)","Retain URL & Optimize in Batches (AEO Snippets, Title, Meta, Schema, FAQs, Fact Verification)","https://careerwithmohit.online/blog/amul-cooperative-cold-chain-logistics-supply-chain"
"https://careerwithmohit.online/blog/andhra-university-online-fee-structure-2027","Andhra University Online Fee Structure 2027: Lowest Fee Online MBA & MCA","andhra university online fee structure 2027","644","Online Degrees","2026-08-24","Standard Post (644 words)","Retain URL & Optimize in Batches (AEO Snippets, Title, Meta, Schema, FAQs, Fact Verification)","https://careerwithmohit.online/blog/andhra-university-online-fee-structure-2027"
"https://careerwithmohit.online/blog/andhra-university-online-review-2027-29","Andhra University Online Review (2026-2027): Real Placements, Fees & Cutoffs–29: MBA, MCA, BBA & BCA Fee Structure","Andhra University Online review 2027–29","859","Online Degrees","2026-04-05","Standard Post (859 words)","Retain URL & Optimize in Batches (AEO Snippets, Title, Meta, Schema, FAQs, Fact Verification)","https://careerwithmohit.online/blog/andhra-university-online-review-2027-29"
"https://careerwithmohit.online/blog/anti-piracy-securing-video-content-educators-2027-29","Anti-Piracy for Educators 2026 — Securing Your Video Course Content","anti-piracy for educators 2026","757","Jobs & Careers","2026-04-21","Standard Post (757 words)","Retain URL & Optimize in Batches (AEO Snippets, Title, Meta, Schema, FAQs, Fact Verification)","https://careerwithmohit.online/blog/anti-piracy-securing-video-content-educators-2027-29"
"https://careerwithmohit.online/blog/anurag-university-hyderabad-review-2027-29","Anurag University, Hyderabad Review 2027–29: Placements, Fees, Courses & Admission","Anurag University Hyderabad review 2027–29","1360","Jobs & Careers","2026-08-03","Standard Post (1360 words)","Retain URL & Optimize in Batches (AEO Snippets, Title, Meta, Schema, FAQs, Fact Verification)","https://careerwithmohit.online/blog/anurag-university-hyderabad-review-2027-29"
"https://careerwithmohit.online/blog/apeejay-business-school-dwarka-corporate-connection-usp-2027-29","Why Choose Apeejay Business School (ASM Dwarka)? USPs, Corporate Connections & Placements 2027–29","Apeejay Business School Dwarka review 2027–29","1682","Exams","2026-08-20","Standard Post (1682 words)","Retain URL & Optimize in Batches (AEO Snippets, Title, Meta, Schema, FAQs, Fact Verification)","https://careerwithmohit.online/blog/apeejay-business-school-dwarka-corporate-connection-usp-2027-29"
"https://careerwithmohit.online/blog/apex-jaipur-mba-pgdm-review-2027-fees-placements-cutoff","Apex University, Jaipur PGDM 2027: Fees, Cutoff & Placements ROI","apex university, jaipur pgdm admission 2027","1092","MBA Admissions","2026-09-27","Standard Post (1092 words)","Retain URL & Optimize in Batches (AEO Snippets, Title, Meta, Schema, FAQs, Fact Verification)","https://careerwithmohit.online/blog/apex-jaipur-mba-pgdm-review-2027-fees-placements-cutoff"
"https://careerwithmohit.online/blog/aravind-eye-care-system-assembly-line-healthcare","Aravind Eye Care System: Assembly-Line Healthcare & The Cross-Subsidization Model","Aravind Eye Care System case study","1342","Exams","2026-05-28","Standard Post (1342 words)","Retain URL & Optimize in Batches (AEO Snippets, Title, Meta, Schema, FAQs, Fact Verification)","https://careerwithmohit.online/blog/aravind-eye-care-system-assembly-line-healthcare"
"https://careerwithmohit.online/blog/ashoka-university-sonipat-review-2027-29","Ashoka University, Sonipat Review 2027–29: Placements, Fees, Courses & Admission","Ashoka University Sonipat review 2027–29","1365","Jobs & Careers","2026-08-03","Standard Post (1365 words)","Retain URL & Optimize in Batches (AEO Snippets, Title, Meta, Schema, FAQs, Fact Verification)","https://careerwithmohit.online/blog/ashoka-university-sonipat-review-2027-29"
"https://careerwithmohit.online/blog/asm-apeejay-delhi-mba-pgdm-review-2027-fees-placements-cutoff","ASM Apeejay School of Management PGDM 2027: Fees, Cutoff & Placements ROI","asm apeejay school of management pgdm admission 2027","1345","MBA Admissions","2026-09-27","Standard Post (1345 words)","Retain URL & Optimize in Batches (AEO Snippets, Title, Meta, Schema, FAQs, Fact Verification)","https://careerwithmohit.online/blog/asm-apeejay-delhi-mba-pgdm-review-2027-fees-placements-cutoff"
"https://careerwithmohit.online/blog/asm-ibmr-mba-pgdm-review-2027-fees-placements-cutoff","IBMR PGDM 2027: Fees, Cutoff & Placements ROI","asm institute of business management & research (ibmr) pgdm admission 2027","1378","MBA Admissions","2026-09-27","Standard Post (1378 words)","Retain URL & Optimize in Batches (AEO Snippets, Title, Meta, Schema, FAQs, Fact Verification)","https://careerwithmohit.online/blog/asm-ibmr-mba-pgdm-review-2027-fees-placements-cutoff"
"https://careerwithmohit.online/blog/asm-ibmr-pune-mba-pgdm-admission-2027-29","ASM’s Institute of Business Management & Research (IBMR) MBA / PGDM Admission 2027-29: Fees, Approvals, Placements, PPO, Certifications & Faculty Review","ASM’s Institute of Business Management & Research (IBMR) admission 2027-29","1336","Exams","2026-09-18","Standard Post (1336 words)","Retain URL & Optimize in Batches (AEO Snippets, Title, Meta, Schema, FAQs, Fact Verification)","https://careerwithmohit.online/blog/asm-ibmr-pune-mba-pgdm-admission-2027-29"
"https://careerwithmohit.online/blog/atlas-skilltech-university-mumbai-review-2027-29","Atlas SkillTech University, Mumbai Review 2027–29: Placements, Fees, Courses & Admission","Atlas SkillTech University Mumbai review 2027–29","1477","Exams","2026-08-03","Standard Post (1477 words)","Retain URL & Optimize in Batches (AEO Snippets, Title, Meta, Schema, FAQs, Fact Verification)","https://careerwithmohit.online/blog/atlas-skilltech-university-mumbai-review-2027-29"
"https://careerwithmohit.online/blog/atma-july-2026-exam-dates-registration-schedule","ATMA July 2026 Exam Dates Released: Notification, Registration, and Schedule","ATMA July 2026","612","Exams","2026-05-08","Standard Post (612 words)","Retain URL & Optimize in Batches (AEO Snippets, Title, Meta, Schema, FAQs, Fact Verification)","https://careerwithmohit.online/blog/atma-july-2026-exam-dates-registration-schedule"
"https://careerwithmohit.online/blog/automating-coaching-fees-gst-invoicing-guide-2026","Automating Coaching Fees & GST Invoicing — 2026 Operations Guide","automating coaching fees 2026","722","Jobs & Careers","2026-04-21","Standard Post (722 words)","Retain URL & Optimize in Batches (AEO Snippets, Title, Meta, Schema, FAQs, Fact Verification)","https://careerwithmohit.online/blog/automating-coaching-fees-gst-invoicing-guide-2026"
"https://careerwithmohit.online/blog/b-school-vs-university-mba-comparison","B-School vs. University MBA: Which is Right for You in 2027–29?","B-School vs University MBA","811","Online Degrees","2026-03-14","Standard Post (811 words)","Retain URL & Optimize in Batches (AEO Snippets, Title, Meta, Schema, FAQs, Fact Verification)","https://careerwithmohit.online/blog/b-school-vs-university-mba-comparison"
"https://careerwithmohit.online/blog/babasaheb-bhimrao-ambedkar-university-bbau-review-2027-29","Babasaheb Bhimrao Ambedkar University (BBAU) Review 2027–29: Fees, Placements & CUET Cutoffs","BBAU admission 2026","709","BBA","2026-05-24","Standard Post (709 words)","Retain URL & Optimize in Batches (AEO Snippets, Title, Meta, Schema, FAQs, Fact Verification)","https://careerwithmohit.online/blog/babasaheb-bhimrao-ambedkar-university-bbau-review-2027-29"
"https://careerwithmohit.online/blog/baby-iims-placement-report-2025-growth-roi-analysis","Baby IIMs Placement Report 2025: Average Packages, Lowest CTC & ROI Analysis","baby iims placement report 2025","996","Exams","2026-08-15","Standard Post (996 words)","Retain URL & Optimize in Batches (AEO Snippets, Title, Meta, Schema, FAQs, Fact Verification)","https://careerwithmohit.online/blog/baby-iims-placement-report-2025-growth-roi-analysis"
"https://careerwithmohit.online/blog/baby-iims-review-2026-honest-analysis","Baby IIMs Review 2027–29: Complete Honest Analysis of Fees, Placements, CAT Cutoff & Worth It Factor","Baby IIMs review 2027–29","1841","Exams","2026-04-02","Standard Post (1841 words)","Retain URL & Optimize in Batches (AEO Snippets, Title, Meta, Schema, FAQs, Fact Verification)","https://careerwithmohit.online/blog/baby-iims-review-2026-honest-analysis"
"https://careerwithmohit.online/blog/banaras-hindu-university-bhu-review-2027-29","Banaras Hindu University (BHU) Review 2027–29: Fees, Placements & CUET Cutoff","Banaras Hindu University 2026","625","Online Degrees","2026-05-24","Standard Post (625 words)","Retain URL & Optimize in Batches (AEO Snippets, Title, Meta, Schema, FAQs, Fact Verification)","https://careerwithmohit.online/blog/banaras-hindu-university-bhu-review-2027-29"
"https://careerwithmohit.online/blog/bba-admission-2026-delhi-ncr-cutoffs-entrance-exams-cuet","BBA Admission 2026 in Delhi NCR: Cut‑offs, Entrance Exams & CUET vs DU‑JAT","bba admission 2026 delhi ncr","960","BBA","2026-05-21","Standard Post (960 words)","Retain URL & Optimize in Batches (AEO Snippets, Title, Meta, Schema, FAQs, Fact Verification)","https://careerwithmohit.online/blog/bba-admission-2026-delhi-ncr-cutoffs-entrance-exams-cuet"
"https://careerwithmohit.online/blog/bba-admission-through-cuet-delhi-ncr-2026","BBA Admission Through CUET in Delhi NCR 2026: Requirements, Cutoffs & Colleges","BBA Admission Through CUET in Delhi NCR","833","BBA","2026-05-23","Standard Post (833 words)","Retain URL & Optimize in Batches (AEO Snippets, Title, Meta, Schema, FAQs, Fact Verification)","https://careerwithmohit.online/blog/bba-admission-through-cuet-delhi-ncr-2026"
"https://careerwithmohit.online/blog/bba-banking-and-finance-private-colleges-delhi-ncr-2026","BBA in Banking and Finance in Delhi NCR: Private Colleges, Fees & Affiliated Universities (2026)","bba in banking and finance colleges in delhi ncr","2246","BBA","2026-08-03","Standard Post (2246 words)","Retain URL & Optimize in Batches (AEO Snippets, Title, Meta, Schema, FAQs, Fact Verification)","https://careerwithmohit.online/blog/bba-banking-and-finance-private-colleges-delhi-ncr-2026"
"https://careerwithmohit.online/blog/bba-colleges-best-placements-delhi-ncr-2026","BBA Colleges with Best Placements in Delhi NCR 2026: Salary Packages & Recruiters","BBA Colleges with Best Placements in Delhi NCR","876","BBA","2026-05-23","Standard Post (876 words)","Retain URL & Optimize in Batches (AEO Snippets, Title, Meta, Schema, FAQs, Fact Verification)","https://careerwithmohit.online/blog/bba-colleges-best-placements-delhi-ncr-2026"
"https://careerwithmohit.online/blog/bba-colleges-without-maths-eligibility-2026","Best BBA Colleges Without Maths in 12th — Eligibility & Admission 2026","bba without maths in 12th 2026","1000","BBA","2026-04-21","Standard Post (1000 words)","Retain URL & Optimize in Batches (AEO Snippets, Title, Meta, Schema, FAQs, Fact Verification)","https://careerwithmohit.online/blog/bba-colleges-without-maths-eligibility-2026"
"https://careerwithmohit.online/blog/bba-fees-vs-placement-delhi-ncr-colleges-worth-it-2026","BBA Fees vs Placement: Are Delhi NCR Colleges Worth It in 2026?","bba fees vs placement","766","BBA","2026-05-21","Standard Post (766 words)","Retain URL & Optimize in Batches (AEO Snippets, Title, Meta, Schema, FAQs, Fact Verification)","https://careerwithmohit.online/blog/bba-fees-vs-placement-delhi-ncr-colleges-worth-it-2026"
"https://careerwithmohit.online/blog/bba-in-banking-and-finance-pros-and-cons-2026","BBA in Banking and Finance 2026: Pros and Cons, Syllabus, Top Colleges & Salary","bba in banking and finance pros and cons","1887","BBA","2026-08-03","Standard Post (1887 words)","Retain URL & Optimize in Batches (AEO Snippets, Title, Meta, Schema, FAQs, Fact Verification)","https://careerwithmohit.online/blog/bba-in-banking-and-finance-pros-and-cons-2026"
"https://careerwithmohit.online/blog/bba-specializations-delhi-ncr-2026-finance-marketing-hr-ib-analytics","BBA Specializations in Delhi NCR 2026: Finance, Marketing, HR, IB & Analytics","bba specializations delhi ncr","752","BBA","2026-05-21","Standard Post (752 words)","Retain URL & Optimize in Batches (AEO Snippets, Title, Meta, Schema, FAQs, Fact Verification)","https://careerwithmohit.online/blog/bba-specializations-delhi-ncr-2026-finance-marketing-hr-ib-analytics"
"https://careerwithmohit.online/blog/bba-specializations-skills-salary-2026-guide","Guide to BBA Specializations, Skills, and Career Growth (2026)","BBA specializations 2026","835","BBA","2026-04-01","Standard Post (835 words)","Retain URL & Optimize in Batches (AEO Snippets, Title, Meta, Schema, FAQs, Fact Verification)","https://careerwithmohit.online/blog/bba-specializations-skills-salary-2026-guide"
"https://careerwithmohit.online/blog/bba-vs-bcom-vs-bms-career-comparison","BBA vs B.Com vs BMS 2026 — Key Differences & Career Choice Guide","bba vs bcom vs bms 2026","869","BBA","2026-04-21","Standard Post (869 words)","Retain URL & Optimize in Batches (AEO Snippets, Title, Meta, Schema, FAQs, Fact Verification)","https://careerwithmohit.online/blog/bba-vs-bcom-vs-bms-career-comparison"
"https://careerwithmohit.online/blog/bca-vs-btech-cse-which-is-better-for-your-career-2026","BCA vs B.Tech CSE 2026 — Which is Better for Your Career?","bca vs btech cse","1378","B.Tech","2026-04-21","Standard Post (1378 words)","Retain URL & Optimize in Batches (AEO Snippets, Title, Meta, Schema, FAQs, Fact Verification)","https://careerwithmohit.online/blog/bca-vs-btech-cse-which-is-better-for-your-career-2026"
"https://careerwithmohit.online/blog/bennett-university-greater-noida-mba-admission-2027-29","Bennett University MBA / PGDM Admission 2027-29: Fees, Approvals, Placements, PPO, Certifications & Faculty Review","Bennett University admission 2027-29","1315","Exams","2026-09-18","Standard Post (1315 words)","Retain URL & Optimize in Batches (AEO Snippets, Title, Meta, Schema, FAQs, Fact Verification)","https://careerwithmohit.online/blog/bennett-university-greater-noida-mba-admission-2027-29"
"https://careerwithmohit.online/blog/best-affordable-bba-colleges-delhi-ncr-2026","Best Affordable BBA Colleges in Delhi NCR 2026 Under 3–4 Lakh INR","affordable bba colleges in delhi ncr","747","BBA","2026-05-21","Standard Post (747 words)","Retain URL & Optimize in Batches (AEO Snippets, Title, Meta, Schema, FAQs, Fact Verification)","https://careerwithmohit.online/blog/best-affordable-bba-colleges-delhi-ncr-2026"
"https://careerwithmohit.online/blog/best-bba-colleges-delhi-ncr-girls-safety-infrastructure-placements","Best BBA Colleges in Delhi NCR for Girls: Safety, Infrastructure & Placements","best bba colleges for girls in Delhi NCR","742","BBA","2026-05-21","Standard Post (742 words)","Retain URL & Optimize in Batches (AEO Snippets, Title, Meta, Schema, FAQs, Fact Verification)","https://careerwithmohit.online/blog/best-bba-colleges-delhi-ncr-girls-safety-infrastructure-placements"
"https://careerwithmohit.online/blog/best-bba-colleges-ghaziabad-admission-guide-2026","Best BBA Colleges in Ghaziabad 2026: Fees, Placements & Admission Guide","BBA college in Ghaziabad","862","BBA","2026-05-12","Standard Post (862 words)","Retain URL & Optimize in Batches (AEO Snippets, Title, Meta, Schema, FAQs, Fact Verification)","https://careerwithmohit.online/blog/best-bba-colleges-ghaziabad-admission-guide-2026"
"https://careerwithmohit.online/blog/best-bba-colleges-jaipur-direct-admission-2026","Best BBA Colleges in Jaipur with Direct Admission 2026","best bba colleges in jaipur direct admission","917","BBA","2026-04-08","Standard Post (917 words)","Retain URL & Optimize in Batches (AEO Snippets, Title, Meta, Schema, FAQs, Fact Verification)","https://careerwithmohit.online/blog/best-bba-colleges-jaipur-direct-admission-2026"
"https://careerwithmohit.online/blog/best-bba-colleges-kota-admission-guide-2026","Best BBA Colleges in Kota 2026: Fees, Placements & Admission Guide","BBA college in Kota","888","BBA","2026-05-12","Standard Post (888 words)","Retain URL & Optimize in Batches (AEO Snippets, Title, Meta, Schema, FAQs, Fact Verification)","https://careerwithmohit.online/blog/best-bba-colleges-kota-admission-guide-2026"
"https://careerwithmohit.online/blog/best-btech-aiml-colleges-delhi-ncr-direct-admission-2026","Top B.Tech AI & ML Colleges in Delhi NCR for Direct Admission (2026)","direct admission B.Tech AI Delhi NCR","866","B.Tech","2026-03-28","Standard Post (866 words)","Retain URL & Optimize in Batches (AEO Snippets, Title, Meta, Schema, FAQs, Fact Verification)","https://careerwithmohit.online/blog/best-btech-aiml-colleges-delhi-ncr-direct-admission-2026"
"https://careerwithmohit.online/blog/best-btech-civil-engineering-colleges-india-2026","Best B.Tech Civil Engineering Colleges in India 2026 — Fees, Rankings & Placements","best btech civil engineering colleges india","1011","B.Tech","2026-04-20","Standard Post (1011 words)","Retain URL & Optimize in Batches (AEO Snippets, Title, Meta, Schema, FAQs, Fact Verification)","https://careerwithmohit.online/blog/best-btech-civil-engineering-colleges-india-2026"
"https://careerwithmohit.online/blog/best-btech-colleges-india-2026","Best B.Tech Colleges in India 2026 – Rankings, Fees, Placement & Admission","best btech colleges","1306","B.Tech","2026-04-25","Standard Post (1306 words)","Retain URL & Optimize in Batches (AEO Snippets, Title, Meta, Schema, FAQs, Fact Verification)","https://careerwithmohit.online/blog/best-btech-colleges-india-2026"
"https://careerwithmohit.online/blog/best-btech-colleges-placements-india-2026","Best B.Tech Colleges for Placements in India 2026 — Highest Packages","best btech colleges for placements india 2026","1163","B.Tech","2026-04-20","Standard Post (1163 words)","Retain URL & Optimize in Batches (AEO Snippets, Title, Meta, Schema, FAQs, Fact Verification)","https://careerwithmohit.online/blog/best-btech-colleges-placements-india-2026"
"https://careerwithmohit.online/blog/best-btech-colleges-pune-2026-fees-placements","Best B.Tech Colleges in Pune 2026: Fees, Placements & Direct Admission Guide","B.Tech colleges in Pune","794","B.Tech","2026-05-12","Standard Post (794 words)","Retain URL & Optimize in Batches (AEO Snippets, Title, Meta, Schema, FAQs, Fact Verification)","https://careerwithmohit.online/blog/best-btech-colleges-pune-2026-fees-placements"
"https://careerwithmohit.online/blog/best-btech-cse-colleges-delhi-ncr-direct-admission-2026","Best B.Tech CSE Colleges in Delhi NCR for Direct Admission (2026)","direct admission B.Tech CSE Delhi NCR","978","B.Tech","2026-03-28","Standard Post (978 words)","Retain URL & Optimize in Batches (AEO Snippets, Title, Meta, Schema, FAQs, Fact Verification)","https://careerwithmohit.online/blog/best-btech-cse-colleges-delhi-ncr-direct-admission-2026"
"https://careerwithmohit.online/blog/best-btech-cse-colleges-india-2026","Best B.Tech CSE Colleges in India 2026 — Rankings, Salary & AI Tracks","best btech cse colleges in india 2026","1008","B.Tech","2026-04-21","Standard Post (1008 words)","Retain URL & Optimize in Batches (AEO Snippets, Title, Meta, Schema, FAQs, Fact Verification)","https://careerwithmohit.online/blog/best-btech-cse-colleges-india-2026"
"https://careerwithmohit.online/blog/best-btech-data-science-colleges-delhi-ncr-direct-admission-2026","Top B.Tech Data Science Colleges in Delhi NCR for Direct Admission (2026)","direct admission B.Tech Data Science Delhi NCR","881","B.Tech","2026-03-28","Standard Post (881 words)","Retain URL & Optimize in Batches (AEO Snippets, Title, Meta, Schema, FAQs, Fact Verification)","https://careerwithmohit.online/blog/best-btech-data-science-colleges-delhi-ncr-direct-admission-2026"
"https://careerwithmohit.online/blog/best-btech-ece-colleges-delhi-ncr-direct-admission-2026","Best B.Tech ECE Colleges in Delhi NCR for Direct Admission (2026)","direct admission B.Tech ECE Delhi NCR","841","B.Tech","2026-03-28","Standard Post (841 words)","Retain URL & Optimize in Batches (AEO Snippets, Title, Meta, Schema, FAQs, Fact Verification)","https://careerwithmohit.online/blog/best-btech-ece-colleges-delhi-ncr-direct-admission-2026"
"https://careerwithmohit.online/blog/best-btech-ece-electronics-colleges-india-2026","Best B.Tech ECE Colleges in India 2026 — Fees, Rankings & Placements","best btech ece colleges india","1276","B.Tech","2026-04-20","Standard Post (1276 words)","Retain URL & Optimize in Batches (AEO Snippets, Title, Meta, Schema, FAQs, Fact Verification)","https://careerwithmohit.online/blog/best-btech-ece-electronics-colleges-india-2026"
"https://careerwithmohit.online/blog/best-btech-electrical-engineering-colleges-india-2026","Best B.Tech Electrical Engineering Colleges in India 2026 — Fees, Rankings & Placements","best btech electrical engineering colleges india","986","B.Tech","2026-04-20","Standard Post (986 words)","Retain URL & Optimize in Batches (AEO Snippets, Title, Meta, Schema, FAQs, Fact Verification)","https://careerwithmohit.online/blog/best-btech-electrical-engineering-colleges-india-2026"
"https://careerwithmohit.online/blog/best-btech-it-colleges-delhi-ncr-direct-admission-2026","Top B.Tech Information Technology (IT) Colleges in Delhi NCR for Direct Admission (2026)","direct admission B.Tech IT Delhi NCR","822","B.Tech","2026-03-28","Standard Post (822 words)","Retain URL & Optimize in Batches (AEO Snippets, Title, Meta, Schema, FAQs, Fact Verification)","https://careerwithmohit.online/blog/best-btech-it-colleges-delhi-ncr-direct-admission-2026"
"https://careerwithmohit.online/blog/best-btech-mechanical-engineering-colleges-india-2026","Best B.Tech Mechanical Engineering Colleges in India 2026 — Fees, Rankings & Placements","best btech mechanical engineering colleges india","1113","B.Tech","2026-04-20","Standard Post (1113 words)","Retain URL & Optimize in Batches (AEO Snippets, Title, Meta, Schema, FAQs, Fact Verification)","https://careerwithmohit.online/blog/best-btech-mechanical-engineering-colleges-india-2026"
"https://careerwithmohit.online/blog/best-career-counselling-admission-consultant-mba-btech-bba-pune-mumbai-delhi-bangalore-2027-29","Best Career Counselling & Admission Guidance for MBA, PGDM, B.Tech, BBA, BCA & Global MBA 2027–29: Top Consultant in Pune, Mumbai, Delhi NCR, Greater Noida, Ghaziabad, Jaipur & Bangalore","best career counselling for mba pgdm","2355","B.Tech","2026-08-17","Standard Post (2355 words)","Retain URL & Optimize in Batches (AEO Snippets, Title, Meta, Schema, FAQs, Fact Verification)","https://careerwithmohit.online/blog/best-career-counselling-admission-consultant-mba-btech-bba-pune-mumbai-delhi-bangalore-2027-29"
"https://careerwithmohit.online/blog/best-cat-coaching-institutes-and-fees-2027-29","Best CAT Coaching Institutes in India 2026: Online vs Offline Fees, Features & Comparison","best cat coaching 2026","1464","Exams","2026-07-20","Standard Post (1464 words)","Retain URL & Optimize in Batches (AEO Snippets, Title, Meta, Schema, FAQs, Fact Verification)","https://careerwithmohit.online/blog/best-cat-coaching-institutes-and-fees-2027-29"
"https://careerwithmohit.online/blog/best-certifications-for-working-professionals-2027-29","Best Professional Certifications for Working Professionals in 2026","best certification for working professionals","1298","Online Degrees","2026-07-25","Standard Post (1298 words)","Retain URL & Optimize in Batches (AEO Snippets, Title, Meta, Schema, FAQs, Fact Verification)","https://careerwithmohit.online/blog/best-certifications-for-working-professionals-2027-29"
"https://careerwithmohit.online/blog/best-city-for-btech-india-comparison-2026","Best City for B.Tech in India 2026? Bangalore, Hyderabad, vs Delhi NCR - An Engineering Hub Comparison","best city for btech in india","1079","B.Tech","2026-05-03","Standard Post (1079 words)","Retain URL & Optimize in Batches (AEO Snippets, Title, Meta, Schema, FAQs, Fact Verification)","https://careerwithmohit.online/blog/best-city-for-btech-india-comparison-2026"
"https://careerwithmohit.online/blog/best-city-for-mba-india-comparison-2027-29","Best City for MBA in India 2027–29? Mumbai, Bangalore, Delhi NCR vs Pune - A Detailed Comparison","best city for mba in india","1180","Online Degrees","2026-05-03","Standard Post (1180 words)","Retain URL & Optimize in Batches (AEO Snippets, Title, Meta, Schema, FAQs, Fact Verification)","https://careerwithmohit.online/blog/best-city-for-mba-india-comparison-2027-29"
"https://careerwithmohit.online/blog/best-direct-admission-roi-mba-colleges-delhi-ncr-2027-29","Best Direct Admission ROI MBA Colleges in Delhi NCR 2027–29","direct admission mba delhi ncr","1255","Jobs & Careers","2026-03-28","Standard Post (1255 words)","Retain URL & Optimize in Batches (AEO Snippets, Title, Meta, Schema, FAQs, Fact Verification)","https://careerwithmohit.online/blog/best-direct-admission-roi-mba-colleges-delhi-ncr-2027-29"
"https://careerwithmohit.online/blog/best-freelancing-websites-india-2027-29","Best Freelancing Websites in India 2026: Top Platforms to Earn Money Online","best freelancing websites in India 2026","1941","Jobs & Careers","2026-05-10","Standard Post (1941 words)","Retain URL & Optimize in Batches (AEO Snippets, Title, Meta, Schema, FAQs, Fact Verification)","https://careerwithmohit.online/blog/best-freelancing-websites-india-2027-29"
"https://careerwithmohit.online/blog/best-ipu-colleges-for-bba-2026","Best IPU Colleges for BBA 2026: Rankings, Cutoffs, Fees & Placements","Best IPU Colleges for BBA","910","BBA","2026-05-23","Standard Post (910 words)","Retain URL & Optimize in Batches (AEO Snippets, Title, Meta, Schema, FAQs, Fact Verification)","https://careerwithmohit.online/blog/best-ipu-colleges-for-bba-2026"
"https://careerwithmohit.online/blog/best-mba-coaching-online-2027-29","Top Online Coaching for CAT, XAT, SNAP, NMAT & GMAT Preparation (2026)","best MBA coaching online 2027–29","840","Exams","2026-03-10","Standard Post (840 words)","Retain URL & Optimize in Batches (AEO Snippets, Title, Meta, Schema, FAQs, Fact Verification)","https://careerwithmohit.online/blog/best-mba-coaching-online-2027-29"
"https://careerwithmohit.online/blog/best-mba-colleges-in-bangalore-2027-29","Best MBA Colleges in Bangalore 2027–29: Rankings, Fees, and Placements","best MBA colleges in Bangalore","927","Online Degrees","2026-03-14","Standard Post (927 words)","Retain URL & Optimize in Batches (AEO Snippets, Title, Meta, Schema, FAQs, Fact Verification)","https://careerwithmohit.online/blog/best-mba-colleges-in-bangalore-2027-29"
"https://careerwithmohit.online/blog/best-mba-colleges-in-delhi-2027-29","Best MBA Colleges in Delhi 2027–29: Fees, Placements & ROI Ranking","best MBA colleges in Delhi 2027–29","1284","Exams","2026-03-17","Standard Post (1284 words)","Retain URL & Optimize in Batches (AEO Snippets, Title, Meta, Schema, FAQs, Fact Verification)","https://careerwithmohit.online/blog/best-mba-colleges-in-delhi-2027-29"
"https://careerwithmohit.online/blog/best-mba-colleges-in-jaipur-2027-29","Best MBA Colleges in Jaipur 2027–29: Rankings, Fees, and Admission Guide","best MBA colleges in Jaipur","873","Online Degrees","2026-03-14","Standard Post (873 words)","Retain URL & Optimize in Batches (AEO Snippets, Title, Meta, Schema, FAQs, Fact Verification)","https://careerwithmohit.online/blog/best-mba-colleges-in-jaipur-2027-29"
"https://careerwithmohit.online/blog/best-mba-colleges-in-kota-2027-29","Best MBA Colleges in Kota 2027–29: Rankings, Fees & Admission Guide","best MBA colleges in Kota","815","Online Degrees","2026-03-18","Standard Post (815 words)","Retain URL & Optimize in Batches (AEO Snippets, Title, Meta, Schema, FAQs, Fact Verification)","https://careerwithmohit.online/blog/best-mba-colleges-in-kota-2027-29"
"https://careerwithmohit.online/blog/best-mba-colleges-in-mumbai-2027-29","Best MBA Colleges in Mumbai 2027–29: Rankings, Fees, ROI, and Placements","best MBA colleges in Mumbai","995","Online Degrees","2026-03-14","Standard Post (995 words)","Retain URL & Optimize in Batches (AEO Snippets, Title, Meta, Schema, FAQs, Fact Verification)","https://careerwithmohit.online/blog/best-mba-colleges-in-mumbai-2027-29"
"https://careerwithmohit.online/blog/best-mba-colleges-in-noida-ghaziabad-2027-29","Best MBA Colleges in Noida & Ghaziabad 2027–29: Rankings, Fees, and Placements","best MBA colleges in Noida","921","Online Degrees","2026-03-14","Standard Post (921 words)","Retain URL & Optimize in Batches (AEO Snippets, Title, Meta, Schema, FAQs, Fact Verification)","https://careerwithmohit.online/blog/best-mba-colleges-in-noida-ghaziabad-2027-29"
"https://careerwithmohit.online/blog/best-mba-colleges-in-pune-2027-29","Best MBA Colleges in Pune 2027–29: Fees, Placements & Admission Guide","best MBA colleges in Pune 2027–29","1411","Online Degrees","2026-03-17","Standard Post (1411 words)","Retain URL & Optimize in Batches (AEO Snippets, Title, Meta, Schema, FAQs, Fact Verification)","https://careerwithmohit.online/blog/best-mba-colleges-in-pune-2027-29"
"https://careerwithmohit.online/blog/best-mba-colleges-india-2027-29","Best MBA Colleges in India 2027–29 – Rankings, Fees, Placements & Cutoffs","best mba colleges","1426","Online Degrees","2026-04-25","Standard Post (1426 words)","Retain URL & Optimize in Batches (AEO Snippets, Title, Meta, Schema, FAQs, Fact Verification)","https://careerwithmohit.online/blog/best-mba-colleges-india-2027-29"
"https://careerwithmohit.online/blog/best-mba-colleges-low-fees-high-roi-india-2027-29","Best MBA Colleges with Low Fees & High ROI 2027–29 — FMS, JBIMS, TISS & More","best mba colleges with low fees and high roi 2027–29","805","Exams","2026-04-21","Standard Post (805 words)","Retain URL & Optimize in Batches (AEO Snippets, Title, Meta, Schema, FAQs, Fact Verification)","https://careerwithmohit.online/blog/best-mba-colleges-low-fees-high-roi-india-2027-29"
"https://careerwithmohit.online/blog/best-mba-colleges-placement-delhi-ncr-2027-29","Best MBA Colleges with Placement in Delhi NCR 2027–29: Salaries & Recruiters","Best MBA Colleges with Placement in Delhi NCR","976","Online Degrees","2026-05-23","Standard Post (976 words)","Retain URL & Optimize in Batches (AEO Snippets, Title, Meta, Schema, FAQs, Fact Verification)","https://careerwithmohit.online/blog/best-mba-colleges-placement-delhi-ncr-2027-29"
"https://careerwithmohit.online/blog/best-mba-pgdm-colleges-greater-noida-lucknow-2027-29","Best MBA/PGDM Colleges in Greater Noida & Lucknow (2027-29): Eligibility, Fees & Seat Matrix","Best PGDM Colleges in Greater Noida 2027-29","695","Exams","2026-08-22","Standard Post (695 words)","Retain URL & Optimize in Batches (AEO Snippets, Title, Meta, Schema, FAQs, Fact Verification)","https://careerwithmohit.online/blog/best-mba-pgdm-colleges-greater-noida-lucknow-2027-29"
"https://careerwithmohit.online/blog/best-mba-pgdm-colleges-mumbai-2027","Best MBA & PGDM Colleges in Mumbai 2027: Fees, Direct Admission & ROI","best pgdm colleges mumbai 2027","903","Exams","2026-07-22","Standard Post (903 words)","Retain URL & Optimize in Batches (AEO Snippets, Title, Meta, Schema, FAQs, Fact Verification)","https://careerwithmohit.online/blog/best-mba-pgdm-colleges-mumbai-2027"
"https://careerwithmohit.online/blog/best-mba-pgdm-colleges-pune-2027","Best MBA & PGDM Colleges in Pune 2027: Fees, Placements & Admission Guide","best mba colleges in pune 2027","1135","Jobs & Careers","2026-07-22","Standard Post (1135 words)","Retain URL & Optimize in Batches (AEO Snippets, Title, Meta, Schema, FAQs, Fact Verification)","https://careerwithmohit.online/blog/best-mba-pgdm-colleges-pune-2027"
"https://careerwithmohit.online/blog/best-mca-colleges-low-fees-high-placements-india-2026","Best MCA Colleges with Low Fees & High Placements 2026 — High ROI Guide","mca colleges with low fees and high placements","888","BCA/MCA","2026-04-21","Standard Post (888 words)","Retain URL & Optimize in Batches (AEO Snippets, Title, Meta, Schema, FAQs, Fact Verification)","https://careerwithmohit.online/blog/best-mca-colleges-low-fees-high-placements-india-2026"
"https://careerwithmohit.online/blog/best-online-mba-bba-colleges-in-bangalore-2027","Best Online MBA & BBA Colleges in Bangalore 2027: Fees, Accreditations & Tech Placements","online degree in bangalore 2027","1031","Online Degrees","2026-08-24","Standard Post (1031 words)","Retain URL & Optimize in Batches (AEO Snippets, Title, Meta, Schema, FAQs, Fact Verification)","https://careerwithmohit.online/blog/best-online-mba-bba-colleges-in-bangalore-2027"
"https://careerwithmohit.online/blog/best-online-mba-colleges-india-2027-29","Best Online MBA Colleges in India 2027–29 – Fees, Rankings & Admission Guide","best online MBA colleges in India 2027–29","1795","Online Degrees","2026-04-25","Standard Post (1795 words)","Retain URL & Optimize in Batches (AEO Snippets, Title, Meta, Schema, FAQs, Fact Verification)","https://careerwithmohit.online/blog/best-online-mba-colleges-india-2027-29"
"https://careerwithmohit.online/blog/best-online-mba-colleges-working-professionals-india-2027-29","Best Online MBA Colleges in India for Working Professionals (2026)","best online MBA for working professionals India","1007","Online Degrees","2026-04-03","Standard Post (1007 words)","Retain URL & Optimize in Batches (AEO Snippets, Title, Meta, Schema, FAQs, Fact Verification)","https://careerwithmohit.online/blog/best-online-mba-colleges-working-professionals-india-2027-29"
"https://careerwithmohit.online/blog/best-pgdm-college-under-8-lakhs-with-8-lpa-average-package","Best PGDM Colleges Under 8 Lakhs Fees with 8 LPA Average Package: Top High-ROI B-Schools 2026","best pgdm college under 8 lakhs with 8 lpa average package","769","Jobs & Careers","2026-09-12","Standard Post (769 words)","Retain URL & Optimize in Batches (AEO Snippets, Title, Meta, Schema, FAQs, Fact Verification)","https://careerwithmohit.online/blog/best-pgdm-college-under-8-lakhs-with-8-lpa-average-package"
"https://careerwithmohit.online/blog/best-pgdm-colleges-mumbai-pune-2027-29","Best PGDM Colleges in Mumbai & Pune (2027-29): Fees Structure, Average Package & Direct Admissions","Best PGDM Colleges in Mumbai 2027-29","814","Exams","2026-08-22","Standard Post (814 words)","Retain URL & Optimize in Batches (AEO Snippets, Title, Meta, Schema, FAQs, Fact Verification)","https://careerwithmohit.online/blog/best-pgdm-colleges-mumbai-pune-2027-29"
"https://careerwithmohit.online/blog/best-platforms-sell-courses-online-comparison-2027-29","Best Platforms to Sell Courses Online 2026 — Aggregators vs. Branded Apps","best platforms to sell courses online 2026","757","Jobs & Careers","2026-04-21","Standard Post (757 words)","Retain URL & Optimize in Batches (AEO Snippets, Title, Meta, Schema, FAQs, Fact Verification)","https://careerwithmohit.online/blog/best-platforms-sell-courses-online-comparison-2027-29"
"https://careerwithmohit.online/blog/bharati-vidyapeeth-bvp-pune-btech-admission-2026","Bharati Vidyapeeth Pune B.Tech Admission 2026: BVP CET, Fees & Review","Bharati Vidyapeeth Pune BTech admission 2026","673","B.Tech","2026-03-24","Standard Post (673 words)","Retain URL & Optimize in Batches (AEO Snippets, Title, Meta, Schema, FAQs, Fact Verification)","https://careerwithmohit.online/blog/bharati-vidyapeeth-bvp-pune-btech-admission-2026"
"https://careerwithmohit.online/blog/bharati-vidyapeeth-medical-college-pune-mbbs-admission-2026","Bharati Vidyapeeth Deemed University Medical College, Pune MBBS Admission 2026: Process, NEET Cutoff & Fee Structure","Bharati Vidyapeeth Medical College Pune MBBS admission 2026","1111","Medical/MBBS","2026-07-21","Standard Post (1111 words)","Retain URL & Optimize in Batches (AEO Snippets, Title, Meta, Schema, FAQs, Fact Verification)","https://careerwithmohit.online/blog/bharati-vidyapeeth-medical-college-pune-mbbs-admission-2026"
"https://careerwithmohit.online/blog/bharati-vidyapeeth-pune-imed-review-2027-29","Bharati Vidyapeeth (Deemed University) (IMED Pune) Review 2027–29: Placements, Fees, Courses & Admission","Bharati Vidyapeeth Pune (IMED) review 2027–29","1409","Jobs & Careers","2026-08-03","Standard Post (1409 words)","Retain URL & Optimize in Batches (AEO Snippets, Title, Meta, Schema, FAQs, Fact Verification)","https://careerwithmohit.online/blog/bharati-vidyapeeth-pune-imed-review-2027-29"
"https://careerwithmohit.online/blog/bihar-student-credit-card-mba-colleges","Bihar Student Credit Card (DRCC) MBA Colleges Pan India 2027–29: Complete City-Wise List","Bihar Student Credit Card top MBA colleges 2027–29","1075","MBA","2026-03-25","Standard Post (1075 words)","Retain URL & Optimize in Batches (AEO Snippets, Title, Meta, Schema, FAQs, Fact Verification)","https://careerwithmohit.online/blog/bihar-student-credit-card-mba-colleges"
"https://careerwithmohit.online/blog/bimm-balaji-pune-mba-review-2027-fees-placements-cutoff","Balaji Institute of Modern Management (BIMM Pune) Review 2027: Fees, Placements, Cutoff, Ranking & Admission Verdict","balaji institute of modern management (bimm pune) review 2027","1396","Exams","2026-09-15","Standard Post (1396 words)","Retain URL & Optimize in Batches (AEO Snippets, Title, Meta, Schema, FAQs, Fact Verification)","https://careerwithmohit.online/blog/bimm-balaji-pune-mba-review-2027-fees-placements-cutoff"
"https://careerwithmohit.online/blog/bimtech-greater-noida-executive-mba-review","Birla Institute of Management Technology (BIMTECH), Greater Noida Executive MBA Review","Birla Institute of Management Technology (BIMTECH), Greater Noida executive mba","652","Exams","2026-07-22","Standard Post (652 words)","Retain URL & Optimize in Batches (AEO Snippets, Title, Meta, Schema, FAQs, Fact Verification)","https://careerwithmohit.online/blog/bimtech-greater-noida-executive-mba-review"
"https://careerwithmohit.online/blog/bimtech-greater-noida-pgdm-review-2027-fees-placements-cutoff","BIMTECH MBA Admission 2027: Fees, Cutoff & ROI","bimtech greater noida mba admission 2027","1367","Exams","2026-09-26","Standard Post (1367 words)","Retain URL & Optimize in Batches (AEO Snippets, Title, Meta, Schema, FAQs, Fact Verification)","https://careerwithmohit.online/blog/bimtech-greater-noida-pgdm-review-2027-fees-placements-cutoff"
"https://careerwithmohit.online/blog/bimtech-online-pgdm-review-2027-29","BIMTECH Online PGDM Review 2027–29: Fees, Placements & AACSB Accreditation","BIMTECH Online PGDM review 2027–29","855","Exams","2026-03-30","Standard Post (855 words)","Retain URL & Optimize in Batches (AEO Snippets, Title, Meta, Schema, FAQs, Fact Verification)","https://careerwithmohit.online/blog/bimtech-online-pgdm-review-2027-29"
"https://careerwithmohit.online/blog/birchwood-university-usa-online-review-2027-29","Birchwood University (USA) Online Review (2026-2027): Real Placements, Fees & Cutoffs–29: MBA & M.Sc Fee Structure","Birchwood University Online review 2027–29","868","Online Degrees","2026-04-05","Standard Post (868 words)","Retain URL & Optimize in Batches (AEO Snippets, Title, Meta, Schema, FAQs, Fact Verification)","https://careerwithmohit.online/blog/birchwood-university-usa-online-review-2027-29"
"https://careerwithmohit.online/blog/bits-pilani-mba-business-analytics-review-2027-fees-placements-cutoff","Department of Management, BITS Pilani Review 2027: Fees, Placements, Cutoff, Ranking & Admission Verdict","department of management, bits pilani review 2027","1805","MBA","2026-09-10","Standard Post (1805 words)","Retain URL & Optimize in Batches (AEO Snippets, Title, Meta, Schema, FAQs, Fact Verification)","https://careerwithmohit.online/blog/bits-pilani-mba-business-analytics-review-2027-fees-placements-cutoff"
"https://careerwithmohit.online/blog/bitsom-mumbai-mba-review-2027-fees-placements-cutoff","BITS School of Management (BITSoM) Review 2027: Fees, Placements, Cutoff, Ranking & Admission Verdict","bits school of management (bitsom) review 2027","1696","MBA","2026-09-10","Standard Post (1696 words)","Retain URL & Optimize in Batches (AEO Snippets, Title, Meta, Schema, FAQs, Fact Verification)","https://careerwithmohit.online/blog/bitsom-mumbai-mba-review-2027-fees-placements-cutoff"
"https://careerwithmohit.online/blog/bml-munjal-university-gurugram-review-2027-29","BML Munjal University, Gurugram Review 2027–29: Placements, Fees, Courses & Admission","BML Munjal University (BMU) review 2027–29","1316","Jobs & Careers","2026-08-03","Standard Post (1316 words)","Retain URL & Optimize in Batches (AEO Snippets, Title, Meta, Schema, FAQs, Fact Verification)","https://careerwithmohit.online/blog/bml-munjal-university-gurugram-review-2027-29"
"https://careerwithmohit.online/blog/bml-munjal-university-placement-review-2027-29","BML Munjal University MBA Placement Review (2026-2027): Real Placements, Fees & Cutoffs–29: Stats & Recruiters","[BML Munjal University](/colleges/bml-munjal-gurgaon/) MBA placements 2027–29","608","Online Degrees","2026-03-22","Standard Post (608 words)","Retain URL & Optimize in Batches (AEO Snippets, Title, Meta, Schema, FAQs, Fact Verification)","https://careerwithmohit.online/blog/bml-munjal-university-placement-review-2027-29"
"https://careerwithmohit.online/blog/bml-munjal-university-usp-btech-bba-bca-mba-2027-29","USP of BML Munjal University: BTech, BBA, BCA & MBA 2027–29 — Why Hero Group's Campus Stands Out","[BML Munjal University](/colleges/bml-munjal-gurgaon/) USP","2263","B.Tech","2026-05-19","Standard Post (2263 words)","Retain URL & Optimize in Batches (AEO Snippets, Title, Meta, Schema, FAQs, Fact Verification)","https://careerwithmohit.online/blog/bml-munjal-university-usp-btech-bba-bca-mba-2027-29"
"https://careerwithmohit.online/blog/book-free-1-on-1-mba-counselling-session-mohit-jain","Book Free 1-on-1 MBA Counselling Online: 30-Minute Face-to-Face Video Guidance with Mohit Jain (2026–2027)","book face to face MBA counselling","1926","Exams","2026-09-15","Standard Post (1926 words)","Retain URL & Optimize in Batches (AEO Snippets, Title, Meta, Schema, FAQs, Fact Verification)","https://careerwithmohit.online/blog/book-free-1-on-1-mba-counselling-session-mohit-jain"
"https://careerwithmohit.online/blog/boston-university-usa-admission-guide-2027-29","Boston University Admission Guide 2026: Fees, Placements & Requirements","Boston University admission 2026","778","Jobs & Careers","2026-06-11","Standard Post (778 words)","Retain URL & Optimize in Batches (AEO Snippets, Title, Meta, Schema, FAQs, Fact Verification)","https://careerwithmohit.online/blog/boston-university-usa-admission-guide-2027-29"
"https://careerwithmohit.online/blog/bse-satwik-100-index-fund-ethical-investing-india","BSE Satwik 100 Fund: Is India’s First Ethical Investing Index Worth It?","BSE Satwik 100 fund","1370","Jobs & Careers","2026-06-27","Standard Post (1370 words)","Retain URL & Optimize in Batches (AEO Snippets, Title, Meta, Schema, FAQs, Fact Verification)","https://careerwithmohit.online/blog/bse-satwik-100-index-fund-ethical-investing-india"
"https://careerwithmohit.online/blog/bseb-10th-result-2026-declared","BSEB 10th Result 2026 Declared: Check Bihar Board Matric Result at biharboardonline.bihar.gov.in","BSEB 10th result 2026 declared today","675","Jobs & Careers","2026-03-29","Standard Post (675 words)","Retain URL & Optimize in Batches (AEO Snippets, Title, Meta, Schema, FAQs, Fact Verification)","https://careerwithmohit.online/blog/bseb-10th-result-2026-declared"
"https://careerwithmohit.online/blog/bseb-12th-result-2026-declared","BSEB 12th Result 2026 Declared: Check Bihar Board Inter Result at results.biharboardonline.com","BSEB 12th result 2026 declared","611","Jobs & Careers","2026-03-29","Standard Post (611 words)","Retain URL & Optimize in Batches (AEO Snippets, Title, Meta, Schema, FAQs, Fact Verification)","https://careerwithmohit.online/blog/bseb-12th-result-2026-declared"
"https://careerwithmohit.online/blog/btech-admission-without-jee-2026-all-options","B.Tech Admission Without JEE 2026 — All Options Explained","btech admission without jee 2026","1039","B.Tech","2026-04-20","Standard Post (1039 words)","Retain URL & Optimize in Batches (AEO Snippets, Title, Meta, Schema, FAQs, Fact Verification)","https://careerwithmohit.online/blog/btech-admission-without-jee-2026-all-options"
"https://careerwithmohit.online/blog/btech-admissions-faq-2026","B.Tech Admissions FAQ 2026: 20+ Questions Answered (JEE, Branch vs Brand, Placements)","B.Tech admission FAQ 2026","1087","B.Tech","2026-03-14","Standard Post (1087 words)","Retain URL & Optimize in Batches (AEO Snippets, Title, Meta, Schema, FAQs, Fact Verification)","https://careerwithmohit.online/blog/btech-admissions-faq-2026"
"https://careerwithmohit.online/blog/btech-colleges-under-5-lakhs-budget-2026","Top B.Tech Colleges Under 5 Lakhs Total Fees (2026) – City-wise List","btech colleges under 5 lakhs","1081","B.Tech","2026-05-03","Standard Post (1081 words)","Retain URL & Optimize in Batches (AEO Snippets, Title, Meta, Schema, FAQs, Fact Verification)","https://careerwithmohit.online/blog/btech-colleges-under-5-lakhs-budget-2026"
"https://careerwithmohit.online/blog/btech-specializations-comparison-scope-salary-skills","B.Tech Specializations Comparison 2026: Scope, Salary, and Skills","B.Tech specializations comparison","1334","B.Tech","2026-05-20","Standard Post (1334 words)","Retain URL & Optimize in Batches (AEO Snippets, Title, Meta, Schema, FAQs, Fact Verification)","https://careerwithmohit.online/blog/btech-specializations-comparison-scope-salary-skills"
"https://careerwithmohit.online/blog/btech-specializations-skills-salary-2026-guide","Guide to B.Tech Specializations, Skills, and Placements (2026)","B.Tech specializations 2026","905","B.Tech","2026-04-01","Standard Post (905 words)","Retain URL & Optimize in Batches (AEO Snippets, Title, Meta, Schema, FAQs, Fact Verification)","https://careerwithmohit.online/blog/btech-specializations-skills-salary-2026-guide"
"https://careerwithmohit.online/blog/btech-vs-be-difference-guide-2026","B.Tech vs B.E. 2026 — Key Differences, Career Scope & Which is Better?","btech vs be difference 2026","808","B.Tech","2026-04-21","Standard Post (808 words)","Retain URL & Optimize in Batches (AEO Snippets, Title, Meta, Schema, FAQs, Fact Verification)","https://careerwithmohit.online/blog/btech-vs-be-difference-guide-2026"
"https://careerwithmohit.online/blog/budget-friendly-vs-premium-bba-colleges-delhi-ncr-roi","Budget‑Friendly vs Premium BBA Colleges in Delhi NCR: Which Gives Better ROI?","budget friendly vs premium bba","713","BBA","2026-05-21","Standard Post (713 words)","Retain URL & Optimize in Batches (AEO Snippets, Title, Meta, Schema, FAQs, Fact Verification)","https://careerwithmohit.online/blog/budget-friendly-vs-premium-bba-colleges-delhi-ncr-roi"
"https://careerwithmohit.online/blog/building-ai-powered-test-series-branded-app-2026","Building AI-Powered Test Series for Your Branded App — 2026 Guide","ai powered test series builder 2026","711","Exams","2026-04-21","Standard Post (711 words)","Retain URL & Optimize in Batches (AEO Snippets, Title, Meta, Schema, FAQs, Fact Verification)","https://careerwithmohit.online/blog/building-ai-powered-test-series-branded-app-2026"
"https://careerwithmohit.online/blog/calculating-online-mba-roi-salary-hikes-vs-tuition-costs","Calculating Online MBA ROI: Average Salary Hikes vs. Total Tuition Costs","online MBA ROI calculator","608","Online Degrees","2026-06-02","Standard Post (608 words)","Retain URL & Optimize in Batches (AEO Snippets, Title, Meta, Schema, FAQs, Fact Verification)","https://careerwithmohit.online/blog/calculating-online-mba-roi-salary-hikes-vs-tuition-costs"
"https://careerwithmohit.online/blog/cambridge-judge-mba-review-2027-29","University of Cambridge (Judge) MBA Review 2027–29: Fees in INR, Placements & Admission","University of Cambridge (Judge) MBA 2027–29","890","Exams","2026-04-14","Standard Post (890 words)","Retain URL & Optimize in Batches (AEO Snippets, Title, Meta, Schema, FAQs, Fact Verification)","https://careerwithmohit.online/blog/cambridge-judge-mba-review-2027-29"
"https://careerwithmohit.online/blog/campus-life-top-bba-colleges-delhi-ncr-hostel-faculty-internships","Campus Life in Top BBA Colleges of Delhi NCR: Hostel, Faculty & Internships","campus life after bba delhi","655","BBA","2026-05-21","Standard Post (655 words)","Retain URL & Optimize in Batches (AEO Snippets, Title, Meta, Schema, FAQs, Fact Verification)","https://careerwithmohit.online/blog/campus-life-top-bba-colleges-delhi-ncr-hostel-faculty-internships"
"https://careerwithmohit.online/blog/can-i-do-bca-without-maths-2026-guide","Can I do BCA Without Maths? — Schools & Eligibility Guide 2026","can i do bca without maths in 12th","704","BCA/MCA","2026-04-21","Standard Post (704 words)","Retain URL & Optimize in Batches (AEO Snippets, Title, Meta, Schema, FAQs, Fact Verification)","https://careerwithmohit.online/blog/can-i-do-bca-without-maths-2026-guide"
"https://careerwithmohit.online/blog/can-i-do-law-without-maths-2026-guide","Can I do Law Without Maths? — Schools & Prep Guide 2026","can i do law without maths in 12th","738","Law","2026-04-21","Standard Post (738 words)","Retain URL & Optimize in Batches (AEO Snippets, Title, Meta, Schema, FAQs, Fact Verification)","https://careerwithmohit.online/blog/can-i-do-law-without-maths-2026-guide"
"https://careerwithmohit.online/blog/career-in-finance-course","Career Opportunities in Finance: A Complete Beginner's Guide","career in finance India 2026","776","Jobs & Careers","2026-03-13","Standard Post (776 words)","Retain URL & Optimize in Batches (AEO Snippets, Title, Meta, Schema, FAQs, Fact Verification)","https://careerwithmohit.online/blog/career-in-finance-course"
"https://careerwithmohit.online/blog/career-options-after-12th-arts-2027-29","Exploring Career Options After 12th Arts 2026 – Courses & High Salary Roles","career options after 12th arts","756","BBA","2026-03-24","Standard Post (756 words)","Retain URL & Optimize in Batches (AEO Snippets, Title, Meta, Schema, FAQs, Fact Verification)","https://careerwithmohit.online/blog/career-options-after-12th-arts-2027-29"
"https://careerwithmohit.online/blog/career-options-after-12th-commerce-2027-29","Best Career Options After 12th Commerce 2026 – Courses, Salary & More","career options after 12th commerce","943","BBA","2026-03-24","Standard Post (943 words)","Retain URL & Optimize in Batches (AEO Snippets, Title, Meta, Schema, FAQs, Fact Verification)","https://careerwithmohit.online/blog/career-options-after-12th-commerce-2027-29"
"https://careerwithmohit.online/blog/career-options-after-12th-maths-2027-29","Top Career Options After 12th Maths 2026 – Beyond Just Engineering","career options after 12th maths","719","Jobs & Careers","2026-03-24","Standard Post (719 words)","Retain URL & Optimize in Batches (AEO Snippets, Title, Meta, Schema, FAQs, Fact Verification)","https://careerwithmohit.online/blog/career-options-after-12th-maths-2027-29"
"https://careerwithmohit.online/blog/career-options-after-12th-science-2027-29","Best Career Options After 12th Science 2026 – PCM & PCB Guide","career options after 12th science","672","Medical/MBBS","2026-03-24","Standard Post (672 words)","Retain URL & Optimize in Batches (AEO Snippets, Title, Meta, Schema, FAQs, Fact Verification)","https://careerwithmohit.online/blog/career-options-after-12th-science-2027-29"
"https://careerwithmohit.online/blog/career-options-after-bba-2026","Top 7 Career Options After BBA in 2026: Jobs, Higher Studies & Salaries","career options after BBA","925","BBA","2026-04-19","Standard Post (925 words)","Retain URL & Optimize in Batches (AEO Snippets, Title, Meta, Schema, FAQs, Fact Verification)","https://careerwithmohit.online/blog/career-options-after-bba-2026"
"https://careerwithmohit.online/blog/career-roadmaps-2027-29","Mastering Your Future: 2026 Career Roadmaps for Top 10 Specializations","career roadmap 2026","974","Jobs & Careers","2026-03-10","Standard Post (974 words)","Retain URL & Optimize in Batches (AEO Snippets, Title, Meta, Schema, FAQs, Fact Verification)","https://careerwithmohit.online/blog/career-roadmaps-2027-29"
"https://careerwithmohit.online/blog/cat-2026-2027-pgdm-mba-colleges-delhi-ncr-greater-noida-mid-percentile","CAT 2026-2027 Selection Blueprint: Best 2-Year PGDM / MBA Colleges in Delhi NCR & Greater Noida for Mid-Percentile Aspirants (65-85%ile)","CAT 2026-2027","1978","Exams","2026-09-04","Standard Post (1978 words)","Retain URL & Optimize in Batches (AEO Snippets, Title, Meta, Schema, FAQs, Fact Verification)","https://careerwithmohit.online/blog/cat-2026-2027-pgdm-mba-colleges-delhi-ncr-greater-noida-mid-percentile"
"https://careerwithmohit.online/blog/cat-2026-2027-pgdm-mba-colleges-mumbai-pune-maharashtra-mid-percentile","CAT 2026-2027 Selection Blueprint: Best 2-Year PGDM / MBA Colleges in Mumbai & Pune (Maharashtra) for Mid-Percentile Aspirants (65-85%ile)","CAT 2026-2027","2223","Exams","2026-09-04","Standard Post (2223 words)","Retain URL & Optimize in Batches (AEO Snippets, Title, Meta, Schema, FAQs, Fact Verification)","https://careerwithmohit.online/blog/cat-2026-2027-pgdm-mba-colleges-mumbai-pune-maharashtra-mid-percentile"
"https://careerwithmohit.online/blog/cat-2026-application-form-live","CAT 2026 Application Form Live: Registration Dates, Fees, and Direct Link","cat 2026 application form","692","Exams","2026-08-05","Standard Post (692 words)","Retain URL & Optimize in Batches (AEO Snippets, Title, Meta, Schema, FAQs, Fact Verification)","https://careerwithmohit.online/blog/cat-2026-application-form-live"
"https://careerwithmohit.online/blog/cat-2026-application-form-open-date","CAT 2026 Application Form Open Date: Registration Schedule & Fees","CAT 2026 application form open date","887","Exams","2026-07-25","Standard Post (887 words)","Retain URL & Optimize in Batches (AEO Snippets, Title, Meta, Schema, FAQs, Fact Verification)","https://careerwithmohit.online/blog/cat-2026-application-form-open-date"
"https://careerwithmohit.online/blog/cat-2026-colleges-accepting-50-to-80-percentile-pune-delhi-ncr-bangalore","CAT 2026: Best MBA/PGDM Colleges for 50 to 80 Percentile in Pune, Delhi NCR & Bangalore","cat 2026","667","Exams","2026-09-03","Standard Post (667 words)","Retain URL & Optimize in Batches (AEO Snippets, Title, Meta, Schema, FAQs, Fact Verification)","https://careerwithmohit.online/blog/cat-2026-colleges-accepting-50-to-80-percentile-pune-delhi-ncr-bangalore"
"https://careerwithmohit.online/blog/cat-2026-correction-window","CAT 2026 Correction Window: Dates, Editable Fields & Photo Resize Guide","cat 2026 correction window","2204","Exams","2026-09-29","Standard Post (2204 words)","Retain URL & Optimize in Batches (AEO Snippets, Title, Meta, Schema, FAQs, Fact Verification)","https://careerwithmohit.online/blog/cat-2026-correction-window"
"https://careerwithmohit.online/blog/cat-2026-dilr-trending-pattern-game-changer","CAT 2026 Trending Pattern: Why DILR Has Become the Game‑Changer","CAT exam 2026","1233","Exams","2026-05-21","Standard Post (1233 words)","Retain URL & Optimize in Batches (AEO Snippets, Title, Meta, Schema, FAQs, Fact Verification)","https://careerwithmohit.online/blog/cat-2026-dilr-trending-pattern-game-changer"
"https://careerwithmohit.online/blog/cat-2026-exam-date-notification-registration-schedule","CAT 2026 Exam Date: Notification and Registration Schedule Out","CAT 2026 exam date","602","Exams","2026-05-03","Standard Post (602 words)","Retain URL & Optimize in Batches (AEO Snippets, Title, Meta, Schema, FAQs, Fact Verification)","https://careerwithmohit.online/blog/cat-2026-exam-date-notification-registration-schedule"
"https://careerwithmohit.online/blog/cat-2026-exam-date-registration-cost-process","CAT 2026 Exam Date, Registration, Cost & Process: Complete Guide","CAT 2026 exam date","1093","Exams","2026-06-13","Standard Post (1093 words)","Retain URL & Optimize in Batches (AEO Snippets, Title, Meta, Schema, FAQs, Fact Verification)","https://careerwithmohit.online/blog/cat-2026-exam-date-registration-cost-process"
"https://careerwithmohit.online/blog/cat-2026-preparation-strategy-syllabus-dates","CAT 2026 Preparation Strategy — Syllabus, Dates & 6-Month Roadmap","cat 2026 preparation strategy","749","Exams","2026-04-21","Standard Post (749 words)","Retain URL & Optimize in Batches (AEO Snippets, Title, Meta, Schema, FAQs, Fact Verification)","https://careerwithmohit.online/blog/cat-2026-preparation-strategy-syllabus-dates"
"https://careerwithmohit.online/blog/cat-2026-score-calculator-marks-vs-percentile","CAT 2026 Score Calculator: Marks vs Percentile & Scaled Score Predictor","CAT 2026 score calculator","734","Exams","2026-06-28","Standard Post (734 words)","Retain URL & Optimize in Batches (AEO Snippets, Title, Meta, Schema, FAQs, Fact Verification)","https://careerwithmohit.online/blog/cat-2026-score-calculator-marks-vs-percentile"
"https://careerwithmohit.online/blog/cat-2026-score-vs-percentile-what-is-a-good-score","CAT 2026 Score vs Percentile: What is a Good Score? Complete Sectional Analysis","CAT 2026 Score vs Percentile","1656","Exams","2026-08-14","Standard Post (1656 words)","Retain URL & Optimize in Batches (AEO Snippets, Title, Meta, Schema, FAQs, Fact Verification)","https://careerwithmohit.online/blog/cat-2026-score-vs-percentile-what-is-a-good-score"
"https://careerwithmohit.online/blog/cat-2026-syllabus-pdf-download-section-wise-weightage","CAT 2026 Syllabus PDF Download: Section-Wise Weightage, Exam Pattern & Topic Breakdown","cat 2026 syllabus pdf download section wise weightage","926","Exams","2026-09-12","Standard Post (926 words)","Retain URL & Optimize in Batches (AEO Snippets, Title, Meta, Schema, FAQs, Fact Verification)","https://careerwithmohit.online/blog/cat-2026-syllabus-pdf-download-section-wise-weightage"
"https://careerwithmohit.online/blog/cat-2026-tita-questions-boost-score-no-negative-marking","How to Use TITA Questions in CAT 2026 to Boost Your Score Without Negative Marking","CAT TITA questions","1073","Exams","2026-05-21","Standard Post (1073 words)","Retain URL & Optimize in Batches (AEO Snippets, Title, Meta, Schema, FAQs, Fact Verification)","https://careerwithmohit.online/blog/cat-2026-tita-questions-boost-score-no-negative-marking"
"https://careerwithmohit.online/blog/cat-2026-total-registrations-till-now-last-5-year-records","CAT 2026 Total Registrations Till Now & Last 5-Year Records: Registered vs Appeared Statistics","CAT 2026 total registration till now","2051","Exams","2026-09-10","Standard Post (2051 words)","Retain URL & Optimize in Batches (AEO Snippets, Title, Meta, Schema, FAQs, Fact Verification)","https://careerwithmohit.online/blog/cat-2026-total-registrations-till-now-last-5-year-records"
"https://careerwithmohit.online/blog/cat-2027-preparation-roadmap-month-by-month-strategy","CAT 2027 Preparation Roadmap: Month-by-Month Strategy for 99+ Percentile","CAT 2027 preparation roadmap","1893","Exams","2026-08-28","Standard Post (1893 words)","Retain URL & Optimize in Batches (AEO Snippets, Title, Meta, Schema, FAQs, Fact Verification)","https://careerwithmohit.online/blog/cat-2027-preparation-roadmap-month-by-month-strategy"
"https://careerwithmohit.online/blog/cat-answer-key-response-sheet-analysis-score-calculator","CAT Answer Key & Response Sheet Analysis: Download Link, Score Calculator & Objection Guide","CAT Answer Key 2026","671","Exams","2026-08-14","Standard Post (671 words)","Retain URL & Optimize in Batches (AEO Snippets, Title, Meta, Schema, FAQs, Fact Verification)","https://careerwithmohit.online/blog/cat-answer-key-response-sheet-analysis-score-calculator"
"https://careerwithmohit.online/blog/cat-dilr-important-questions-with-solutions-2027-29","CAT DILR Important Questions with Solutions 2026: Set-Wise Practice Guide","cat dilr important questions with solutions","2863","Exams","2026-08-03","Standard Post (2863 words)","Retain URL & Optimize in Batches (AEO Snippets, Title, Meta, Schema, FAQs, Fact Verification)","https://careerwithmohit.online/blog/cat-dilr-important-questions-with-solutions-2027-29"
"https://careerwithmohit.online/blog/cat-exam-2026-last-date-of-registration","CAT Exam 2026 Last Date of Registration: Deadline, Fees, Extension & How to Apply","cat exam 2026 last date of registration","1397","Exams","2026-09-10","Standard Post (1397 words)","Retain URL & Optimize in Batches (AEO Snippets, Title, Meta, Schema, FAQs, Fact Verification)","https://careerwithmohit.online/blog/cat-exam-2026-last-date-of-registration"
"https://careerwithmohit.online/blog/cat-quant-important-questions-with-solutions-2027-29","CAT Quant Important Questions with Solutions 2026: Topic-Wise Practice Guide","cat quant important questions with solutions","1947","Exams","2026-08-03","Standard Post (1947 words)","Retain URL & Optimize in Batches (AEO Snippets, Title, Meta, Schema, FAQs, Fact Verification)","https://careerwithmohit.online/blog/cat-quant-important-questions-with-solutions-2027-29"
"https://careerwithmohit.online/blog/cat-varc-important-questions-with-solutions-2027-29","CAT VARC Important Questions with Solutions 2026: RC & VA Practice Guide","cat varc important questions with solutions","2178","Exams","2026-08-03","Standard Post (2178 words)","Retain URL & Optimize in Batches (AEO Snippets, Title, Meta, Schema, FAQs, Fact Verification)","https://careerwithmohit.online/blog/cat-varc-important-questions-with-solutions-2027-29"
"https://careerwithmohit.online/blog/cbse-12th-board-reevaluation-rechecking-2026","CBSE 12th Board Reevaluation & Rechecking 2026: Official Dates, Fees, and Step-by-Step Process","CBSE 12th revaluation 2026","811","Jobs & Careers","2026-05-17","Standard Post (811 words)","Retain URL & Optimize in Batches (AEO Snippets, Title, Meta, Schema, FAQs, Fact Verification)","https://careerwithmohit.online/blog/cbse-12th-board-reevaluation-rechecking-2026"
"https://careerwithmohit.online/blog/cbse-12th-result-2026-expected-date","CBSE 12th Result 2026 Expected Date: Latest News & 'Coming Soon' Status on DigiLocker","CBSE 12th result 2026 date","629","Jobs & Careers","2026-05-12","Standard Post (629 words)","Retain URL & Optimize in Batches (AEO Snippets, Title, Meta, Schema, FAQs, Fact Verification)","https://careerwithmohit.online/blog/cbse-12th-result-2026-expected-date"
"https://careerwithmohit.online/blog/cbse-12th-result-digilocker-2026-guide","CBSE 12th Result 2026: How to Check on DigiLocker (Step-by-Step Guide)","CBSE 12th result 2026 DigiLocker","775","Jobs & Careers","2026-05-01","Standard Post (775 words)","Retain URL & Optimize in Batches (AEO Snippets, Title, Meta, Schema, FAQs, Fact Verification)","https://careerwithmohit.online/blog/cbse-12th-result-digilocker-2026-guide"
"https://careerwithmohit.online/blog/central-university-list-india-2026-state-wise","Central University List India 2026: All 56 Central Universities State-Wise","central university list India 2026","2003","Online Degrees","2026-04-27","Standard Post (2003 words)","Retain URL & Optimize in Batches (AEO Snippets, Title, Meta, Schema, FAQs, Fact Verification)","https://careerwithmohit.online/blog/central-university-list-india-2026-state-wise"
"https://careerwithmohit.online/blog/central-university-of-punjab-cup-review-2027-29","Central University of Punjab (CUP) Review 2027–29: Fees, Placements & CUET Cutoffs","Central University of Punjab admission 2026","622","Online Degrees","2026-05-24","Standard Post (622 words)","Retain URL & Optimize in Batches (AEO Snippets, Title, Meta, Schema, FAQs, Fact Verification)","https://careerwithmohit.online/blog/central-university-of-punjab-cup-review-2027-29"
"https://careerwithmohit.online/blog/central-university-of-rajasthan-curaj-review-2027-29","Central University of Rajasthan (CURaj) Review 2027–29: Fees, Placements & Admission Process","CURaj admission 2026","656","Jobs & Careers","2026-05-24","Standard Post (656 words)","Retain URL & Optimize in Batches (AEO Snippets, Title, Meta, Schema, FAQs, Fact Verification)","https://careerwithmohit.online/blog/central-university-of-rajasthan-curaj-review-2027-29"
"https://careerwithmohit.online/blog/cfa-course-guide-exam-dates-syllabus-2027-29","CFA Course Guide 2026 — Eligibility, Syllabus, Fees & Strategy","cfa course guide 2026","751","Jobs & Careers","2026-04-21","Standard Post (751 words)","Retain URL & Optimize in Batches (AEO Snippets, Title, Meta, Schema, FAQs, Fact Verification)","https://careerwithmohit.online/blog/cfa-course-guide-exam-dates-syllabus-2027-29"
"https://careerwithmohit.online/blog/chandigarh-university-cu-mohali-review-2027-29","Chandigarh University (CU), Mohali / Gharuan Review 2027–29: Placements, Fees, Courses & Admission","Chandigarh University (CU) review 2027–29","1395","Jobs & Careers","2026-08-03","Standard Post (1395 words)","Retain URL & Optimize in Batches (AEO Snippets, Title, Meta, Schema, FAQs, Fact Verification)","https://careerwithmohit.online/blog/chandigarh-university-cu-mohali-review-2027-29"
"https://careerwithmohit.online/blog/chandigarh-university-online-mba-review-2027-29","Chandigarh University Online MBA Review (2026-2027): Real Placements, Fees & Cutoffs–29: Fees, Specializations & Placement Reality","Chandigarh University online MBA review 2027–29","1185","Online Degrees","2026-05-10","Standard Post (1185 words)","Retain URL & Optimize in Batches (AEO Snippets, Title, Meta, Schema, FAQs, Fact Verification)","https://careerwithmohit.online/blog/chandigarh-university-online-mba-review-2027-29"
"https://careerwithmohit.online/blog/cheapest-online-mba-colleges-in-india-under-1-lakh-2027","Cheapest Online MBA Colleges in India Under ₹1 Lakh (2027): UGC Approved Fees, ROI & Top Universities","cheapest online mba in india fees under 1 lakh","879","Online Degrees","2026-09-17","Standard Post (879 words)","Retain URL & Optimize in Batches (AEO Snippets, Title, Meta, Schema, FAQs, Fact Verification)","https://careerwithmohit.online/blog/cheapest-online-mba-colleges-in-india-under-1-lakh-2027"
"https://careerwithmohit.online/blog/check-may-mat-cbt-score-2027-29","How to Check MAT May 2026 CBT Score – Scorecard Download, Result Date & Calculator","MAT May 2026 CBT score","1595","Exams","2026-06-02","Standard Post (1595 words)","Retain URL & Optimize in Batches (AEO Snippets, Title, Meta, Schema, FAQs, Fact Verification)","https://careerwithmohit.online/blog/check-may-mat-cbt-score-2027-29"
"https://careerwithmohit.online/blog/check-may-mat-ibt-score-2027-29","How to Check MAT May 2026 IBT Score – Scorecard Download, Result Date & Calculator","MAT May 2026 IBT score","1806","Exams","2026-06-02","Standard Post (1806 words)","Retain URL & Optimize in Batches (AEO Snippets, Title, Meta, Schema, FAQs, Fact Verification)","https://careerwithmohit.online/blog/check-may-mat-ibt-score-2027-29"
"https://careerwithmohit.online/blog/check-may-mat-pbt-score-2027-29","How to Check MAT May 2026 PBT Score – Scorecard Download, Result Date & Calculator","MAT May 2026 PBT score","1453","Jobs & Careers","2026-06-02","Standard Post (1453 words)","Retain URL & Optimize in Batches (AEO Snippets, Title, Meta, Schema, FAQs, Fact Verification)","https://careerwithmohit.online/blog/check-may-mat-pbt-score-2027-29"
"https://careerwithmohit.online/blog/chetana-mumbai-review-2027-29","Chetana Institute of Management Mumbai Review 2027–29: Fees, Placements, Cutoffs & ROI Analysis","Chetana Institute of Management Mumbai review 2027–29","1350","Exams","2026-08-03","Standard Post (1350 words)","Retain URL & Optimize in Batches (AEO Snippets, Title, Meta, Schema, FAQs, Fact Verification)","https://careerwithmohit.online/blog/chetana-mumbai-review-2027-29"
"https://careerwithmohit.online/blog/chicago-booth-mba-review-2027-29","Chicago Booth School of Business MBA Review 2027–29: Fees in INR, Placements & Admission","Chicago Booth School of Business MBA 2027–29","896","Exams","2026-04-14","Standard Post (896 words)","Retain URL & Optimize in Batches (AEO Snippets, Title, Meta, Schema, FAQs, Fact Verification)","https://careerwithmohit.online/blog/chicago-booth-mba-review-2027-29"
"https://careerwithmohit.online/blog/chinmaya-vishwa-vidyapeeth-kochi-review-2027-29","Chinmaya Vishwa Vidyapeeth, Kochi Review 2027–29: Placements, Fees, Courses & Admission","Chinmaya Vishwa Vidyapeeth Kochi review 2027–29","1357","B.Tech","2026-08-03","Standard Post (1357 words)","Retain URL & Optimize in Batches (AEO Snippets, Title, Meta, Schema, FAQs, Fact Verification)","https://careerwithmohit.online/blog/chinmaya-vishwa-vidyapeeth-kochi-review-2027-29"
"https://careerwithmohit.online/blog/chitkara-university-online-review-2027-29","Chitkara University Online Review (2026-2027): Real Placements, Fees & Cutoffs–29: MBA, MCA, BBA & BCA Fee Structure","Chitkara University Online review 2027–29","830","Online Degrees","2026-04-05","Standard Post (830 words)","Retain URL & Optimize in Batches (AEO Snippets, Title, Meta, Schema, FAQs, Fact Verification)","https://careerwithmohit.online/blog/chitkara-university-online-review-2027-29"
"https://careerwithmohit.online/blog/chitkara-university-punjab-review-2027-29","Chitkara University, Rajpura / Punjab Review 2027–29: Placements, Fees, Courses & Admission","Chitkara University Punjab review 2027–29","1348","Jobs & Careers","2026-08-03","Standard Post (1348 words)","Retain URL & Optimize in Batches (AEO Snippets, Title, Meta, Schema, FAQs, Fact Verification)","https://careerwithmohit.online/blog/chitkara-university-punjab-review-2027-29"
"https://careerwithmohit.online/blog/choose-right-bba-college-delhi-ncr-jamia-vs-amity-vs-sscbs","How to Choose the Right BBA College in Delhi NCR: Jamia Millia vs Amity vs SSCBS","jamia millia vs amity vs sscbs","785","BBA","2026-05-21","Standard Post (785 words)","Retain URL & Optimize in Batches (AEO Snippets, Title, Meta, Schema, FAQs, Fact Verification)","https://careerwithmohit.online/blog/choose-right-bba-college-delhi-ncr-jamia-vs-amity-vs-sscbs"
"https://careerwithmohit.online/blog/christ-university-bangalore-executive-mba-review","Christ University, Bangalore Executive MBA Review","Christ University, Bangalore executive mba","644","Exams","2026-07-22","Standard Post (644 words)","Retain URL & Optimize in Batches (AEO Snippets, Title, Meta, Schema, FAQs, Fact Verification)","https://careerwithmohit.online/blog/christ-university-bangalore-executive-mba-review"
"https://careerwithmohit.online/blog/christ-university-bangalore-review-2027-29","CHRIST (Deemed to be University), Bangalore Review 2027–29: Placements, Fees, Courses & Admission","Christ University Bangalore review 2027–29","1372","BBA","2026-08-03","Standard Post (1372 words)","Retain URL & Optimize in Batches (AEO Snippets, Title, Meta, Schema, FAQs, Fact Verification)","https://careerwithmohit.online/blog/christ-university-bangalore-review-2027-29"
"https://careerwithmohit.online/blog/christ-university-central-campus-mba-admission-2026-fees-review","Christ University (Central Campus) Bangalore MBA Admission 2027–2029: Fees & Placements","[Christ University Bangalore](/colleges/christ-university-bangalore/) MBA admission 2027–2029","750","Online Degrees","2026-03-24","Standard Post (750 words)","Retain URL & Optimize in Batches (AEO Snippets, Title, Meta, Schema, FAQs, Fact Verification)","https://careerwithmohit.online/blog/christ-university-central-campus-mba-admission-2026-fees-review"
"https://careerwithmohit.online/blog/christ-university-delhi-ncr-mba-admission-2026-fees-review","Christ University (Delhi NCR) MBA Admission 2027–2029: Fees & Review","Christ University Delhi NCR MBA admission 2027–2029","799","Online Degrees","2026-03-24","Standard Post (799 words)","Retain URL & Optimize in Batches (AEO Snippets, Title, Meta, Schema, FAQs, Fact Verification)","https://careerwithmohit.online/blog/christ-university-delhi-ncr-mba-admission-2026-fees-review"
"https://careerwithmohit.online/blog/christ-university-kengeri-mba-admission-2026-fees-review","Christ University (Kengeri Campus) Bangalore MBA Admission 2027–2029: Fees & Review","Christ University Kengeri MBA admission 2027–2029","761","Online Degrees","2026-03-24","Standard Post (761 words)","Retain URL & Optimize in Batches (AEO Snippets, Title, Meta, Schema, FAQs, Fact Verification)","https://careerwithmohit.online/blog/christ-university-kengeri-mba-admission-2026-fees-review"
"https://careerwithmohit.online/blog/christ-university-pune-lavasa-mba-admission-2026-fees-review","Christ University (Pune Lavasa) MBA Admission 2027–2029: Fees & Review","Christ University Pune Lavasa MBA admission 2027–2029","776","Online Degrees","2026-03-24","Standard Post (776 words)","Retain URL & Optimize in Batches (AEO Snippets, Title, Meta, Schema, FAQs, Fact Verification)","https://careerwithmohit.online/blog/christ-university-pune-lavasa-mba-admission-2026-fees-review"
"https://careerwithmohit.online/blog/christ-university-yeshwanthpur-mba-admission-2026-fees-review","Christ University (Yeshwanthpur) MBA Admission 2027–2029: Fees & Review","Christ University Yeshwanthpur MBA admission 2027–2029","752","Online Degrees","2026-03-24","Standard Post (752 words)","Retain URL & Optimize in Batches (AEO Snippets, Title, Meta, Schema, FAQs, Fact Verification)","https://careerwithmohit.online/blog/christ-university-yeshwanthpur-mba-admission-2026-fees-review"
"https://careerwithmohit.online/blog/cimp-patna-mba-review-2027-fees-placements-cutoff","Chandragupt Institute of Management Patna (CIMP) Review 2027: Fees, Placements, Cutoff, Ranking & Admission Verdict","chandragupt institute of management patna (cimp) review 2027","1353","Exams","2026-09-15","Standard Post (1353 words)","Retain URL & Optimize in Batches (AEO Snippets, Title, Meta, Schema, FAQs, Fact Verification)","https://careerwithmohit.online/blog/cimp-patna-mba-review-2027-fees-placements-cutoff"
"https://careerwithmohit.online/blog/classplus-vs-graphy-vs-careerwithmohit-best-coaching-app-builder-2027-29","Classplus vs Graphy vs CareerWithMohit: Best Coaching App Builder in 2026","classplus vs graphy","973","Jobs & Careers","2026-05-30","Standard Post (973 words)","Retain URL & Optimize in Batches (AEO Snippets, Title, Meta, Schema, FAQs, Fact Verification)","https://careerwithmohit.online/blog/classplus-vs-graphy-vs-careerwithmohit-best-coaching-app-builder-2027-29"
"https://careerwithmohit.online/blog/classroom-to-digital-academy-transition-guide-2027-29","Transitioning from Classroom to Digital Academy — 2026 Hybrid Growth Guide","offline to online coaching transition 2026","764","Jobs & Careers","2026-04-21","Standard Post (764 words)","Retain URL & Optimize in Batches (AEO Snippets, Title, Meta, Schema, FAQs, Fact Verification)","https://careerwithmohit.online/blog/classroom-to-digital-academy-transition-guide-2027-29"
"https://careerwithmohit.online/blog/clat-2026-exam-strategy-guide","CLAT 2026 — Exam Dates, Syllabus & Preparation Strategy","clat 2026 notification","747","Law","2026-04-21","Standard Post (747 words)","Retain URL & Optimize in Batches (AEO Snippets, Title, Meta, Schema, FAQs, Fact Verification)","https://careerwithmohit.online/blog/clat-2026-exam-strategy-guide"
"https://careerwithmohit.online/blog/clat-2027-registration-open","CLAT 2027 Registration Open: Application Form, Dates, Eligibility & How to Apply","CLAT 2027 registration","979","Law","2026-08-06","Standard Post (979 words)","Retain URL & Optimize in Batches (AEO Snippets, Title, Meta, Schema, FAQs, Fact Verification)","https://careerwithmohit.online/blog/clat-2027-registration-open"
"https://careerwithmohit.online/blog/cmc-ludhiana-mbbs-admission-2026-process-cutoff-fee","Christian Medical College (CMC), Ludhiana MBBS Admission 2026: Process, NEET Cutoff & Fee Structure","CMC Ludhiana MBBS admission 2026","1085","Medical/MBBS","2026-07-21","Standard Post (1085 words)","Retain URL & Optimize in Batches (AEO Snippets, Title, Meta, Schema, FAQs, Fact Verification)","https://careerwithmohit.online/blog/cmc-ludhiana-mbbs-admission-2026-process-cutoff-fee"
"https://careerwithmohit.online/blog/cmc-vellore-mbbs-admission-2026-process-cutoff-fee","Christian Medical College (CMC), Vellore MBBS Admission 2026: Process, NEET Cutoff & Fee Structure","CMC Vellore MBBS admission 2026","1122","Medical/MBBS","2026-07-21","Standard Post (1122 words)","Retain URL & Optimize in Batches (AEO Snippets, Title, Meta, Schema, FAQs, Fact Verification)","https://careerwithmohit.online/blog/cmc-vellore-mbbs-admission-2026-process-cutoff-fee"
"https://careerwithmohit.online/blog/cmr-university-bangalore-review-2027-29","CMR University, Bangalore Review 2027–29: Placements, Fees, Courses & Admission","CMR University Bangalore review 2027–29","1327","Jobs & Careers","2026-08-03","Standard Post (1327 words)","Retain URL & Optimize in Batches (AEO Snippets, Title, Meta, Schema, FAQs, Fact Verification)","https://careerwithmohit.online/blog/cmr-university-bangalore-review-2027-29"
"https://careerwithmohit.online/blog/columbia-business-school-mba-review-2027-29","Columbia Business School MBA Review 2027–29: Fees in INR, Placements & Admission","Columbia Business School MBA 2027–29","882","Exams","2026-04-14","Standard Post (882 words)","Retain URL & Optimize in Batches (AEO Snippets, Title, Meta, Schema, FAQs, Fact Verification)","https://careerwithmohit.online/blog/columbia-business-school-mba-review-2027-29"
"https://careerwithmohit.online/blog/compare-mat-mba-pgdm-colleges-best-placements","Compare MAT MBA / PGDM Colleges: Best Placements & Fees 2027–29","Compare MAT MBA PGDM colleges","943","Exams","2026-06-24","Standard Post (943 words)","Retain URL & Optimize in Batches (AEO Snippets, Title, Meta, Schema, FAQs, Fact Verification)","https://careerwithmohit.online/blog/compare-mat-mba-pgdm-colleges-best-placements"
"https://careerwithmohit.online/blog/corporate-finance-vs-investment-banking-comparison","Corporate Finance vs. Investment Banking 2026 — Which Career is Best?","corporate finance vs investment banking 2026","788","Exams","2026-04-21","Standard Post (788 words)","Retain URL & Optimize in Batches (AEO Snippets, Title, Meta, Schema, FAQs, Fact Verification)","https://careerwithmohit.online/blog/corporate-finance-vs-investment-banking-comparison"
"https://careerwithmohit.online/blog/corporate-law-career-path-salary-2027-29","Career in Corporate Law 2026 — Salaries, Skills & Path Guide","corporate law career india 2026","753","BBA","2026-04-21","Standard Post (753 words)","Retain URL & Optimize in Batches (AEO Snippets, Title, Meta, Schema, FAQs, Fact Verification)","https://careerwithmohit.online/blog/corporate-law-career-path-salary-2027-29"
"https://careerwithmohit.online/blog/course-creation-guide-script-to-branded-app-2026","Online Course Creation Guide 2026 — From Script to Branded App","how to create online course 2026","756","Jobs & Careers","2026-04-21","Standard Post (756 words)","Retain URL & Optimize in Batches (AEO Snippets, Title, Meta, Schema, FAQs, Fact Verification)","https://careerwithmohit.online/blog/course-creation-guide-script-to-branded-app-2026"
"https://careerwithmohit.online/blog/cryptocurrency-taxation-india-2026-complete-rules","Cryptocurrency Taxation in India 2026 — Complete Rules & Filing Guide","cryptocurrency taxation india 2026","739","Jobs & Careers","2026-04-21","Standard Post (739 words)","Retain URL & Optimize in Batches (AEO Snippets, Title, Meta, Schema, FAQs, Fact Verification)","https://careerwithmohit.online/blog/cryptocurrency-taxation-india-2026-complete-rules"
"https://careerwithmohit.online/blog/cuet-pg-2026-response-sheet-expected-date","CUET PG 2026 Response Sheet & Answer Key: Expected Date & Release Time","CUET PG 2026 response sheet date","662","Jobs & Careers","2026-03-29","Standard Post (662 words)","Retain URL & Optimize in Batches (AEO Snippets, Title, Meta, Schema, FAQs, Fact Verification)","https://careerwithmohit.online/blog/cuet-pg-2026-response-sheet-expected-date"
"https://careerwithmohit.online/blog/cuet-pg-2026-response-sheet-out-check-link","CUET PG 2026 Response Sheet Released: Direct Link to Download & Challenge Answer Key","CUET PG 2026 response sheet out","736","Jobs & Careers","2026-04-11","Standard Post (736 words)","Retain URL & Optimize in Batches (AEO Snippets, Title, Meta, Schema, FAQs, Fact Verification)","https://careerwithmohit.online/blog/cuet-pg-2026-response-sheet-out-check-link"
"https://careerwithmohit.online/blog/cuet-pg-2026-result-declared-check-scorecard-link","CUET PG 2026 Result Declared: Download NTA Scorecard & Check Subject-wise Toppers at exams.nta.nic.in","CUET PG result 2026","660","Exams","2026-04-25","Standard Post (660 words)","Retain URL & Optimize in Batches (AEO Snippets, Title, Meta, Schema, FAQs, Fact Verification)","https://careerwithmohit.online/blog/cuet-pg-2026-result-declared-check-scorecard-link"
"https://careerwithmohit.online/blog/cuet-pg-accepting-colleges-delhi-ncr-2027-29","Top CUET PG Accepting Colleges in Delhi NCR 2026: Central, State & Private Universities","CUET PG colleges in Delhi NCR 2026","635","Exams","2026-04-05","Standard Post (635 words)","Retain URL & Optimize in Batches (AEO Snippets, Title, Meta, Schema, FAQs, Fact Verification)","https://careerwithmohit.online/blog/cuet-pg-accepting-colleges-delhi-ncr-2027-29"
"https://careerwithmohit.online/blog/cuet-pg-accepting-colleges-greater-noida-2027-29","Top CUET PG Accepting Colleges in Greater Noida 2026: Fees & ROI","CUET PG colleges in Greater Noida 2026","601","Exams","2026-04-05","Standard Post (601 words)","Retain URL & Optimize in Batches (AEO Snippets, Title, Meta, Schema, FAQs, Fact Verification)","https://careerwithmohit.online/blog/cuet-pg-accepting-colleges-greater-noida-2027-29"
"https://careerwithmohit.online/blog/cuet-pg-accepting-colleges-gurugram-2027-29","CUET PG Accepting Colleges in Gurugram 2026: Gurgaon Admissions","CUET PG colleges in Gurugram 2026","744","Exams","2026-04-05","Standard Post (744 words)","Retain URL & Optimize in Batches (AEO Snippets, Title, Meta, Schema, FAQs, Fact Verification)","https://careerwithmohit.online/blog/cuet-pg-accepting-colleges-gurugram-2027-29"
"https://careerwithmohit.online/blog/cuet-pg-accepting-colleges-india-2027-29","CUET PG Colleges 2026 – Top Universities for MBA, MCA, M.Tech, M.A & M.Sc","cuet pg colleges","1016","Certifications & Skills","2026-04-25","Standard Post (1016 words)","Retain URL & Optimize in Batches (AEO Snippets, Title, Meta, Schema, FAQs, Fact Verification)","https://careerwithmohit.online/blog/cuet-pg-accepting-colleges-india-2027-29"
"https://careerwithmohit.online/blog/cuet-pg-accepting-colleges-jaipur-2027-29","CUET PG Accepting Colleges in Jaipur 2026: Best Postgraduate Admissions","CUET PG colleges in Jaipur 2026","610","Jobs & Careers","2026-04-05","Standard Post (610 words)","Retain URL & Optimize in Batches (AEO Snippets, Title, Meta, Schema, FAQs, Fact Verification)","https://careerwithmohit.online/blog/cuet-pg-accepting-colleges-jaipur-2027-29"
"https://careerwithmohit.online/blog/cuet-pg-accepting-colleges-mumbai-2027-29","Top CUET PG Accepting Colleges in Mumbai 2026: TISS & Deemed Universities","CUET PG colleges in Mumbai 2026","851","MBA","2026-04-05","Standard Post (851 words)","Retain URL & Optimize in Batches (AEO Snippets, Title, Meta, Schema, FAQs, Fact Verification)","https://careerwithmohit.online/blog/cuet-pg-accepting-colleges-mumbai-2027-29"
"https://careerwithmohit.online/blog/cuet-pg-accepting-colleges-noida-2027-29","CUET PG Accepting Colleges in Noida 2026: Top Universities List","CUET PG colleges in Noida 2026","709","Exams","2026-04-05","Standard Post (709 words)","Retain URL & Optimize in Batches (AEO Snippets, Title, Meta, Schema, FAQs, Fact Verification)","https://careerwithmohit.online/blog/cuet-pg-accepting-colleges-noida-2027-29"
"https://careerwithmohit.online/blog/cuet-pg-accepting-colleges-pune-2027-29","CUET PG Accepting Colleges in Pune 2026: Best Postgraduate Admissions","CUET PG colleges in Pune 2026","764","Exams","2026-04-05","Standard Post (764 words)","Retain URL & Optimize in Batches (AEO Snippets, Title, Meta, Schema, FAQs, Fact Verification)","https://careerwithmohit.online/blog/cuet-pg-accepting-colleges-pune-2027-29"
"https://careerwithmohit.online/blog/cuet-pg-mba-colleges-list-2027-29","Complete List of CUET PG 2026 MBA Colleges: Central, State & Private Universities","CUET PG 2026 MBA colleges list","956","MBA","2026-03-30","Standard Post (956 words)","Retain URL & Optimize in Batches (AEO Snippets, Title, Meta, Schema, FAQs, Fact Verification)","https://careerwithmohit.online/blog/cuet-pg-mba-colleges-list-2027-29"
"https://careerwithmohit.online/blog/cuet-ug-2026-admit-card-download-link-process","CUET UG 2026 Admit Card OUT: Direct Download Link and Exam Day Guidelines","CUET UG 2026 admit card out","676","Exams","2026-05-06","Standard Post (676 words)","Retain URL & Optimize in Batches (AEO Snippets, Title, Meta, Schema, FAQs, Fact Verification)","https://careerwithmohit.online/blog/cuet-ug-2026-admit-card-download-link-process"
"https://careerwithmohit.online/blog/cuet-ug-2026-bba-admission-guide","CUET UG 2026 — Top BBA & BMS Colleges, Syllabus & Strategy","cuet ug 2026 bba colleges","762","BBA","2026-04-21","Standard Post (762 words)","Retain URL & Optimize in Batches (AEO Snippets, Title, Meta, Schema, FAQs, Fact Verification)","https://careerwithmohit.online/blog/cuet-ug-2026-bba-admission-guide"
"https://careerwithmohit.online/blog/cuet-ug-2026-expected-exam-date","CUET UG 2026 Expected Exam Dates: Subject-wise Schedule and Admit Card Update","CUET UG 2026 exam date","720","Exams","2026-04-12","Standard Post (720 words)","Retain URL & Optimize in Batches (AEO Snippets, Title, Meta, Schema, FAQs, Fact Verification)","https://careerwithmohit.online/blog/cuet-ug-2026-expected-exam-date"
"https://careerwithmohit.online/blog/cuet-ug-2026-result-declared-scorecard-download-link","CUET UG 2026 Result Declared: Direct Link to Download NTA Scorecard at cuet.nta.nic.in","CUET UG result 2026 declared","836","Exams","2026-06-23","Standard Post (836 words)","Retain URL & Optimize in Batches (AEO Snippets, Title, Meta, Schema, FAQs, Fact Verification)","https://careerwithmohit.online/blog/cuet-ug-2026-result-declared-scorecard-download-link"
"https://careerwithmohit.online/blog/cuet-ug-2026-result-expected-date-answer-key-out","CUET UG 2026 Result Update: Answer Key Out, Expected Result Date & Scorecard Download at cuet.nta.nic.in","CUET UG result 2026","764","Jobs & Careers","2026-06-09","Standard Post (764 words)","Retain URL & Optimize in Batches (AEO Snippets, Title, Meta, Schema, FAQs, Fact Verification)","https://careerwithmohit.online/blog/cuet-ug-2026-result-expected-date-answer-key-out"
"https://careerwithmohit.online/blog/cuet-ug-2026-score-calculator-marks-vs-percentile","CUET UG 2026 Score Calculator: Marks vs Percentile & NTA Normalization","CUET UG 2026 Score Calculator","957","Jobs & Careers","2026-04-17","Standard Post (957 words)","Retain URL & Optimize in Batches (AEO Snippets, Title, Meta, Schema, FAQs, Fact Verification)","https://careerwithmohit.online/blog/cuet-ug-2026-score-calculator-marks-vs-percentile"
"https://careerwithmohit.online/blog/cuet-ug-2026-score-calculator-marks-vs-percentile-predictor","CUET UG 2026 Score Calculator: Marks vs Percentile & Response Sheet Parser","CUET UG 2026 Score Calculator","645","Jobs & Careers","2026-04-05","Standard Post (645 words)","Retain URL & Optimize in Batches (AEO Snippets, Title, Meta, Schema, FAQs, Fact Verification)","https://careerwithmohit.online/blog/cuet-ug-2026-score-calculator-marks-vs-percentile-predictor"
"https://careerwithmohit.online/blog/cuet-ug-accepting-colleges-india-2027-29","CUET UG Accepting Colleges 2026 – Central, State & Private Universities List","cuet ug colleges","858","Jobs & Careers","2026-04-25","Standard Post (858 words)","Retain URL & Optimize in Batches (AEO Snippets, Title, Meta, Schema, FAQs, Fact Verification)","https://careerwithmohit.online/blog/cuet-ug-accepting-colleges-india-2027-29"
"https://careerwithmohit.online/blog/cuet-ug-accepting-colleges-mumbai-2027-29","Top CUET UG Accepting Colleges in Mumbai 2026: Detailed Admission List","CUET UG Mumbai 2026","689","Online Degrees","2026-04-05","Standard Post (689 words)","Retain URL & Optimize in Batches (AEO Snippets, Title, Meta, Schema, FAQs, Fact Verification)","https://careerwithmohit.online/blog/cuet-ug-accepting-colleges-mumbai-2027-29"
"https://careerwithmohit.online/blog/cuet-ug-result-date-2027-29","CUET UG Result Date 2026: Expected Date, Final Answer Key & Scorecard Download Guide","CUET UG result date 2026","847","Jobs & Careers","2026-06-12","Standard Post (847 words)","Retain URL & Optimize in Batches (AEO Snippets, Title, Meta, Schema, FAQs, Fact Verification)","https://careerwithmohit.online/blog/cuet-ug-result-date-2027-29"
"https://careerwithmohit.online/blog/cuet-ug-university-list-2026-citywise","CUET UG 2026: Top University List for Delhi NCR, Pune, Jaipur, Bangalore, and Mumbai","CUET UG university list 2026","748","Exams","2026-04-03","Standard Post (748 words)","Retain URL & Optimize in Batches (AEO Snippets, Title, Meta, Schema, FAQs, Fact Verification)","https://careerwithmohit.online/blog/cuet-ug-university-list-2026-citywise"
"https://careerwithmohit.online/blog/d-y-patil-university-mumbai-online-mba-review-2027-29","D.Y Patil University (Mumbai) Online MBA Review 2027–29: Placements, Fees & Admission","D.Y Patil University (Mumbai) online MBA review","880","Online Degrees","2026-03-26","Standard Post (880 words)","Retain URL & Optimize in Batches (AEO Snippets, Title, Meta, Schema, FAQs, Fact Verification)","https://careerwithmohit.online/blog/d-y-patil-university-mumbai-online-mba-review-2027-29"
"https://careerwithmohit.online/blog/daiict-gandhinagar-btech-admission-2026-fees-cutoff-review","DA-IICT Gandhinagar B.Tech Admission 2026: JEE Main Cutoffs, Fees & Placement Review","DA-IICT Gandhinagar BTech admission 2026","845","B.Tech","2026-03-24","Standard Post (845 words)","Retain URL & Optimize in Batches (AEO Snippets, Title, Meta, Schema, FAQs, Fact Verification)","https://careerwithmohit.online/blog/daiict-gandhinagar-btech-admission-2026-fees-cutoff-review"
"https://careerwithmohit.online/blog/data-analytics-scope-after-pgdm-jkbs-gurgaon-dabi","Data Analytics Scope After PGDM: Why JKBS Gurgaon's DABI Program is a Game Changer","data analytics after pgdm","808","Jobs & Careers","2026-05-28","Standard Post (808 words)","Retain URL & Optimize in Batches (AEO Snippets, Title, Meta, Schema, FAQs, Fact Verification)","https://careerwithmohit.online/blog/data-analytics-scope-after-pgdm-jkbs-gurgaon-dabi"
"https://careerwithmohit.online/blog/dayananda-sagar-university-dsu-bangalore-review-2027-29","Dayananda Sagar University (DSU), Bangalore Review 2027–29: Placements, Fees, Courses & Admission","Dayananda Sagar University (DSU) review 2027–29","1364","Jobs & Careers","2026-08-03","Standard Post (1364 words)","Retain URL & Optimize in Batches (AEO Snippets, Title, Meta, Schema, FAQs, Fact Verification)","https://careerwithmohit.online/blog/dayananda-sagar-university-dsu-bangalore-review-2027-29"
"https://careerwithmohit.online/blog/december-mat-exam-2026-mba-admission-2027-cutoffs-strategy","December MAT Exam 2026: MBA Admission 2027 Cutoffs, Fees & Strategy","december mat exam 2026","829","MBA","2026-10-02","Standard Post (829 words)","Retain URL & Optimize in Batches (AEO Snippets, Title, Meta, Schema, FAQs, Fact Verification)","https://careerwithmohit.online/blog/december-mat-exam-2026-mba-admission-2027-cutoffs-strategy"
"https://careerwithmohit.online/blog/delhi-ncr-mba-admission-2027-cat-2026-xat-2027-cutoffs","MBA Admission 2027 in Delhi NCR: Cutoff, Fee Structure & Non-IIM Colleges for CAT 2026 / XAT 2027","mba admission 2027","653","Exams","2026-09-03","Standard Post (653 words)","Retain URL & Optimize in Batches (AEO Snippets, Title, Meta, Schema, FAQs, Fact Verification)","https://careerwithmohit.online/blog/delhi-ncr-mba-admission-2027-cat-2026-xat-2027-cutoffs"
"https://careerwithmohit.online/blog/delhi-school-of-business-dsb-pgdm-admission-2027-29","Delhi School of Business (DSB / VIPS-TC) MBA / PGDM Admission 2027-29: Fees, Approvals, Placements, PPO, Certifications & Faculty Review","Delhi School of Business (DSB / VIPS-TC) admission 2027-29","1304","Exams","2026-09-18","Standard Post (1304 words)","Retain URL & Optimize in Batches (AEO Snippets, Title, Meta, Schema, FAQs, Fact Verification)","https://careerwithmohit.online/blog/delhi-school-of-business-dsb-pgdm-admission-2027-29"
"https://careerwithmohit.online/blog/delhi-university-du-bcom-admission-process-eligibility-2027-29","Delhi University (DU) BCom Admission Process & Eligibility (2026)","career counselling","1078","Jobs & Careers","2026-04-05","Standard Post (1078 words)","Retain URL & Optimize in Batches (AEO Snippets, Title, Meta, Schema, FAQs, Fact Verification)","https://careerwithmohit.online/blog/delhi-university-du-bcom-admission-process-eligibility-2027-29"
"https://careerwithmohit.online/blog/delhi-university-mba-colleges","The Ultimate Guide to Delhi University (DU) MBA Colleges: Fees, Placements & Cutoffs (2025-26)","career counselling","1165","Online Degrees","2026-03-17","Standard Post (1165 words)","Retain URL & Optimize in Batches (AEO Snippets, Title, Meta, Schema, FAQs, Fact Verification)","https://careerwithmohit.online/blog/delhi-university-mba-colleges"
"https://careerwithmohit.online/blog/deloitte-fresher-hiring-india-2026","Deloitte India Fresher Hiring 2026: NLA & Campus Drive Guide","Deloitte fresher hiring 2026","603","B.Tech","2026-04-22","Standard Post (603 words)","Retain URL & Optimize in Batches (AEO Snippets, Title, Meta, Schema, FAQs, Fact Verification)","https://careerwithmohit.online/blog/deloitte-fresher-hiring-india-2026"
"https://careerwithmohit.online/blog/direct-admission-cuet-mba-colleges-delhi-ncr-2027-29","Direct Admission in CUET MBA Colleges Delhi NCR 2027–29: Fees & Placements","direct admission CUET MBA colleges Delhi NCR","883","Online Degrees","2026-03-28","Standard Post (883 words)","Retain URL & Optimize in Batches (AEO Snippets, Title, Meta, Schema, FAQs, Fact Verification)","https://careerwithmohit.online/blog/direct-admission-cuet-mba-colleges-delhi-ncr-2027-29"
"https://careerwithmohit.online/blog/direct-admission-jecrc-university-jaipur-btech-2026","Direct Admission in JECRC University Jaipur for B.Tech 2026: Fees, Management Quota & Process","direct admission [JECRC University](/colleges/jecrc-jaipur/) Jaipur BTech","1054","B.Tech","2026-04-02","Standard Post (1054 words)","Retain URL & Optimize in Batches (AEO Snippets, Title, Meta, Schema, FAQs, Fact Verification)","https://careerwithmohit.online/blog/direct-admission-jecrc-university-jaipur-btech-2026"
"https://careerwithmohit.online/blog/direct-admission-manipal-university-jaipur-btech-2026","Direct Admission in Manipal University Jaipur for B.Tech 2026: Fees, Process & Truth About Management Quota","direct admission [Manipal University Jaipur](/colleges/manipal-university-jaipur/) BTech","1469","B.Tech","2026-04-02","Standard Post (1469 words)","Retain URL & Optimize in Batches (AEO Snippets, Title, Meta, Schema, FAQs, Fact Verification)","https://careerwithmohit.online/blog/direct-admission-manipal-university-jaipur-btech-2026"
"https://careerwithmohit.online/blog/direct-admission-mnit-jaipur-btech-2026","Direct Admission in MNIT Jaipur for B.Tech 2026: The Truth, JEE Cutoffs & Fees","direct admission [MNIT Jaipur](/colleges/mnit-jaipur/) BTech","1297","B.Tech","2026-04-02","Standard Post (1297 words)","Retain URL & Optimize in Batches (AEO Snippets, Title, Meta, Schema, FAQs, Fact Verification)","https://careerwithmohit.online/blog/direct-admission-mnit-jaipur-btech-2026"
"https://careerwithmohit.online/blog/direct-admission-poornima-college-jaipur-btech-2026","Direct Admission in Poornima College of Engineering Jaipur for B.Tech 2026: Management Quota, Fees & Placements","direct admission Poornima College Jaipur BTech","1049","B.Tech","2026-04-02","Standard Post (1049 words)","Retain URL & Optimize in Batches (AEO Snippets, Title, Meta, Schema, FAQs, Fact Verification)","https://careerwithmohit.online/blog/direct-admission-poornima-college-jaipur-btech-2026"
"https://careerwithmohit.online/blog/direct-admission-skit-jaipur-btech-2026","Direct Admission in SKIT Jaipur for B.Tech 2026: Management Quota, Fees & Placement Review","direct admission SKIT Jaipur BTech","1143","B.Tech","2026-04-02","Standard Post (1143 words)","Retain URL & Optimize in Batches (AEO Snippets, Title, Meta, Schema, FAQs, Fact Verification)","https://careerwithmohit.online/blog/direct-admission-skit-jaipur-btech-2026"
"https://careerwithmohit.online/blog/direct-admission-srm-university-2027-29","Direct Admission in SRM University 2026: Management Quota, Fees & Process","SRM University direct admission","933","B.Tech","2026-04-01","Standard Post (933 words)","Retain URL & Optimize in Batches (AEO Snippets, Title, Meta, Schema, FAQs, Fact Verification)","https://careerwithmohit.online/blog/direct-admission-srm-university-2027-29"
"https://careerwithmohit.online/blog/direct-bba-admission-2026-management-quota","Direct BBA Admission 2026 — Management Quota Process & Fees","direct bba admission 2026","808","BBA","2026-04-21","Standard Post (808 words)","Retain URL & Optimize in Batches (AEO Snippets, Title, Meta, Schema, FAQs, Fact Verification)","https://careerwithmohit.online/blog/direct-bba-admission-2026-management-quota"
"https://careerwithmohit.online/blog/direct-bca-admission-2026-guide","Direct BCA Admission 2026 — Process, Fees & Management Quota","direct bca admission 2026","783","BCA/MCA","2026-04-21","Standard Post (783 words)","Retain URL & Optimize in Batches (AEO Snippets, Title, Meta, Schema, FAQs, Fact Verification)","https://careerwithmohit.online/blog/direct-bca-admission-2026-guide"
"https://careerwithmohit.online/blog/direct-llb-admission-without-entrance-exam-2026-is-it-worth-it","Direct LLB Admission 2026 — Management Quota & Process Guide","direct llb admission 2026","834","Law","2026-04-21","Standard Post (834 words)","Retain URL & Optimize in Batches (AEO Snippets, Title, Meta, Schema, FAQs, Fact Verification)","https://careerwithmohit.online/blog/direct-llb-admission-without-entrance-exam-2026-is-it-worth-it"
"https://careerwithmohit.online/blog/direct-mba-admission-delhi-ncr-2027-29","Direct MBA Admission in Delhi NCR 2027–29: Process, Fees & Colleges","Direct MBA Admission in Delhi NCR","924","MBA","2026-05-23","Standard Post (924 words)","Retain URL & Optimize in Batches (AEO Snippets, Title, Meta, Schema, FAQs, Fact Verification)","https://careerwithmohit.online/blog/direct-mba-admission-delhi-ncr-2027-29"
"https://careerwithmohit.online/blog/direct-mba-admission-in-top-pgdm-colleges-without-entrance-exam","Direct MBA Admission in Top PGDM Colleges Without Entrance Exam 2027–2029: Eligibility, Fees & ROI","direct mba admission in top pgdm colleges without entrance exam","975","MBA","2026-09-12","Standard Post (975 words)","Retain URL & Optimize in Batches (AEO Snippets, Title, Meta, Schema, FAQs, Fact Verification)","https://careerwithmohit.online/blog/direct-mba-admission-in-top-pgdm-colleges-without-entrance-exam"
"https://careerwithmohit.online/blog/direct-mba-admission-india","Direct MBA Admission in India 2027–29: Top Colleges, Management Quota & Fees","direct MBA admission 2027–2029","797","Jobs & Careers","2026-03-17","Standard Post (797 words)","Retain URL & Optimize in Batches (AEO Snippets, Title, Meta, Schema, FAQs, Fact Verification)","https://careerwithmohit.online/blog/direct-mba-admission-india"
"https://careerwithmohit.online/blog/direct-mba-admission-pune-under-8-lakhs-budget-2027","Direct MBA Admission in Pune Under 8 Lakhs Budget: Top Colleges & Placement ROI (2027)","direct MBA admission Pune under 8 lakhs","1930","Exams","2026-08-26","Standard Post (1930 words)","Retain URL & Optimize in Batches (AEO Snippets, Title, Meta, Schema, FAQs, Fact Verification)","https://careerwithmohit.online/blog/direct-mba-admission-pune-under-8-lakhs-budget-2027"
"https://careerwithmohit.online/blog/direct-mba-admission-without-entrance-exam-2026-is-it-worth-it","Direct MBA Admission Without Entrance Exam 2027–29 — Is it Worth It?","direct mba admission without entrance exam 2027–29","841","Online Degrees","2026-04-21","Standard Post (841 words)","Retain URL & Optimize in Batches (AEO Snippets, Title, Meta, Schema, FAQs, Fact Verification)","https://careerwithmohit.online/blog/direct-mba-admission-without-entrance-exam-2026-is-it-worth-it"
"https://careerwithmohit.online/blog/direct-mca-admission-without-entrance-exam-2026-is-it-worth-it","Direct MCA Admission 2026 — Management Quota & Process Guide","direct mca admission 2026","826","BCA/MCA","2026-04-21","Standard Post (826 words)","Retain URL & Optimize in Batches (AEO Snippets, Title, Meta, Schema, FAQs, Fact Verification)","https://careerwithmohit.online/blog/direct-mca-admission-without-entrance-exam-2026-is-it-worth-it"
"https://careerwithmohit.online/blog/direct-pgdm-admission-2027-without-cat-greater-noida-ghaziabad-pune-jaipur","Direct PGDM Admission 2027 Without CAT: Greater Noida, Ghaziabad, Pune & Jaipur Options","pgdm admission 2027","609","Exams","2026-09-03","Standard Post (609 words)","Retain URL & Optimize in Batches (AEO Snippets, Title, Meta, Schema, FAQs, Fact Verification)","https://careerwithmohit.online/blog/direct-pgdm-admission-2027-without-cat-greater-noida-ghaziabad-pune-jaipur"
"https://careerwithmohit.online/blog/direct-second-year-dse-btech-pune-admission-guide-2026","B.Tech Lateral Entry (DSE) in Pune 2026: Admission Process, Eligibility & Top Colleges","btech lateral entry pune 2026","919","B.Tech","2026-04-24","Standard Post (919 words)","Retain URL & Optimize in Batches (AEO Snippets, Title, Meta, Schema, FAQs, Fact Verification)","https://careerwithmohit.online/blog/direct-second-year-dse-btech-pune-admission-guide-2026"
"https://careerwithmohit.online/blog/dit-university-dehradun-review-2027-29","DIT University, Dehradun Review 2027–29: Placements, Fees, Courses & Admission","DIT University Dehradun review 2027–29","1307","Jobs & Careers","2026-08-03","Standard Post (1307 words)","Retain URL & Optimize in Batches (AEO Snippets, Title, Meta, Schema, FAQs, Fact Verification)","https://careerwithmohit.online/blog/dit-university-dehradun-review-2027-29"
"https://careerwithmohit.online/blog/dmc-ludhiana-mbbs-admission-2026-process-cutoff-fee","Dayanand Medical College & Hospital (DMC), Ludhiana MBBS Admission 2026: Process, NEET Cutoff & Fee Structure","DMC Ludhiana MBBS admission 2026","1122","Medical/MBBS","2026-07-21","Standard Post (1122 words)","Retain URL & Optimize in Batches (AEO Snippets, Title, Meta, Schema, FAQs, Fact Verification)","https://careerwithmohit.online/blog/dmc-ludhiana-mbbs-admission-2026-process-cutoff-fee"
"https://careerwithmohit.online/blog/dms-iit-delhi-executive-mba-review","Department of Management Studies (DMS), IIT Delhi Executive MBA Review","Department of Management Studies (DMS), IIT Delhi executive mba","688","Exams","2026-07-22","Standard Post (688 words)","Retain URL & Optimize in Batches (AEO Snippets, Title, Meta, Schema, FAQs, Fact Verification)","https://careerwithmohit.online/blog/dms-iit-delhi-executive-mba-review"
"https://careerwithmohit.online/blog/do-top-employers-value-online-mbas-same-as-on-campus-degrees","Do Top Employers Value Online MBAs the Same as On-Campus Degrees?","online MBA value employers","1002","Online Degrees","2026-06-02","Standard Post (1002 words)","Retain URL & Optimize in Batches (AEO Snippets, Title, Meta, Schema, FAQs, Fact Verification)","https://careerwithmohit.online/blog/do-top-employers-value-online-mbas-same-as-on-campus-degrees"
"https://careerwithmohit.online/blog/doms-iit-madras-mba-review-2027-fees-placements-cutoff","Department of Management Studies (DoMS), IIT Madras Review 2027: Fees, Placements, Cutoff, Ranking & Admission Verdict","department of management studies (doms), iit madras review 2027","1360","MBA","2026-09-15","Standard Post (1360 words)","Retain URL & Optimize in Batches (AEO Snippets, Title, Meta, Schema, FAQs, Fact Verification)","https://careerwithmohit.online/blog/doms-iit-madras-mba-review-2027-fees-placements-cutoff"
"https://careerwithmohit.online/blog/doms-iit-roorkee-mba-review-2027-fees-placements-cutoff","Department of Management Studies (DoMS), IIT Roorkee Review 2027: Fees, Placements, Cutoff, Ranking & Admission Verdict","department of management studies (doms), iit roorkee review 2027","1332","MBA","2026-09-15","Standard Post (1332 words)","Retain URL & Optimize in Batches (AEO Snippets, Title, Meta, Schema, FAQs, Fact Verification)","https://careerwithmohit.online/blog/doms-iit-roorkee-mba-review-2027-fees-placements-cutoff"
"https://careerwithmohit.online/blog/doon-business-school-mba-pgdm-review-2027-fees-placements-cutoff","Doon Business School PGDM 2027: Fees, Cutoff & Placements ROI","doon business school (dbs dehradun) pgdm admission 2027","1135","MBA Admissions","2026-09-27","Standard Post (1135 words)","Retain URL & Optimize in Batches (AEO Snippets, Title, Meta, Schema, FAQs, Fact Verification)","https://careerwithmohit.online/blog/doon-business-school-mba-pgdm-review-2027-fees-placements-cutoff"
"https://careerwithmohit.online/blog/download-cat-jee-neet-previous-year-papers-pdf","Download CAT, JEE, & NEET Previous Year Question Papers PDF (2017-2024)","CAT previous year papers PDF","967","B.Tech","2026-05-02","Standard Post (967 words)","Retain URL & Optimize in Batches (AEO Snippets, Title, Meta, Schema, FAQs, Fact Verification)","https://careerwithmohit.online/blog/download-cat-jee-neet-previous-year-papers-pdf"
"https://careerwithmohit.online/blog/dr-dy-patil-vidyapeeth-pune-review-2027-29","Dr. D.Y. Patil Vidyapeeth (DPU / DYPIMS) Review 2027–29: Placements, Fees, Courses & Admission","Dr. D.Y. Patil Vidyapeeth Pune review 2027–29","1420","Jobs & Careers","2026-08-03","Standard Post (1420 words)","Retain URL & Optimize in Batches (AEO Snippets, Title, Meta, Schema, FAQs, Fact Verification)","https://careerwithmohit.online/blog/dr-dy-patil-vidyapeeth-pune-review-2027-29"
"https://careerwithmohit.online/blog/dsb-delhi-mba-pgdm-review-2027-fees-placements-cutoff","Delhi School of Business PGDM 2027: Fees, Cutoff & Placements ROI","delhi school of business (vips-tc) pgdm admission 2027","1377","MBA Admissions","2026-09-27","Standard Post (1377 words)","Retain URL & Optimize in Batches (AEO Snippets, Title, Meta, Schema, FAQs, Fact Verification)","https://careerwithmohit.online/blog/dsb-delhi-mba-pgdm-review-2027-fees-placements-cutoff"
"https://careerwithmohit.online/blog/dtu-mba-admission-2026-cutoff-fees-process","DTU MBA Admission 2027–2029: Colleges, Cutoff, Fees, Process & Specializations","DTU MBA admission 2027–2029","901","Jobs & Careers","2026-04-15","Standard Post (901 words)","Retain URL & Optimize in Batches (AEO Snippets, Title, Meta, Schema, FAQs, Fact Verification)","https://careerwithmohit.online/blog/dtu-mba-admission-2026-cutoff-fees-process"
"https://careerwithmohit.online/blog/du-ug-bcom-admission-counselling-dates-eligibility-cutoff-2027-29","DU UG & BCom Admission 2026: Counselling Dates, Eligibility, and Cut-off Guide","DU UG admission counselling dates 2026","1459","Jobs & Careers","2026-06-22","Standard Post (1459 words)","Retain URL & Optimize in Batches (AEO Snippets, Title, Meta, Schema, FAQs, Fact Verification)","https://careerwithmohit.online/blog/du-ug-bcom-admission-counselling-dates-eligibility-cutoff-2027-29"
"https://careerwithmohit.online/blog/duke-university-usa-admission-guide-2027-29","Duke University Admission Guide 2026: Fees, Placements & Requirements","Duke University admission 2026","779","Jobs & Careers","2026-06-11","Standard Post (779 words)","Retain URL & Optimize in Batches (AEO Snippets, Title, Meta, Schema, FAQs, Fact Verification)","https://careerwithmohit.online/blog/duke-university-usa-admission-guide-2027-29"
"https://careerwithmohit.online/blog/dy-patil-b-school-mba-pgdm-review-2027-fees-placements-cutoff","Dr. D.Y. Patil Institute of Management & Research PGDM 2027: Fees, Cutoff & Placements ROI","dr. d.y. patil institute of management & research pgdm admission 2027","1404","MBA Admissions","2026-09-27","Standard Post (1404 words)","Retain URL & Optimize in Batches (AEO Snippets, Title, Meta, Schema, FAQs, Fact Verification)","https://careerwithmohit.online/blog/dy-patil-b-school-mba-pgdm-review-2027-fees-placements-cutoff"
"https://careerwithmohit.online/blog/dy-patil-dypiu-pune-btech-admission-2026","DY Patil International University (DYPIU) Pune B.Tech Admission 2026: Fees & Review","DYPIU Pune BTech admission 2026","603","B.Tech","2026-03-24","Standard Post (603 words)","Retain URL & Optimize in Batches (AEO Snippets, Title, Meta, Schema, FAQs, Fact Verification)","https://careerwithmohit.online/blog/dy-patil-dypiu-pune-btech-admission-2026"
"https://careerwithmohit.online/blog/dy-patil-medical-college-pune-mbbs-admission-2026","Dr. D. Y. Patil Vidyapeeth, Pune MBBS Admission 2026: Process, NEET Cutoff & Fee Structure","DPU Medical College Pune MBBS admission 2026","1110","Medical/MBBS","2026-07-21","Standard Post (1110 words)","Retain URL & Optimize in Batches (AEO Snippets, Title, Meta, Schema, FAQs, Fact Verification)","https://careerwithmohit.online/blog/dy-patil-medical-college-pune-mbbs-admission-2026"
"https://careerwithmohit.online/blog/dy-patil-navi-mumbai-online-review-2027-29","DY Patil Vidyapeeth Online (Navi Mumbai) Review (2026-2027): Real Placements, Fees & Cutoffs–29: MBA, BBA & B.Sc Fee Structure","DY Patil Navi Mumbai Online review 2027–29","871","Online Degrees","2026-04-05","Standard Post (871 words)","Retain URL & Optimize in Batches (AEO Snippets, Title, Meta, Schema, FAQs, Fact Verification)","https://careerwithmohit.online/blog/dy-patil-navi-mumbai-online-review-2027-29"
"https://careerwithmohit.online/blog/dy-patil-pune-dypimr-mba-admission-2027-29","Dr. D.Y. Patil Institute of Management & Research (DYPIMR) MBA / PGDM Admission 2027-29: Fees, Approvals, Placements, PPO, Certifications & Faculty Review","Dr. D.Y. Patil Institute of Management & Research (DYPIMR) admission 2027-29","1352","Exams","2026-09-18","Standard Post (1352 words)","Retain URL & Optimize in Batches (AEO Snippets, Title, Meta, Schema, FAQs, Fact Verification)","https://careerwithmohit.online/blog/dy-patil-pune-dypimr-mba-admission-2027-29"
"https://careerwithmohit.online/blog/dy-patil-university-navi-mumbai-review-2027-29","DY Patil University, Navi Mumbai Review 2027–29: Placements, Fees, Courses & Admission","DY Patil University Navi Mumbai review 2027–29","1534","Medical/MBBS","2026-08-03","Standard Post (1534 words)","Retain URL & Optimize in Batches (AEO Snippets, Title, Meta, Schema, FAQs, Fact Verification)","https://careerwithmohit.online/blog/dy-patil-university-navi-mumbai-review-2027-29"
"https://careerwithmohit.online/blog/earning-while-learning-part-time-jobs-freelance-gigs-online-bba","Earning While Learning: Best Part-Time Jobs and Freelance Gigs for Online BBA Students","earning while learning BBA","656","BBA","2026-06-02","Standard Post (656 words)","Retain URL & Optimize in Batches (AEO Snippets, Title, Meta, Schema, FAQs, Fact Verification)","https://careerwithmohit.online/blog/earning-while-learning-part-time-jobs-freelance-gigs-online-bba"
"https://careerwithmohit.online/blog/echelon-institute-of-technology-faridabad-admission-2026-fees-review","Echelon Institute of Technology Faridabad Admission 2026: Fees, Programs & Review","Echelon Institute of Technology Faridabad","956","B.Tech","2026-07-15","Standard Post (956 words)","Retain URL & Optimize in Batches (AEO Snippets, Title, Meta, Schema, FAQs, Fact Verification)","https://careerwithmohit.online/blog/echelon-institute-of-technology-faridabad-admission-2026-fees-review"
"https://careerwithmohit.online/blog/education-loan-guide-mba-btech","Step-by-Step Education Loan Guide for MBA & B.Tech Admissions (2026)","education loan for MBA","974","B.Tech","2026-03-13","Standard Post (974 words)","Retain URL & Optimize in Batches (AEO Snippets, Title, Meta, Schema, FAQs, Fact Verification)","https://careerwithmohit.online/blog/education-loan-guide-mba-btech"
"https://careerwithmohit.online/blog/empi-delhi-mba-pgdm-review-2027-fees-placements-cutoff","EMPI Business School PGDM 2027: Fees, Cutoff & Placements ROI","empi business school pgdm admission 2027","1307","MBA Admissions","2026-09-27","Standard Post (1307 words)","Retain URL & Optimize in Batches (AEO Snippets, Title, Meta, Schema, FAQs, Fact Verification)","https://careerwithmohit.online/blog/empi-delhi-mba-pgdm-review-2027-fees-placements-cutoff"
"https://careerwithmohit.online/blog/engineering-cutoffs-2026","2026 Engineering Entrance Exam Cut‑offs & Rankings Guide","BTech admissions 2026","1054","B.Tech","2026-05-31","Standard Post (1054 words)","Retain URL & Optimize in Batches (AEO Snippets, Title, Meta, Schema, FAQs, Fact Verification)","https://careerwithmohit.online/blog/engineering-cutoffs-2026"
"https://careerwithmohit.online/blog/esmt-berlin-mba-review-2027-29","ESMT Berlin MBA Review 2027–29: Fees in INR, Placements & Admission","ESMT Berlin MBA 2027–29","876","Exams","2026-04-14","Standard Post (876 words)","Retain URL & Optimize in Batches (AEO Snippets, Title, Meta, Schema, FAQs, Fact Verification)","https://careerwithmohit.online/blog/esmt-berlin-mba-review-2027-29"
"https://careerwithmohit.online/blog/executive-mba-for-working-professionals-2027-29","Executive MBA for Working Professionals 2027–29 – Top Colleges, Fees, Eligibility & Admission Guide","executive MBA for working professionals 2027–29","2236","Online Degrees","2026-04-25","Standard Post (2236 words)","Retain URL & Optimize in Batches (AEO Snippets, Title, Meta, Schema, FAQs, Fact Verification)","https://careerwithmohit.online/blog/executive-mba-for-working-professionals-2027-29"
"https://careerwithmohit.online/blog/executive-mba-iim-ahmedabad-vs-isb-hyderabad-eligibility","Executive MBA: IIM Ahmedabad PGPX vs ISB Hyderabad PGP Eligibility, Fees & Placements 2027–29","executive mba iim ahmedabad vs isb hyderabad eligibility","921","Jobs & Careers","2026-09-12","Standard Post (921 words)","Retain URL & Optimize in Batches (AEO Snippets, Title, Meta, Schema, FAQs, Fact Verification)","https://careerwithmohit.online/blog/executive-mba-iim-ahmedabad-vs-isb-hyderabad-eligibility"
"https://careerwithmohit.online/blog/executive-mba-working-professionals-2027-ugc-entitled-vs-online-degrees","Executive MBA for Working Professionals (2027): UGC Entitled vs Online Degrees Guide","Executive MBA for working professionals 2027","1490","Online Degrees","2026-08-26","Standard Post (1490 words)","Retain URL & Optimize in Batches (AEO Snippets, Title, Meta, Schema, FAQs, Fact Verification)","https://careerwithmohit.online/blog/executive-mba-working-professionals-2027-ugc-entitled-vs-online-degrees"
"https://careerwithmohit.online/blog/fake-university-list-pan-india-mba-2027-29","Fake University List Pan India for MBA 2027–29: UGC & AICTE Blacklist in Delhi NCR, Bangalore, Kolkata, Pune, Mumbai, Jaipur & Dehradun","fake university list pan india for mba","3153","Exams","2026-08-12","Standard Post (3153 words)","Retain URL & Optimize in Batches (AEO Snippets, Title, Meta, Schema, FAQs, Fact Verification)","https://careerwithmohit.online/blog/fake-university-list-pan-india-mba-2027-29"
"https://careerwithmohit.online/blog/fee-refund-policy-aicte-ugc-2027-29","Fee Refund Policy 2026: AICTE & UGC Guidelines for MBA/PGDM Admissions","AICTE fee refund policy 2026","901","Exams","2026-03-14","Standard Post (901 words)","Retain URL & Optimize in Batches (AEO Snippets, Title, Meta, Schema, FAQs, Fact Verification)","https://careerwithmohit.online/blog/fee-refund-policy-aicte-ugc-2027-29"
"https://careerwithmohit.online/blog/financial-modeling-valuation-best-courses-2027-29","Financial Modeling & Valuation 2026 — Best Courses & Essential Skills","financial modeling valuation 2026","710","Jobs & Careers","2026-04-21","Standard Post (710 words)","Retain URL & Optimize in Batches (AEO Snippets, Title, Meta, Schema, FAQs, Fact Verification)","https://careerwithmohit.online/blog/financial-modeling-valuation-best-courses-2027-29"
"https://careerwithmohit.online/blog/first-bridge-business-school-gurgaon-pgdm-admission-2027-29","First Bridge Business School (FBBS) MBA / PGDM Admission 2027-29: Fees, Approvals, Placements, PPO, Certifications & Faculty Review","First Bridge Business School (FBBS) admission 2027-29","1263","Exams","2026-09-18","Standard Post (1263 words)","Retain URL & Optimize in Batches (AEO Snippets, Title, Meta, Schema, FAQs, Fact Verification)","https://careerwithmohit.online/blog/first-bridge-business-school-gurgaon-pgdm-admission-2027-29"
"https://careerwithmohit.online/blog/flame-university-pune-review-2027-29","FLAME University Review 2027–29: Placements, Fees, Courses & Admission","FLAME University Pune review 2027–29","1322","Jobs & Careers","2026-08-03","Standard Post (1322 words)","Retain URL & Optimize in Batches (AEO Snippets, Title, Meta, Schema, FAQs, Fact Verification)","https://careerwithmohit.online/blog/flame-university-pune-review-2027-29"
"https://careerwithmohit.online/blog/fms-delhi-executive-mba-review","Faculty of Management Studies (FMS), University of Delhi Executive MBA Review","Faculty of Management Studies (FMS), University of Delhi executive mba","741","Exams","2026-07-22","Standard Post (741 words)","Retain URL & Optimize in Batches (AEO Snippets, Title, Meta, Schema, FAQs, Fact Verification)","https://careerwithmohit.online/blog/fms-delhi-executive-mba-review"
"https://careerwithmohit.online/blog/fms-irm-jaipur-review-2027-29","FMS IRM Jaipur PGDM Review 2027–29: Placements, Fees & Cutoff","FMS IRM Jaipur review","758","Jobs & Careers","2026-03-20","Standard Post (758 words)","Retain URL & Optimize in Batches (AEO Snippets, Title, Meta, Schema, FAQs, Fact Verification)","https://careerwithmohit.online/blog/fms-irm-jaipur-review-2027-29"
"https://careerwithmohit.online/blog/fore-school-delhi-pgdm-review-2027-fees-placements-cutoff","FORE Delhi MBA Admission 2027: Fees, Cutoff & ROI","fore school of management mba admission 2027","1371","MBA","2026-09-26","Standard Post (1371 words)","Retain URL & Optimize in Batches (AEO Snippets, Title, Meta, Schema, FAQs, Fact Verification)","https://careerwithmohit.online/blog/fore-school-delhi-pgdm-review-2027-fees-placements-cutoff"
"https://careerwithmohit.online/blog/fore-school-delhi-review-2027-29","FORE School of Management Delhi Review 2027–29: Fees, Placements, Cutoffs & ROI Analysis","FORE School of Management Delhi review 2027–29","1324","Exams","2026-08-03","Standard Post (1324 words)","Retain URL & Optimize in Batches (AEO Snippets, Title, Meta, Schema, FAQs, Fact Verification)","https://careerwithmohit.online/blog/fore-school-delhi-review-2027-29"
"https://careerwithmohit.online/blog/foreign-language-levels-jlpt-topik-cefr-german-spanish-guide-2027-29","Foreign Language Proficiency Levels Guide 2026: JLPT, TOPIK, German & Spanish CEFR Breakdown","language proficiency levels","2053","Study Abroad","2026-08-25","Standard Post (2053 words)","Retain URL & Optimize in Batches (AEO Snippets, Title, Meta, Schema, FAQs, Fact Verification)","https://careerwithmohit.online/blog/foreign-language-levels-jlpt-topik-cefr-german-spanish-guide-2027-29"
"https://careerwithmohit.online/blog/forensic-accounting-fraud-audit-career-roadmap-2027-29","Forensic Accounting & Fraud Audit — Career Guide & Scope 2026","forensic accounting career 2026","756","Jobs & Careers","2026-04-21","Standard Post (756 words)","Retain URL & Optimize in Batches (AEO Snippets, Title, Meta, Schema, FAQs, Fact Verification)","https://careerwithmohit.online/blog/forensic-accounting-fraud-audit-career-roadmap-2027-29"
"https://careerwithmohit.online/blog/fostiima-delhi-mba-pgdm-review-2027-fees-placements-cutoff","FOSTIIMA Business School PGDM 2027: Fees, Cutoff & Placements ROI","fostiima business school pgdm admission 2027","1326","MBA Admissions","2026-09-27","Standard Post (1326 words)","Retain URL & Optimize in Batches (AEO Snippets, Title, Meta, Schema, FAQs, Fact Verification)","https://careerwithmohit.online/blog/fostiima-delhi-mba-pgdm-review-2027-fees-placements-cutoff"
"https://careerwithmohit.online/blog/free-cat-mock-test-2027-29","Free CAT Mock Test 2026/27: Full 68-Question CBT with IIM Call Predictor & Solutions","free cat mock test 2026","1588","Exams","2026-10-02","Standard Post (1588 words)","Retain URL & Optimize in Batches (AEO Snippets, Title, Meta, Schema, FAQs, Fact Verification)","https://careerwithmohit.online/blog/free-cat-mock-test-2027-29"
"https://careerwithmohit.online/blog/free-mat-mock-test-2026-sept-dec-feb-may-cbt-practice","Free MAT Mock Test 2026/27: Full 150-Question CBT for Dec, Feb, May & Sept MAT","free mat mock test 2026","1313","Exams","2026-10-02","Standard Post (1313 words)","Retain URL & Optimize in Batches (AEO Snippets, Title, Meta, Schema, FAQs, Fact Verification)","https://careerwithmohit.online/blog/free-mat-mock-test-2026-sept-dec-feb-may-cbt-practice"
"https://careerwithmohit.online/blog/free-mba-preparation-kit-cat-xat-nmat-snap-mat-2027-29","Free MBA Preparation Kit 2027–29-27 (CAT, XAT, NMAT, SNAP, MAT): Syllabuses, Cutoffs & Placement Reports","Free MBA Preparation Kit 2027–29","1966","Exams","2026-08-08","Standard Post (1966 words)","Retain URL & Optimize in Batches (AEO Snippets, Title, Meta, Schema, FAQs, Fact Verification)","https://careerwithmohit.online/blog/free-mba-preparation-kit-cat-xat-nmat-snap-mat-2027-29"
"https://careerwithmohit.online/blog/from-bba-delhi-ncr-to-mba-job-career-paths-2026","From BBA in Delhi NCR to MBA/Job: Career Paths in 2026","job after bba","860","BBA","2026-05-21","Standard Post (860 words)","Retain URL & Optimize in Batches (AEO Snippets, Title, Meta, Schema, FAQs, Fact Verification)","https://careerwithmohit.online/blog/from-bba-delhi-ncr-to-mba-job-career-paths-2026"
"https://careerwithmohit.online/blog/galgotias-university-greater-noida-executive-mba-review","Galgotias University, Greater Noida Executive MBA Review","Galgotias University, Greater Noida executive mba","628","Exams","2026-07-22","Standard Post (628 words)","Retain URL & Optimize in Batches (AEO Snippets, Title, Meta, Schema, FAQs, Fact Verification)","https://careerwithmohit.online/blog/galgotias-university-greater-noida-executive-mba-review"
"https://careerwithmohit.online/blog/galgotias-university-greater-noida-review-2027-29","Galgotias University, Greater Noida Review 2027–29: Placements, Fees, Courses & Admission","Galgotias University review 2027–29","1314","Jobs & Careers","2026-08-03","Standard Post (1314 words)","Retain URL & Optimize in Batches (AEO Snippets, Title, Meta, Schema, FAQs, Fact Verification)","https://careerwithmohit.online/blog/galgotias-university-greater-noida-review-2027-29"
"https://careerwithmohit.online/blog/galgotias-university-online-mba-review-2027-29","Galgotias University Online MBA Review (2026-2027): Real Placements, Fees & Cutoffs–29: Fees ₹90,000 | NAAC A+ | NCR Advantage","Galgotias University online MBA review 2027–29","1193","Online Degrees","2026-05-10","Standard Post (1193 words)","Retain URL & Optimize in Batches (AEO Snippets, Title, Meta, Schema, FAQs, Fact Verification)","https://careerwithmohit.online/blog/galgotias-university-online-mba-review-2027-29"
"https://careerwithmohit.online/blog/gap-year-mba-good-choice","Taking a Gap Year for MBA preparation: Is it a Good Choice for 2027–29?","gap year for mba","1011","Exams","2026-03-14","Standard Post (1011 words)","Retain URL & Optimize in Batches (AEO Snippets, Title, Meta, Schema, FAQs, Fact Verification)","https://careerwithmohit.online/blog/gap-year-mba-good-choice"
"https://careerwithmohit.online/blog/gd-goenka-bba-review-2026","GD Goenka BBA Review 2026: Fees, Placements & Admission Guide","GD Goenka BBA Review 2026","753","BBA","2026-03-30","Standard Post (753 words)","Retain URL & Optimize in Batches (AEO Snippets, Title, Meta, Schema, FAQs, Fact Verification)","https://careerwithmohit.online/blog/gd-goenka-bba-review-2026"
"https://careerwithmohit.online/blog/gd-goenka-bca-review-2027-29","GD Goenka BCA Review 2027–29: Fees, Placements & Tech Specializations","GD Goenka BCA Review 2027–29","766","BCA/MCA","2026-03-30","Standard Post (766 words)","Retain URL & Optimize in Batches (AEO Snippets, Title, Meta, Schema, FAQs, Fact Verification)","https://careerwithmohit.online/blog/gd-goenka-bca-review-2027-29"
"https://careerwithmohit.online/blog/gd-goenka-btech-review-2026","GD Goenka BTech Review 2026: Fees, Placements & Honest Feedback","GD Goenka BTech Review 2026","751","B.Tech","2026-03-30","Standard Post (751 words)","Retain URL & Optimize in Batches (AEO Snippets, Title, Meta, Schema, FAQs, Fact Verification)","https://careerwithmohit.online/blog/gd-goenka-btech-review-2026"
"https://careerwithmohit.online/blog/gd-goenka-law-review-2027-29","GD Goenka Law Review 2027–29: Fees, Placements & Admission Process","GD Goenka Law Review 2027–29","834","BBA","2026-03-30","Standard Post (834 words)","Retain URL & Optimize in Batches (AEO Snippets, Title, Meta, Schema, FAQs, Fact Verification)","https://careerwithmohit.online/blog/gd-goenka-law-review-2027-29"
"https://careerwithmohit.online/blog/gd-goenka-university-gurgaon-mba-admission-2027-29","GD Goenka University (School of Management) MBA / PGDM Admission 2027-29: Fees, Approvals, Placements, PPO, Certifications & Faculty Review","GD Goenka University (School of Management) admission 2027-29","1277","Exams","2026-09-18","Standard Post (1277 words)","Retain URL & Optimize in Batches (AEO Snippets, Title, Meta, Schema, FAQs, Fact Verification)","https://careerwithmohit.online/blog/gd-goenka-university-gurgaon-mba-admission-2027-29"
"https://careerwithmohit.online/blog/gd-goenka-university-gurugram-review-2027-29","GD Goenka University, Gurugram Review 2027–29: Placements, Fees, Courses & Admission","GD Goenka University Gurugram review 2027–29","1351","Jobs & Careers","2026-08-03","Standard Post (1351 words)","Retain URL & Optimize in Batches (AEO Snippets, Title, Meta, Schema, FAQs, Fact Verification)","https://careerwithmohit.online/blog/gd-goenka-university-gurugram-review-2027-29"
"https://careerwithmohit.online/blog/gdpi-interview-topics-solutions-mba","GDPI Master Guide 2026: 20 Trending GD Topics with Solutions & MBA Interview Tips","GD topics for MBA 2027–29 with solutions","1501","Online Degrees","2026-03-12","Standard Post (1501 words)","Retain URL & Optimize in Batches (AEO Snippets, Title, Meta, Schema, FAQs, Fact Verification)","https://careerwithmohit.online/blog/gdpi-interview-topics-solutions-mba"
"https://careerwithmohit.online/blog/geeta-university-panipat-review-2027-29","Geeta University, Panipat Review 2027–29: Placements, Fees, Courses & Admission","Geeta University Panipat review 2027–29","1343","Jobs & Careers","2026-08-03","Standard Post (1343 words)","Retain URL & Optimize in Batches (AEO Snippets, Title, Meta, Schema, FAQs, Fact Verification)","https://careerwithmohit.online/blog/geeta-university-panipat-review-2027-29"
"https://careerwithmohit.online/blog/get-into-top-bba-colleges-delhi-ncr-without-entrance-exams","How to Get into Top BBA Colleges in Delhi NCR Without Entrance Exams?","direct bba admission Delhi NCR 2026","806","BBA","2026-05-21","Standard Post (806 words)","Retain URL & Optimize in Batches (AEO Snippets, Title, Meta, Schema, FAQs, Fact Verification)","https://careerwithmohit.online/blog/get-into-top-bba-colleges-delhi-ncr-without-entrance-exams"
"https://careerwithmohit.online/blog/ggsipu-mba-colleges-expected-cut-off-fees-placements-pros-cons-2027-29","GGSIPU MBA Colleges 2027–29: Expected Cut-offs (Rank-wise), Fees, Placements, Pros & Cons","ggsipu mba colleges expected cut off","1905","MBA","2026-06-11","Standard Post (1905 words)","Retain URL & Optimize in Batches (AEO Snippets, Title, Meta, Schema, FAQs, Fact Verification)","https://careerwithmohit.online/blog/ggsipu-mba-colleges-expected-cut-off-fees-placements-pros-cons-2027-29"
"https://careerwithmohit.online/blog/ggsipu-mba-colleges-review-cutoff-pros-cons","IPU MBA (GGSIPU) Review 2027–29: Cut-offs, Placements, Pros & Cons of All Campuses","IPU MBA review 2027–29","1185","Exams","2026-05-13","Standard Post (1185 words)","Retain URL & Optimize in Batches (AEO Snippets, Title, Meta, Schema, FAQs, Fact Verification)","https://careerwithmohit.online/blog/ggsipu-mba-colleges-review-cutoff-pros-cons"
"https://careerwithmohit.online/blog/ggsipu-mba-counselling-dates-2027-29","GGSIPU MBA Counselling Dates 2027–29: Schedule, Fees, Registration & Choice Filling Guide","GGSIPU MBA counselling dates 2027–29","1407","Exams","2026-06-12","Standard Post (1407 words)","Retain URL & Optimize in Batches (AEO Snippets, Title, Meta, Schema, FAQs, Fact Verification)","https://careerwithmohit.online/blog/ggsipu-mba-counselling-dates-2027-29"
"https://careerwithmohit.online/blog/gibs-bangalore-business-school-pgdm-admission-2027-29","Global Institute of Business Studies (GIBS Business School) MBA / PGDM Admission 2027-29: Fees, Approvals, Placements, PPO, Certifications & Faculty Review","Global Institute of Business Studies (GIBS Business School) admission 2027-29","1260","Exams","2026-09-18","Standard Post (1260 words)","Retain URL & Optimize in Batches (AEO Snippets, Title, Meta, Schema, FAQs, Fact Verification)","https://careerwithmohit.online/blog/gibs-bangalore-business-school-pgdm-admission-2027-29"
"https://careerwithmohit.online/blog/gim-goa-pgdm-review-2027-fees-placements-cutoff","GIM Goa MBA Admission 2027: Fees, Cutoff & ROI","goa institute of management (gim goa) mba admission 2027","1400","Exams","2026-09-26","Standard Post (1400 words)","Retain URL & Optimize in Batches (AEO Snippets, Title, Meta, Schema, FAQs, Fact Verification)","https://careerwithmohit.online/blog/gim-goa-pgdm-review-2027-fees-placements-cutoff"
"https://careerwithmohit.online/blog/gim-goa-review-2027-29","Goa Institute of Management (GIM Goa) Review 2027–29: Fees, Placements, Cutoffs & ROI Analysis","Goa Institute of Management (GIM Goa) review 2027–29","1345","Exams","2026-08-03","Standard Post (1345 words)","Retain URL & Optimize in Batches (AEO Snippets, Title, Meta, Schema, FAQs, Fact Verification)","https://careerwithmohit.online/blog/gim-goa-review-2027-29"
"https://careerwithmohit.online/blog/gitam-university-hyderabad-review-2027-29","Gitam University, Hyderabad Campus Review 2027–29: Placements, Fees, Courses & Admission","GITAM University Hyderabad review 2027–29","1367","Jobs & Careers","2026-08-03","Standard Post (1367 words)","Retain URL & Optimize in Batches (AEO Snippets, Title, Meta, Schema, FAQs, Fact Verification)","https://careerwithmohit.online/blog/gitam-university-hyderabad-review-2027-29"
"https://careerwithmohit.online/blog/gla-university-mathura-online-mba-review-2027-29","GLA University (Mathura) Online MBA Review 2027–29: Placements, Fees & Admission","[GLA University](/colleges/gla-university/) (Mathura) online MBA review","852","Online Degrees","2026-03-26","Standard Post (852 words)","Retain URL & Optimize in Batches (AEO Snippets, Title, Meta, Schema, FAQs, Fact Verification)","https://careerwithmohit.online/blog/gla-university-mathura-online-mba-review-2027-29"
"https://careerwithmohit.online/blog/global-mba-online-2026-uk-usa-india-fees-colleges","Global MBA Online 2027–29 – UK, USA & Dubai Universities, Fees, Eligibility & Admission Guide","global MBA online 2027–29","2390","Online Degrees","2026-04-25","Standard Post (2390 words)","Retain URL & Optimize in Batches (AEO Snippets, Title, Meta, Schema, FAQs, Fact Verification)","https://careerwithmohit.online/blog/global-mba-online-2026-uk-usa-india-fees-colleges"
"https://careerwithmohit.online/blog/gmat-focus-edition-scoring-chart-and-percentile-table-2027-29","GMAT Focus Edition Scoring Chart & Percentile Table 2026: Score Concordance & B-School Cutoffs","gmat focus edition scoring chart and percentile table 2026","914","Study Abroad","2026-09-12","Standard Post (914 words)","Retain URL & Optimize in Batches (AEO Snippets, Title, Meta, Schema, FAQs, Fact Verification)","https://careerwithmohit.online/blog/gmat-focus-edition-scoring-chart-and-percentile-table-2027-29"
"https://careerwithmohit.online/blog/gna-university-phagwara-review-2027-29","GNA University, Phagwara Review 2027–29: Placements, Fees, Courses & Admission","GNA University Phagwara review 2027–29","1321","Jobs & Careers","2026-08-03","Standard Post (1321 words)","Retain URL & Optimize in Batches (AEO Snippets, Title, Meta, Schema, FAQs, Fact Verification)","https://careerwithmohit.online/blog/gna-university-phagwara-review-2027-29"
"https://careerwithmohit.online/blog/goa-business-school-mba-review-2027-fees-placements-cutoff","Goa Business School, Goa University Review 2027: Fees, Placements, Cutoff, Ranking & Admission Verdict","goa business school, goa university review 2027","1336","Exams","2026-09-15","Standard Post (1336 words)","Retain URL & Optimize in Batches (AEO Snippets, Title, Meta, Schema, FAQs, Fact Verification)","https://careerwithmohit.online/blog/goa-business-school-mba-review-2027-fees-placements-cutoff"
"https://careerwithmohit.online/blog/golden-gate-university-usa-online-review-2027-29","Golden Gate University (USA) Online Review (2026-2027): Real Placements, Fees & Cutoffs–29: MBA & MS Analytics Fee Structure","Golden Gate University Online review 2027–29","867","Online Degrees","2026-04-05","Standard Post (867 words)","Retain URL & Optimize in Batches (AEO Snippets, Title, Meta, Schema, FAQs, Fact Verification)","https://careerwithmohit.online/blog/golden-gate-university-usa-online-review-2027-29"
"https://careerwithmohit.online/blog/google-data-analytics-apprenticeship-2027-29","Google Data Analytics Apprenticeship 2026–2027: Eligibility, Stipend, Selection Process & How to Apply","Google data analytics apprenticeship 2026","1873","Jobs & Careers","2026-08-03","Standard Post (1873 words)","Retain URL & Optimize in Batches (AEO Snippets, Title, Meta, Schema, FAQs, Fact Verification)","https://careerwithmohit.online/blog/google-data-analytics-apprenticeship-2027-29"
"https://careerwithmohit.online/blog/govt-jobs-without-exam-india-direct-recruitment-2027-29","Government Jobs in India Without Exam 2026-27: Merit-Based Direct Recruitments","govt jobs without exam 2026","658","Jobs & Careers","2026-03-22","Standard Post (658 words)","Retain URL & Optimize in Batches (AEO Snippets, Title, Meta, Schema, FAQs, Fact Verification)","https://careerwithmohit.online/blog/govt-jobs-without-exam-india-direct-recruitment-2027-29"
"https://careerwithmohit.online/blog/graphic-era-dehradun-mba-pgdm-review-2027-fees-placements-cutoff","Graphic Era PGDM 2027: Fees, Cutoff & Placements ROI","graphic era (deemed to be university), dehradun pgdm admission 2027","1133","MBA Admissions","2026-09-27","Standard Post (1133 words)","Retain URL & Optimize in Batches (AEO Snippets, Title, Meta, Schema, FAQs, Fact Verification)","https://careerwithmohit.online/blog/graphic-era-dehradun-mba-pgdm-review-2027-fees-placements-cutoff"
"https://careerwithmohit.online/blog/graphic-era-university-dehradun-review-2027-29","Graphic Era (Deemed to be University), Dehradun Review 2027–29: Placements, Fees, Courses & Admission","Graphic Era University Dehradun review 2027–29","1355","Jobs & Careers","2026-08-03","Standard Post (1355 words)","Retain URL & Optimize in Batches (AEO Snippets, Title, Meta, Schema, FAQs, Fact Verification)","https://careerwithmohit.online/blog/graphic-era-university-dehradun-review-2027-29"
"https://careerwithmohit.online/blog/great-lakes-chennai-pgpm-pgdm-review-2027-fees-placements-cutoff","Great Lakes Institute of Management Review 2027: Fees, Placements, Cutoff, Ranking & Admission Verdict","great lakes institute of management review 2027","1772","Exams","2026-09-10","Standard Post (1772 words)","Retain URL & Optimize in Batches (AEO Snippets, Title, Meta, Schema, FAQs, Fact Verification)","https://careerwithmohit.online/blog/great-lakes-chennai-pgpm-pgdm-review-2027-fees-placements-cutoff"
"https://careerwithmohit.online/blog/great-lakes-chennai-review-2027-29","Great Lakes Institute of Management, Chennai Review 2027–29: Placements, Fees, Courses & Admission","Great Lakes Chennai review 2027–29","1431","Exams","2026-08-03","Standard Post (1431 words)","Retain URL & Optimize in Batches (AEO Snippets, Title, Meta, Schema, FAQs, Fact Verification)","https://careerwithmohit.online/blog/great-lakes-chennai-review-2027-29"
"https://careerwithmohit.online/blog/gst-basics-beginners-filing-rates-guide-2027-29","GST Basics for Beginners 2026 — Filing, Rates & SAC Codes Guide","gst basics for beginners 2026","755","Jobs & Careers","2026-04-21","Standard Post (755 words)","Retain URL & Optimize in Batches (AEO Snippets, Title, Meta, Schema, FAQs, Fact Verification)","https://careerwithmohit.online/blog/gst-basics-beginners-filing-rates-guide-2027-29"
"https://careerwithmohit.online/blog/guru-kashi-university-online-review-2027-29","Guru Kashi University Online Review (2026-2027): Real Placements, Fees & Cutoffs–29: MBA, MCA, BBA & BCA Fee Structure","Guru Kashi University Online review 2027–29","860","Online Degrees","2026-04-05","Standard Post (860 words)","Retain URL & Optimize in Batches (AEO Snippets, Title, Meta, Schema, FAQs, Fact Verification)","https://careerwithmohit.online/blog/guru-kashi-university-online-review-2027-29"
"https://careerwithmohit.online/blog/harvard-business-school-mba-review-2027-29","Harvard Business School MBA Review 2027–29: Fees in INR, Placements & Admission","Harvard Business School MBA 2027–29","882","Exams","2026-04-14","Standard Post (882 words)","Retain URL & Optimize in Batches (AEO Snippets, Title, Meta, Schema, FAQs, Fact Verification)","https://careerwithmohit.online/blog/harvard-business-school-mba-review-2027-29"
"https://careerwithmohit.online/blog/hbse-10th-12th-result-2026-expected-date","HBSE 10th & 12th Result 2026 Expected Date: Check Haryana Board Results at bseh.org.in","HBSE 10th result 2026 date","643","Jobs & Careers","2026-05-10","Standard Post (643 words)","Retain URL & Optimize in Batches (AEO Snippets, Title, Meta, Schema, FAQs, Fact Verification)","https://careerwithmohit.online/blog/hbse-10th-12th-result-2026-expected-date"
"https://careerwithmohit.online/blog/hec-paris-mba-review-2027-29","HEC Paris MBA Review 2027–29: Fees in INR, Placements & Admission","HEC Paris MBA 2027–29","876","Exams","2026-04-14","Standard Post (876 words)","Retain URL & Optimize in Batches (AEO Snippets, Title, Meta, Schema, FAQs, Fact Verification)","https://careerwithmohit.online/blog/hec-paris-mba-review-2027-29"
"https://careerwithmohit.online/blog/high-paying-careers-after-bba-2026","Top 10 High-Paying Careers After BBA in 2026: Salary & Growth Guide","careers after BBA 2026","693","BBA","2026-05-12","Standard Post (693 words)","Retain URL & Optimize in Batches (AEO Snippets, Title, Meta, Schema, FAQs, Fact Verification)","https://careerwithmohit.online/blog/high-paying-careers-after-bba-2026"
"https://careerwithmohit.online/blog/highest-salary-packages-after-bba-delhi-ncr-colleges-2026","Highest Salary Packages After BBA from Delhi NCR Colleges in 2026","highest salary after bba","654","BBA","2026-05-21","Standard Post (654 words)","Retain URL & Optimize in Batches (AEO Snippets, Title, Meta, Schema, FAQs, Fact Verification)","https://careerwithmohit.online/blog/highest-salary-packages-after-bba-delhi-ncr-colleges-2026"
"https://careerwithmohit.online/blog/himsr-delhi-mbbs-admission-2026-process-cutoff-fee","Hamdard Institute of Medical Sciences & Research (HIMSR), New Delhi MBBS Admission 2026: Process, NEET Cutoff & Fee Structure","HIMSR New Delhi MBBS admission 2026","1128","Medical/MBBS","2026-07-21","Standard Post (1128 words)","Retain URL & Optimize in Batches (AEO Snippets, Title, Meta, Schema, FAQs, Fact Verification)","https://careerwithmohit.online/blog/himsr-delhi-mbbs-admission-2026-process-cutoff-fee"
"https://careerwithmohit.online/blog/hindustan-institute-hits-chennai-review-2027-29","Hindustan Institute of Technology and Science (HITS), Chennai Review 2027–29: Placements, Fees, Courses & Admission","Hindustan University (HITS Chennai) review 2027–29","1576","Exams","2026-08-03","Standard Post (1576 words)","Retain URL & Optimize in Batches (AEO Snippets, Title, Meta, Schema, FAQs, Fact Verification)","https://careerwithmohit.online/blog/hindustan-institute-hits-chennai-review-2027-29"
"https://careerwithmohit.online/blog/hkust-business-school-mba-review-2027-29","HKUST Business School MBA Review 2027–29: Fees in INR, Placements & Admission","HKUST Business School MBA 2027–29","885","Exams","2026-04-14","Standard Post (885 words)","Retain URL & Optimize in Batches (AEO Snippets, Title, Meta, Schema, FAQs, Fact Verification)","https://careerwithmohit.online/blog/hkust-business-school-mba-review-2027-29"
"https://careerwithmohit.online/blog/how-many-students-take-mba-entrance-exams-2027-29","How Many Students Sit for MBA Entrance Exams? 2027–29 Participation Trends","number of students in CAT 2026","753","Online Degrees","2026-03-25","Standard Post (753 words)","Retain URL & Optimize in Batches (AEO Snippets, Title, Meta, Schema, FAQs, Fact Verification)","https://careerwithmohit.online/blog/how-many-students-take-mba-entrance-exams-2027-29"
"https://careerwithmohit.online/blog/how-to-build-a-strong-profile-for-mba-interviews-2027-29","How to Build a Strong Profile for MBA Interviews [2026] — 5 Pillars to Crack IIMs & Top B-Schools","How to Build a Strong Profile for MBA Interviews","1181","Jobs & Careers","2026-08-14","Standard Post (1181 words)","Retain URL & Optimize in Batches (AEO Snippets, Title, Meta, Schema, FAQs, Fact Verification)","https://careerwithmohit.online/blog/how-to-build-a-strong-profile-for-mba-interviews-2027-29"
"https://careerwithmohit.online/blog/how-to-build-unbeatable-profile-iim-top-bschool-interviews-2027","How to Build an Unbeatable Profile for IIM & Top B-School Interviews (2027 Admissions)","build profile for IIM interview 2027","1638","Jobs & Careers","2026-08-26","Standard Post (1638 words)","Retain URL & Optimize in Batches (AEO Snippets, Title, Meta, Schema, FAQs, Fact Verification)","https://careerwithmohit.online/blog/how-to-build-unbeatable-profile-iim-top-bschool-interviews-2027"
"https://careerwithmohit.online/blog/how-to-choose-best-pgdm-college-2027","How to Choose the Best PGDM & MBA College in 2027: Step-by-Step Guide","how to choose mba college 2027","667","Jobs & Careers","2026-07-22","Standard Post (667 words)","Retain URL & Optimize in Batches (AEO Snippets, Title, Meta, Schema, FAQs, Fact Verification)","https://careerwithmohit.online/blog/how-to-choose-best-pgdm-college-2027"
"https://careerwithmohit.online/blog/how-to-clear-srm-jee-2027-29","How to Clear SRM JEE 2026 (SRMJEEE): Complete Strategy, Syllabus & Tips","how to clear SRM JEE 2026","1363","B.Tech","2026-04-28","Standard Post (1363 words)","Retain URL & Optimize in Batches (AEO Snippets, Title, Meta, Schema, FAQs, Fact Verification)","https://careerwithmohit.online/blog/how-to-clear-srm-jee-2027-29"
"https://careerwithmohit.online/blog/how-to-crack-cat-exam-2027-29","How to Crack CAT Exam 2026: Strategy, Syllabus & Section-wise Tips","how to crack cat exam","1024","Exams","2026-06-04","Standard Post (1024 words)","Retain URL & Optimize in Batches (AEO Snippets, Title, Meta, Schema, FAQs, Fact Verification)","https://careerwithmohit.online/blog/how-to-crack-cat-exam-2027-29"
"https://careerwithmohit.online/blog/how-to-crack-cmat-exam-2027-29","How to Crack CMAT Exam 2026: Strategy, Syllabus & Cutoffs","how to crack cmat exam","858","Exams","2026-06-04","Standard Post (858 words)","Retain URL & Optimize in Batches (AEO Snippets, Title, Meta, Schema, FAQs, Fact Verification)","https://careerwithmohit.online/blog/how-to-crack-cmat-exam-2027-29"
"https://careerwithmohit.online/blog/how-to-crack-jee-advanced-2027-29","How to Crack JEE Advanced 2026: Topper's Strategy, Tips & Tricks","how to crack JEE Advanced 2026","769","B.Tech","2026-03-14","Standard Post (769 words)","Retain URL & Optimize in Batches (AEO Snippets, Title, Meta, Schema, FAQs, Fact Verification)","https://careerwithmohit.online/blog/how-to-crack-jee-advanced-2027-29"
"https://careerwithmohit.online/blog/how-to-crack-nmat-exam-2027-29","How to Crack NMAT Exam 2026: Strategy, Section-wise Tips & Scaled Scores","how to crack nmat exam","908","Exams","2026-06-04","Standard Post (908 words)","Retain URL & Optimize in Batches (AEO Snippets, Title, Meta, Schema, FAQs, Fact Verification)","https://careerwithmohit.online/blog/how-to-crack-nmat-exam-2027-29"
"https://careerwithmohit.online/blog/how-to-crack-snap-exam-2027-29","How to Crack SNAP Exam 2026: The 60-Minute Speed Strategy","how to crack snap exam","963","Exams","2026-06-04","Standard Post (963 words)","Retain URL & Optimize in Batches (AEO Snippets, Title, Meta, Schema, FAQs, Fact Verification)","https://careerwithmohit.online/blog/how-to-crack-snap-exam-2027-29"
"https://careerwithmohit.online/blog/how-to-crack-xat-exam-2027-29","How to Crack XAT Exam 2026: Preparation Strategy & Decision Making Tips","how to crack xat exam","945","Exams","2026-06-04","Standard Post (945 words)","Retain URL & Optimize in Batches (AEO Snippets, Title, Meta, Schema, FAQs, Fact Verification)","https://careerwithmohit.online/blog/how-to-crack-xat-exam-2027-29"
"https://careerwithmohit.online/blog/how-to-download-mhcet-mba-2026-answer-key-pdf","How to Download MHCET MBA 2027–29 Answer Key: Step-by-Step Guide & Official Link","how to download MHCET MBA 2027–29 answer key","689","MBA","2026-04-12","Standard Post (689 words)","Retain URL & Optimize in Batches (AEO Snippets, Title, Meta, Schema, FAQs, Fact Verification)","https://careerwithmohit.online/blog/how-to-download-mhcet-mba-2026-answer-key-pdf"
"https://careerwithmohit.online/blog/how-to-learn-financial-modelling-from-scratch-2027-29","How to Learn Financial Modelling from Scratch (2026): A Complete Beginner's Roadmap","how to learn financial modelling from scratch","987","Jobs & Careers","2026-04-24","Standard Post (987 words)","Retain URL & Optimize in Batches (AEO Snippets, Title, Meta, Schema, FAQs, Fact Verification)","https://careerwithmohit.online/blog/how-to-learn-financial-modelling-from-scratch-2027-29"
"https://careerwithmohit.online/blog/how-to-make-viral-bachcha-hai-tu-mera-memes","How to Make Viral ‘Bachcha Hai Tu Mera’ Memes from Dhurandhar 2: AI Step-by-Step Guide","Bachcha Hai Tu Mera meme tutorial","760","Jobs & Careers","2026-03-30","Standard Post (760 words)","Retain URL & Optimize in Batches (AEO Snippets, Title, Meta, Schema, FAQs, Fact Verification)","https://careerwithmohit.online/blog/how-to-make-viral-bachcha-hai-tu-mera-memes"
"https://careerwithmohit.online/blog/how-to-market-coaching-app-student-growth-strategy-2027-29","How to Market Your Coaching App 2026 — From 0 to 1,000 Students","marketing for coaching centers 2026","716","Jobs & Careers","2026-04-21","Standard Post (716 words)","Retain URL & Optimize in Batches (AEO Snippets, Title, Meta, Schema, FAQs, Fact Verification)","https://careerwithmohit.online/blog/how-to-market-coaching-app-student-growth-strategy-2027-29"
"https://careerwithmohit.online/blog/how-to-prepare-for-cat-2027-29","How to Prepare for CAT 2026: Complete Study Plan & Resources","CAT 2026 preparation","867","Exams","2026-05-17","Standard Post (867 words)","Retain URL & Optimize in Batches (AEO Snippets, Title, Meta, Schema, FAQs, Fact Verification)","https://careerwithmohit.online/blog/how-to-prepare-for-cat-2027-29"
"https://careerwithmohit.online/blog/how-to-recover-college-fee-refund-legal-action","College Not Refunding Your Fee? 5 Legal Actions Every Student Can Take","college not refunding fees what to do","751","Jobs & Careers","2026-03-14","Standard Post (751 words)","Retain URL & Optimize in Batches (AEO Snippets, Title, Meta, Schema, FAQs, Fact Verification)","https://careerwithmohit.online/blog/how-to-recover-college-fee-refund-legal-action"
"https://careerwithmohit.online/blog/how-to-sell-your-coaching-online-2027-29","How to Sell Your Coaching Online: Build a Branded App for Teachers & YouTubers in 2026","sell coaching online","786","Online Degrees","2026-03-28","Standard Post (786 words)","Retain URL & Optimize in Batches (AEO Snippets, Title, Meta, Schema, FAQs, Fact Verification)","https://careerwithmohit.online/blog/how-to-sell-your-coaching-online-2027-29"
"https://careerwithmohit.online/blog/how-to-start-career-in-sports-management-ipl-2027-29","How to Start a Career in Sports Management and IPL in 2026: A Step-by-Step Guide","career in sports management India","951","Jobs & Careers","2026-04-23","Standard Post (951 words)","Retain URL & Optimize in Batches (AEO Snippets, Title, Meta, Schema, FAQs, Fact Verification)","https://careerwithmohit.online/blog/how-to-start-career-in-sports-management-ipl-2027-29"
"https://careerwithmohit.online/blog/how-to-start-digital-marketing-from-scratch-2027-29","How to Start Learning Digital Marketing from Scratch: A Step-by-Step Career Guide (2026)","how to start digital marketing learning from scratch","978","Jobs & Careers","2026-03-28","Standard Post (978 words)","Retain URL & Optimize in Batches (AEO Snippets, Title, Meta, Schema, FAQs, Fact Verification)","https://careerwithmohit.online/blog/how-to-start-digital-marketing-from-scratch-2027-29"
"https://careerwithmohit.online/blog/how-to-start-freelancing-2026-beginners-india","How to Start Freelining in 2026: A Step-by-Step Guide for Beginners in India","how to start freelancing in India 2026","671","Jobs & Careers","2026-03-22","Standard Post (671 words)","Retain URL & Optimize in Batches (AEO Snippets, Title, Meta, Schema, FAQs, Fact Verification)","https://careerwithmohit.online/blog/how-to-start-freelancing-2026-beginners-india"
"https://careerwithmohit.online/blog/how-to-verify-online-mba-ugc-entitled-aicte-approved","How to Verify if an Online MBA is UGC-Entitled and AICTE-Approved","verify online MBA approval UGC","691","Online Degrees","2026-06-02","Standard Post (691 words)","Retain URL & Optimize in Batches (AEO Snippets, Title, Meta, Schema, FAQs, Fact Verification)","https://careerwithmohit.online/blog/how-to-verify-online-mba-ugc-entitled-aicte-approved"
"https://careerwithmohit.online/blog/how-youtubers-and-teachers-can-monetize-audience-online-2027-29","How YouTubers and Teachers Can Monetize Their Audience Online in 2026","monetize youtube teaching channel","798","Jobs & Careers","2026-05-30","Standard Post (798 words)","Retain URL & Optimize in Batches (AEO Snippets, Title, Meta, Schema, FAQs, Fact Verification)","https://careerwithmohit.online/blog/how-youtubers-and-teachers-can-monetize-audience-online-2027-29"
"https://careerwithmohit.online/blog/how-youtubers-can-monetize-audience-with-branded-app-2026","How YouTubers Can Monetize Their Audience with a Branded App (2026)","monetize youtube channel 2026","755","Jobs & Careers","2026-03-29","Standard Post (755 words)","Retain URL & Optimize in Batches (AEO Snippets, Title, Meta, Schema, FAQs, Fact Verification)","https://careerwithmohit.online/blog/how-youtubers-can-monetize-audience-with-branded-app-2026"
"https://careerwithmohit.online/blog/ibmr-gurgaon-bba-review-2026","IBMR Gurgaon BBA Review 2026: Fees, Placements & Admission Guide","IBMR Gurgaon BBA Review 2026","735","BBA","2026-03-30","Standard Post (735 words)","Retain URL & Optimize in Batches (AEO Snippets, Title, Meta, Schema, FAQs, Fact Verification)","https://careerwithmohit.online/blog/ibmr-gurgaon-bba-review-2026"
"https://careerwithmohit.online/blog/ibmr-gurgaon-bca-review-2027-29","IBMR Gurgaon BCA Review 2027–29: Fees, Placements & IT Specializations","IBMR Gurgaon BCA Review 2027–29","752","BCA/MCA","2026-03-30","Standard Post (752 words)","Retain URL & Optimize in Batches (AEO Snippets, Title, Meta, Schema, FAQs, Fact Verification)","https://careerwithmohit.online/blog/ibmr-gurgaon-bca-review-2027-29"
"https://careerwithmohit.online/blog/ibs-hyderabad-icfai-university-review-2027-29","ICFAI Foundation for Higher Education (IBS Hyderabad) Review 2027–29: Placements, Fees, Courses & Admission","IBS Hyderabad (ICFAI University) review 2027–29","1458","Jobs & Careers","2026-08-03","Standard Post (1458 words)","Retain URL & Optimize in Batches (AEO Snippets, Title, Meta, Schema, FAQs, Fact Verification)","https://careerwithmohit.online/blog/ibs-hyderabad-icfai-university-review-2027-29"
"https://careerwithmohit.online/blog/ibs-hyderabad-mba-review-2027-fees-placements-cutoff","ICFAI Business School (IBS) Review 2027: Fees, Placements, Cutoff, Ranking & Admission Verdict","icfai business school (ibs) review 2027","1737","MBA","2026-09-10","Standard Post (1737 words)","Retain URL & Optimize in Batches (AEO Snippets, Title, Meta, Schema, FAQs, Fact Verification)","https://careerwithmohit.online/blog/ibs-hyderabad-mba-review-2027-fees-placements-cutoff"
"https://careerwithmohit.online/blog/ies-mumbai-review-2027-29","IES Management College Mumbai Review 2027–29: Fees, Placements, Cutoffs & ROI Analysis","IES Management College Mumbai review 2027–29","1333","Exams","2026-08-03","Standard Post (1333 words)","Retain URL & Optimize in Batches (AEO Snippets, Title, Meta, Schema, FAQs, Fact Verification)","https://careerwithmohit.online/blog/ies-mumbai-review-2027-29"
"https://careerwithmohit.online/blog/iese-business-school-mba-review-2027-29","IESE Business School MBA Review 2027–29: Fees in INR, Placements & Admission","IESE Business School MBA 2027–29","883","Exams","2026-04-14","Standard Post (883 words)","Retain URL & Optimize in Batches (AEO Snippets, Title, Meta, Schema, FAQs, Fact Verification)","https://careerwithmohit.online/blog/iese-business-school-mba-review-2027-29"
"https://careerwithmohit.online/blog/ifmr-gsb-krea-university-mba-review-2027-fees-placements-cutoff","IFMR GSB MBA Admission 2027: Fees, Cutoff & ROI","ifmr graduate school of business (krea university) mba admission 2027","1410","Exams","2026-09-26","Standard Post (1410 words)","Retain URL & Optimize in Batches (AEO Snippets, Title, Meta, Schema, FAQs, Fact Verification)","https://careerwithmohit.online/blog/ifmr-gsb-krea-university-mba-review-2027-fees-placements-cutoff"
"https://careerwithmohit.online/blog/ifmr-gsb-sri-city-review-2027-29","IFMR Graduate School of Business (Krea University) Review 2027–29: Fees, Placements, Cutoffs & ROI Analysis","IFMR Graduate School of Business (Krea University) review 2027–29","1396","Exams","2026-08-03","Standard Post (1396 words)","Retain URL & Optimize in Batches (AEO Snippets, Title, Meta, Schema, FAQs, Fact Verification)","https://careerwithmohit.online/blog/ifmr-gsb-sri-city-review-2027-29"
"https://careerwithmohit.online/blog/ignou-online-degree-fee-structure-2027","IGNOU Online Fee Structure 2027: MBA, MCA, BBA, BCA, MA & B.Com Breakdown","ignou online fee structure 2027","747","Online Degrees","2026-08-24","Standard Post (747 words)","Retain URL & Optimize in Batches (AEO Snippets, Title, Meta, Schema, FAQs, Fact Verification)","https://careerwithmohit.online/blog/ignou-online-degree-fee-structure-2027"
"https://careerwithmohit.online/blog/iide-digital-marketing-ai-courses-review-2027-29","Top IIDE Digital Marketing & AI Courses Review 2027–29: Placements, Fees & Strategy","career counselling","775","Jobs & Careers","2026-04-27","Standard Post (775 words)","Retain URL & Optimize in Batches (AEO Snippets, Title, Meta, Schema, FAQs, Fact Verification)","https://careerwithmohit.online/blog/iide-digital-marketing-ai-courses-review-2027-29"
"https://careerwithmohit.online/blog/iiebm-indus-business-school-pune-pgdm-admission-2027-29","IIEBM (Indus Business School) MBA / PGDM Admission 2027-29: Fees, Approvals, Placements, PPO, Certifications & Faculty Review","IIEBM (Indus Business School) admission 2027-29","1261","Exams","2026-09-18","Standard Post (1261 words)","Retain URL & Optimize in Batches (AEO Snippets, Title, Meta, Schema, FAQs, Fact Verification)","https://careerwithmohit.online/blog/iiebm-indus-business-school-pune-pgdm-admission-2027-29"
"https://careerwithmohit.online/blog/iiebm-pune-vs-isbm-pune-comparison-2027-29","IIEBM Pune vs ISB&M Pune: Which is Better for SAP ERP Specialization? (2026)","IIEBM Pune vs ISB&M Pune","853","Exams","2026-04-22","Standard Post (853 words)","Retain URL & Optimize in Batches (AEO Snippets, Title, Meta, Schema, FAQs, Fact Verification)","https://careerwithmohit.online/blog/iiebm-pune-vs-isbm-pune-comparison-2027-29"
"https://careerwithmohit.online/blog/iift-delhi-executive-mba-review","Indian Institute of Foreign Trade (IIFT), Delhi Executive MBA Review","Indian Institute of Foreign Trade (IIFT), Delhi executive mba","675","Exams","2026-07-22","Standard Post (675 words)","Retain URL & Optimize in Batches (AEO Snippets, Title, Meta, Schema, FAQs, Fact Verification)","https://careerwithmohit.online/blog/iift-delhi-executive-mba-review"
"https://careerwithmohit.online/blog/iilm-academy-jaipur-review-2027-29","IILM Academy of Higher Learning Jaipur PGDM Review 2027–29: Placements & Fees","IILM Jaipur review","785","Exams","2026-03-20","Standard Post (785 words)","Retain URL & Optimize in Batches (AEO Snippets, Title, Meta, Schema, FAQs, Fact Verification)","https://careerwithmohit.online/blog/iilm-academy-jaipur-review-2027-29"
"https://careerwithmohit.online/blog/iilm-delhi-mba-pgdm-review-2027-fees-placements-cutoff","IILM Institute for Higher Education PGDM 2027: Fees, Cutoff & Placements ROI","iilm institute for higher education pgdm admission 2027","1343","MBA Admissions","2026-09-27","Standard Post (1343 words)","Retain URL & Optimize in Batches (AEO Snippets, Title, Meta, Schema, FAQs, Fact Verification)","https://careerwithmohit.online/blog/iilm-delhi-mba-pgdm-review-2027-fees-placements-cutoff"
"https://careerwithmohit.online/blog/iilm-greater-noida-review-2027-29","IILM Greater Noida (IILM University) Review 2027–29: Fees, Placements, Cutoffs & ROI Analysis","IILM Greater Noida (IILM University) review 2027–29","1365","Exams","2026-08-03","Standard Post (1365 words)","Retain URL & Optimize in Batches (AEO Snippets, Title, Meta, Schema, FAQs, Fact Verification)","https://careerwithmohit.online/blog/iilm-greater-noida-review-2027-29"
"https://careerwithmohit.online/blog/iilm-lodhi-road-delhi-pgdm-admission-2027-29","IILM Institute for Higher Education MBA / PGDM Admission 2027-29: Fees, Approvals, Placements, PPO, Certifications & Faculty Review","IILM Institute for Higher Education admission 2027-29","1297","Exams","2026-09-18","Standard Post (1297 words)","Retain URL & Optimize in Batches (AEO Snippets, Title, Meta, Schema, FAQs, Fact Verification)","https://careerwithmohit.online/blog/iilm-lodhi-road-delhi-pgdm-admission-2027-29"
"https://careerwithmohit.online/blog/iilm-lodhi-road-mba-pgdm-review-2027-fees-placements-cutoff","IILM Institute for Higher Education PGDM 2027: Fees, Cutoff & Placements ROI","iilm institute for higher education pgdm admission 2027","1343","MBA Admissions","2026-09-27","Standard Post (1343 words)","Retain URL & Optimize in Batches (AEO Snippets, Title, Meta, Schema, FAQs, Fact Verification)","https://careerwithmohit.online/blog/iilm-lodhi-road-mba-pgdm-review-2027-fees-placements-cutoff"
"https://careerwithmohit.online/blog/iilm-university-btech-admission-2026-fees-review","IILM University B.Tech Admission 2026: Fees & Review (Greater Noida & Gurugram)","IILM University BTech admission 2026","612","Online Degrees","2026-03-24","Standard Post (612 words)","Retain URL & Optimize in Batches (AEO Snippets, Title, Meta, Schema, FAQs, Fact Verification)","https://careerwithmohit.online/blog/iilm-university-btech-admission-2026-fees-review"
"https://careerwithmohit.online/blog/iilm-university-gurgaon-mba-admission-2027-29","IILM University (Gurugram Campus) MBA / PGDM Admission 2027-29: Fees, Approvals, Placements, PPO, Certifications & Faculty Review","IILM University (Gurugram Campus) admission 2027-29","1271","Exams","2026-09-18","Standard Post (1271 words)","Retain URL & Optimize in Batches (AEO Snippets, Title, Meta, Schema, FAQs, Fact Verification)","https://careerwithmohit.online/blog/iilm-university-gurgaon-mba-admission-2027-29"
"https://careerwithmohit.online/blog/iilm-university-gurugram-greater-noida-review-2027-29","IILM University, Gurugram & Greater Noida Review 2027–29: Placements, Fees, Courses & Admission","IILM University review 2027–29","1371","Jobs & Careers","2026-08-03","Standard Post (1371 words)","Retain URL & Optimize in Batches (AEO Snippets, Title, Meta, Schema, FAQs, Fact Verification)","https://careerwithmohit.online/blog/iilm-university-gurugram-greater-noida-review-2027-29"
"https://careerwithmohit.online/blog/iim-bangalore-iimb-executive-mba-review","Indian Institute of Management Bangalore (IIMB) Executive MBA Review","Indian Institute of Management Bangalore (IIMB) executive mba","665","Exams","2026-07-22","Standard Post (665 words)","Retain URL & Optimize in Batches (AEO Snippets, Title, Meta, Schema, FAQs, Fact Verification)","https://careerwithmohit.online/blog/iim-bangalore-iimb-executive-mba-review"
"https://careerwithmohit.online/blog/iim-bangalore-mba-review-2027-fees-placements-cutoff","IIMB MBA Admission 2027: Fees, Cutoff & ROI","iim bangalore mba admission 2027","1316","MBA","2026-09-26","Standard Post (1316 words)","Retain URL & Optimize in Batches (AEO Snippets, Title, Meta, Schema, FAQs, Fact Verification)","https://careerwithmohit.online/blog/iim-bangalore-mba-review-2027-fees-placements-cutoff"
"https://careerwithmohit.online/blog/iim-blacki-placement-report-2025-salary-recruiters","IIM BLACKI & IIM Mumbai Placement Report 2025: Highest Packages, Median CTC & Consulting-Finance Dominance","iim blacki placement report 2025","933","Jobs & Careers","2026-08-15","Standard Post (933 words)","Retain URL & Optimize in Batches (AEO Snippets, Title, Meta, Schema, FAQs, Fact Verification)","https://careerwithmohit.online/blog/iim-blacki-placement-report-2025-salary-recruiters"
"https://careerwithmohit.online/blog/iim-lucknow-mba-review-2027-fees-placements-cutoff","IIML MBA Admission 2027: Fees, Cutoff & ROI","iim lucknow mba admission 2027","1304","MBA","2026-09-26","Standard Post (1304 words)","Retain URL & Optimize in Batches (AEO Snippets, Title, Meta, Schema, FAQs, Fact Verification)","https://careerwithmohit.online/blog/iim-lucknow-mba-review-2027-fees-placements-cutoff"
"https://careerwithmohit.online/blog/iim-lucknow-noida-campus-executive-mba-review","Indian Institute of Management (IIM) Lucknow – Noida Campus Executive MBA Review","Indian Institute of Management (IIM) Lucknow – Noida Campus executive mba","683","Exams","2026-07-22","Standard Post (683 words)","Retain URL & Optimize in Batches (AEO Snippets, Title, Meta, Schema, FAQs, Fact Verification)","https://careerwithmohit.online/blog/iim-lucknow-noida-campus-executive-mba-review"
"https://careerwithmohit.online/blog/iim-mumbai-executive-mba-review","IIM Mumbai (formerly NITIE) Executive MBA Review","IIM Mumbai (formerly NITIE) executive mba","659","Exams","2026-07-22","Standard Post (659 words)","Retain URL & Optimize in Batches (AEO Snippets, Title, Meta, Schema, FAQs, Fact Verification)","https://careerwithmohit.online/blog/iim-mumbai-executive-mba-review"
"https://careerwithmohit.online/blog/iim-mumbai-mba-review-2027-fees-placements-cutoff","IIM Mumbai (Formerly NITIE Mumbai) Review 2027: Fees, Placements, Cutoff, Ranking & Admission Verdict","iim mumbai (formerly nitie mumbai) review 2027","1339","MBA","2026-09-15","Standard Post (1339 words)","Retain URL & Optimize in Batches (AEO Snippets, Title, Meta, Schema, FAQs, Fact Verification)","https://careerwithmohit.online/blog/iim-mumbai-mba-review-2027-fees-placements-cutoff"
"https://careerwithmohit.online/blog/iim-shortlist-criteria-minimum-cat-cut-offs-2027-29","IIM Shortlist Criteria & Minimum CAT Cut Offs [2026] — BLACKI, New & Baby IIMs Calling Percentiles","IIM Shortlist Criteria 2026","1245","MBA","2026-08-14","Standard Post (1245 words)","Retain URL & Optimize in Batches (AEO Snippets, Title, Meta, Schema, FAQs, Fact Verification)","https://careerwithmohit.online/blog/iim-shortlist-criteria-minimum-cat-cut-offs-2027-29"
"https://careerwithmohit.online/blog/iims-list-courses-placements-cutoffs-admission","Complete List of 21 IIMs in India 2026: Courses, Placements & Admission Guide","[IIM Ahmedabad](/colleges/iim-ahmedabad/)","923","Jobs & Careers","2026-03-12","Standard Post (923 words)","Retain URL & Optimize in Batches (AEO Snippets, Title, Meta, Schema, FAQs, Fact Verification)","https://careerwithmohit.online/blog/iims-list-courses-placements-cutoffs-admission"
"https://careerwithmohit.online/blog/iimt-greater-noida-bba-review","IIMT Greater Noida BBA Review: Fees, Placements & Admission Guide","IIMT Greater Noida BBA Review","969","BBA","2026-07-13","Standard Post (969 words)","Retain URL & Optimize in Batches (AEO Snippets, Title, Meta, Schema, FAQs, Fact Verification)","https://careerwithmohit.online/blog/iimt-greater-noida-bba-review"
"https://careerwithmohit.online/blog/iit-delhi-btech-admission-2026-cutoff-fees","IIT Delhi B.Tech Admission 2026: Cutoffs, Fees & Placement Review","IIT Delhi BTech admission 2026","616","B.Tech","2026-03-24","Standard Post (616 words)","Retain URL & Optimize in Batches (AEO Snippets, Title, Meta, Schema, FAQs, Fact Verification)","https://careerwithmohit.online/blog/iit-delhi-btech-admission-2026-cutoff-fees"
"https://careerwithmohit.online/blog/iit-delhi-online-executive-programs-2027-29","IIT Delhi Online Executive Programs 2026: Fees, Placements & Admission Guide","IIT Delhi online executive programs","933","B.Tech","2026-03-30","Standard Post (933 words)","Retain URL & Optimize in Batches (AEO Snippets, Title, Meta, Schema, FAQs, Fact Verification)","https://careerwithmohit.online/blog/iit-delhi-online-executive-programs-2027-29"
"https://careerwithmohit.online/blog/imd-business-school-mba-review-2027-29","IMD Business School MBA Review 2027–29: Fees in INR, Placements & Admission","IMD Business School MBA 2027–29","883","Exams","2026-04-14","Standard Post (883 words)","Retain URL & Optimize in Batches (AEO Snippets, Title, Meta, Schema, FAQs, Fact Verification)","https://careerwithmohit.online/blog/imd-business-school-mba-review-2027-29"
"https://careerwithmohit.online/blog/imi-delhi-executive-mba-review","International Management Institute (IMI), Delhi Executive MBA Review","International Management Institute (IMI), Delhi executive mba","653","Exams","2026-07-22","Standard Post (653 words)","Retain URL & Optimize in Batches (AEO Snippets, Title, Meta, Schema, FAQs, Fact Verification)","https://careerwithmohit.online/blog/imi-delhi-executive-mba-review"
"https://careerwithmohit.online/blog/imi-delhi-vs-imi-kolkata-pgdm-comparison-2027-29","IMI Delhi vs IMI Kolkata 2026: Is the High Fee Worth It?","[IMI Delhi](/colleges/imi-delhi/) vs [IMI Kolkata](/colleges/imi-kolkata/)","609","Exams","2026-03-25","Standard Post (609 words)","Retain URL & Optimize in Batches (AEO Snippets, Title, Meta, Schema, FAQs, Fact Verification)","https://careerwithmohit.online/blog/imi-delhi-vs-imi-kolkata-pgdm-comparison-2027-29"
"https://careerwithmohit.online/blog/imi-new-delhi-pgdm-review-2027-fees-placements-cutoff","International Management Institute (IMI) Review 2027: Fees, Placements, Cutoff, Ranking & Admission Verdict","international management institute (imi) review 2027","1646","MBA","2026-09-10","Standard Post (1646 words)","Retain URL & Optimize in Batches (AEO Snippets, Title, Meta, Schema, FAQs, Fact Verification)","https://careerwithmohit.online/blog/imi-new-delhi-pgdm-review-2027-fees-placements-cutoff"
"https://careerwithmohit.online/blog/imperial-business-school-pune-isbms-pgdm-review-2027-fees-placements-cutoff","Imperial Business School Pune Review 2027: Fees, Cutoff & Placements ROI","imperial business school pune review 2027","2095","MBA Admissions","2026-10-09","Standard Post (2095 words)","Retain URL & Optimize in Batches (AEO Snippets, Title, Meta, Schema, FAQs, Fact Verification)","https://careerwithmohit.online/blog/imperial-business-school-pune-isbms-pgdm-review-2027-fees-placements-cutoff"
"https://careerwithmohit.online/blog/imperial-college-business-school-mba-review-2027-fees-placements-cutoff","Imperial College Business School MBA Review 2027: Fees in INR, GMAT Cutoff & Placements ROI","imperial college business school mba review 2027","2874","Global MBA","2026-10-09","Standard Post (2874 words)","Retain URL & Optimize in Batches (AEO Snippets, Title, Meta, Schema, FAQs, Fact Verification)","https://careerwithmohit.online/blog/imperial-college-business-school-mba-review-2027-fees-placements-cutoff"
"https://careerwithmohit.online/blog/importance-of-sap-in-mba-pgdm-career-2027-29","The Strategic Importance of SAP in MBA and PGDM: 2027–29 Career Outlook","importance of SAP in MBA PGDM","665","Certifications & Skills","2026-03-25","Standard Post (665 words)","Retain URL & Optimize in Batches (AEO Snippets, Title, Meta, Schema, FAQs, Fact Verification)","https://careerwithmohit.online/blog/importance-of-sap-in-mba-pgdm-career-2027-29"
"https://careerwithmohit.online/blog/important-nism-certifications-for-mba-pgdm-finance-students-2027-29","Important NISM Certifications for MBA Finance Students (2026–27)","important nism certification for mba finance student","2428","MBA & PGDM","2026-10-06","Standard Post (2428 words)","Retain URL & Optimize in Batches (AEO Snippets, Title, Meta, Schema, FAQs, Fact Verification)","https://careerwithmohit.online/blog/important-nism-certifications-for-mba-pgdm-finance-students-2027-29"
"https://careerwithmohit.online/blog/ims-davv-indore-mba-review-2027-fees-placements-cutoff","Institute of Management Studies, DAVV (IMS DAVV) Review 2027: Fees, Placements, Cutoff, Ranking & Admission Verdict","institute of management studies, davv (ims davv) review 2027","1374","Exams","2026-09-15","Standard Post (1374 words)","Retain URL & Optimize in Batches (AEO Snippets, Title, Meta, Schema, FAQs, Fact Verification)","https://careerwithmohit.online/blog/ims-davv-indore-mba-review-2027-fees-placements-cutoff"
"https://careerwithmohit.online/blog/ims-ghaziabad-executive-mba-review","IMS Ghaziabad Executive MBA Review","IMS Ghaziabad executive mba","650","Exams","2026-07-22","Standard Post (650 words)","Retain URL & Optimize in Batches (AEO Snippets, Title, Meta, Schema, FAQs, Fact Verification)","https://careerwithmohit.online/blog/ims-ghaziabad-executive-mba-review"
"https://careerwithmohit.online/blog/ims-sum-hospital-bhubaneswar-mbbs-admission-2026","Siksha 'O' Anusandhan (IMS & SUM Hospital), Bhubaneswar MBBS Admission 2026: Process, NEET Cutoff & Fee Structure","IMS & SUM Hospital MBBS admission 2026","1108","Medical/MBBS","2026-07-21","Standard Post (1108 words)","Retain URL & Optimize in Batches (AEO Snippets, Title, Meta, Schema, FAQs, Fact Verification)","https://careerwithmohit.online/blog/ims-sum-hospital-bhubaneswar-mbbs-admission-2026"
"https://careerwithmohit.online/blog/ims-unison-university-dehradun-review-2027-29","IMS Unison University, Dehradun Review 2027–29: Placements, Fees, Courses & Admission","IMS Unison University Dehradun review 2027–29","1359","Jobs & Careers","2026-08-03","Standard Post (1359 words)","Retain URL & Optimize in Batches (AEO Snippets, Title, Meta, Schema, FAQs, Fact Verification)","https://careerwithmohit.online/blog/ims-unison-university-dehradun-review-2027-29"
"https://careerwithmohit.online/blog/imt-ghaziabad-executive-mba-review","Institute of Management Technology (IMT), Ghaziabad Executive MBA Review","Institute of Management Technology (IMT), Ghaziabad executive mba","653","Exams","2026-07-22","Standard Post (653 words)","Retain URL & Optimize in Batches (AEO Snippets, Title, Meta, Schema, FAQs, Fact Verification)","https://careerwithmohit.online/blog/imt-ghaziabad-executive-mba-review"
"https://careerwithmohit.online/blog/imt-ghaziabad-pgdm-review-2027-fees-placements-cutoff","IMT Ghaziabad MBA Admission 2027: Fees, Cutoff & ROI","imt ghaziabad mba admission 2027","1338","MBA","2026-09-26","Standard Post (1338 words)","Retain URL & Optimize in Batches (AEO Snippets, Title, Meta, Schema, FAQs, Fact Verification)","https://careerwithmohit.online/blog/imt-ghaziabad-pgdm-review-2027-fees-placements-cutoff"
"https://careerwithmohit.online/blog/imt-ghaziabad-vs-fore-vs-lbsim-pgdm-placement-comparison","IMT Ghaziabad vs FORE vs LBSIM: PGDM Placement Comparison, Fees & Cutoffs 2027–29","imt ghaziabad vs fore vs lbsim pgdm placement comparison","806","Certifications & Skills","2026-09-12","Standard Post (806 words)","Retain URL & Optimize in Batches (AEO Snippets, Title, Meta, Schema, FAQs, Fact Verification)","https://careerwithmohit.online/blog/imt-ghaziabad-vs-fore-vs-lbsim-pgdm-placement-comparison"
"https://careerwithmohit.online/blog/imt-ghaziabad-vs-imt-nagpur-pgdm-comparison-2027-29","IMT Ghaziabad vs IMT Nagpur 2026: Flagship vs ROI Choice","IMT Ghaziabad vs IMT Nagpur","611","Exams","2026-03-25","Standard Post (611 words)","Retain URL & Optimize in Batches (AEO Snippets, Title, Meta, Schema, FAQs, Fact Verification)","https://careerwithmohit.online/blog/imt-ghaziabad-vs-imt-nagpur-pgdm-comparison-2027-29"
"https://careerwithmohit.online/blog/income-tax-return-itr-filing-process-slabs-types","Income Tax Return (ITR) in India: Types, Slabs & Complete Filing Process (2026)","ITR filing 2026","1083","B.Tech","2026-04-17","Standard Post (1083 words)","Retain URL & Optimize in Batches (AEO Snippets, Title, Meta, Schema, FAQs, Fact Verification)","https://careerwithmohit.online/blog/income-tax-return-itr-filing-process-slabs-types"
"https://careerwithmohit.online/blog/india-income-tax-slabs-2026-27-regime-comparison","India Income Tax Slabs 2026-27 — New vs Old Regime Breakdown","income tax slabs india 2026-27","771","Jobs & Careers","2026-04-21","Standard Post (771 words)","Retain URL & Optimize in Batches (AEO Snippets, Title, Meta, Schema, FAQs, Fact Verification)","https://careerwithmohit.online/blog/india-income-tax-slabs-2026-27-regime-comparison"
"https://careerwithmohit.online/blog/insead-mba-review-2027-29","INSEAD MBA Review 2027–29: Fees in INR, Placements & Admission","INSEAD MBA 2027–29","869","Exams","2026-04-14","Standard Post (869 words)","Retain URL & Optimize in Batches (AEO Snippets, Title, Meta, Schema, FAQs, Fact Verification)","https://careerwithmohit.online/blog/insead-mba-review-2027-29"
"https://careerwithmohit.online/blog/interior-designing-vs-bba-digital-marketing-scope-2026","Interior Designing vs BBA in Digital Marketing: Which Career has More Scope in 2026?","Interior Designing vs BBA Digital Marketing","848","BBA","2026-04-12","Standard Post (848 words)","Retain URL & Optimize in Batches (AEO Snippets, Title, Meta, Schema, FAQs, Fact Verification)","https://careerwithmohit.online/blog/interior-designing-vs-bba-digital-marketing-scope-2026"
"https://careerwithmohit.online/blog/investment-banking-career-path-salary-2027-29","Investment Banking Career Path 2026 — Salary, Skills & Entry Guide","investment banking career path 2026","782","Exams","2026-04-21","Standard Post (782 words)","Retain URL & Optimize in Batches (AEO Snippets, Title, Meta, Schema, FAQs, Fact Verification)","https://careerwithmohit.online/blog/investment-banking-career-path-salary-2027-29"
"https://careerwithmohit.online/blog/ioa-approved-mba-pgdm-colleges-india-2027-29","IoA Approved MBA & PGDM Colleges in India 2027–29: The Ultimate Guide to Business Analytics","ioa approved mba colleges in india","1341","MBA","2026-05-28","Standard Post (1341 words)","Retain URL & Optimize in Batches (AEO Snippets, Title, Meta, Schema, FAQs, Fact Verification)","https://careerwithmohit.online/blog/ioa-approved-mba-pgdm-colleges-india-2027-29"
"https://careerwithmohit.online/blog/ipe-hyderabad-mba-review-2027-fees-placements-cutoff","Institute of Public Enterprise (IPE Hyderabad) Review 2027: Fees, Placements, Cutoff, Ranking & Admission Verdict","institute of public enterprise (ipe hyderabad) review 2027","1395","Exams","2026-09-15","Standard Post (1395 words)","Retain URL & Optimize in Batches (AEO Snippets, Title, Meta, Schema, FAQs, Fact Verification)","https://careerwithmohit.online/blog/ipe-hyderabad-mba-review-2027-fees-placements-cutoff"
"https://careerwithmohit.online/blog/ipmat-2026-preparation-guide-best-colleges","IPMAT 2026: Complete Preparation Guide, Best Colleges & Strategy","IPMAT 2026 preparation guide","862","BBA","2026-05-12","Standard Post (862 words)","Retain URL & Optimize in Batches (AEO Snippets, Title, Meta, Schema, FAQs, Fact Verification)","https://careerwithmohit.online/blog/ipmat-2026-preparation-guide-best-colleges"
"https://careerwithmohit.online/blog/ipmat-2026-preparation-guide-colleges","IPMAT 2026 Preparation Guide — Best Colleges, Syllabus & Strategy","ipmat 2026 guide","867","BBA","2026-04-21","Standard Post (867 words)","Retain URL & Optimize in Batches (AEO Snippets, Title, Meta, Schema, FAQs, Fact Verification)","https://careerwithmohit.online/blog/ipmat-2026-preparation-guide-colleges"
"https://careerwithmohit.online/blog/ipu-btech-colleges-cutoff-2025-2026","IPU B.Tech Colleges & Cutoffs 2025-2026 — Ranks for Top Engineering Institutes","ipu btech colleges and cutoff 2026","868","B.Tech","2026-04-23","Standard Post (868 words)","Retain URL & Optimize in Batches (AEO Snippets, Title, Meta, Schema, FAQs, Fact Verification)","https://careerwithmohit.online/blog/ipu-btech-colleges-cutoff-2025-2026"
"https://careerwithmohit.online/blog/ipu-cet-2026-pg-exam-updates-dates-registration","IPU CET 2026 PG: Admit Card Out for Phased Exams & Final Schedule","IPU CET 2026 PG admit card","752","Exams","2026-05-06","Standard Post (752 words)","Retain URL & Optimize in Batches (AEO Snippets, Title, Meta, Schema, FAQs, Fact Verification)","https://careerwithmohit.online/blog/ipu-cet-2026-pg-exam-updates-dates-registration"
"https://careerwithmohit.online/blog/ipu-cet-mba-colleges-ggsipu","Top 14+ GGSIPU MBA Colleges in Delhi NCR: Fees, Placements & IPU CET 2027–29 Guide","IPU CET MBA colleges 2027–29","1209","Online Degrees","2026-03-12","Standard Post (1209 words)","Retain URL & Optimize in Batches (AEO Snippets, Title, Meta, Schema, FAQs, Fact Verification)","https://careerwithmohit.online/blog/ipu-cet-mba-colleges-ggsipu"
"https://careerwithmohit.online/blog/ipu-mba-colleges-cutoff-2025-2027-29","IPU MBA Cutoffs 2027–29-2026 — Expected CAT, CMAT & IPU CET Ranks","ipu mba cutoff 2027–29","782","Exams","2026-04-23","Standard Post (782 words)","Retain URL & Optimize in Batches (AEO Snippets, Title, Meta, Schema, FAQs, Fact Verification)","https://careerwithmohit.online/blog/ipu-mba-colleges-cutoff-2025-2027-29"
"https://careerwithmohit.online/blog/irma-anand-pgdm-rm-review-2027-fees-placements-cutoff","IRMA Anand MBA Admission 2027: Fees, Cutoff & ROI","institute of rural management anand (irma) mba admission 2027","1375","Exams","2026-09-26","Standard Post (1375 words)","Retain URL & Optimize in Batches (AEO Snippets, Title, Meta, Schema, FAQs, Fact Verification)","https://careerwithmohit.online/blog/irma-anand-pgdm-rm-review-2027-fees-placements-cutoff"
"https://careerwithmohit.online/blog/irma-anand-review-2027-29","IRMA Anand (Institute of Rural Management Anand) Review 2027–29: Fees, Placements, Cutoffs & ROI Analysis","IRMA Anand (Institute of Rural Management Anand) review 2027–29","1358","Exams","2026-08-03","Standard Post (1358 words)","Retain URL & Optimize in Batches (AEO Snippets, Title, Meta, Schema, FAQs, Fact Verification)","https://careerwithmohit.online/blog/irma-anand-review-2027-29"
"https://careerwithmohit.online/blog/is-online-degree-valid-for-upsc-government-jobs-mncs-abroad-wes-2027","Is an Online Degree Valid for UPSC, Government Jobs, MNCs & WES in 2027? Full Legal & Equivalence Guide","is online degree valid for upsc and government jobs","1116","Online Degrees","2026-09-17","Standard Post (1116 words)","Retain URL & Optimize in Batches (AEO Snippets, Title, Meta, Schema, FAQs, Fact Verification)","https://careerwithmohit.online/blog/is-online-degree-valid-for-upsc-government-jobs-mncs-abroad-wes-2027"
"https://careerwithmohit.online/blog/isb-hyderabad-mohali-pgp-review-2027-fees-placements-cutoff","Indian School of Business (ISB) Review 2027: Fees, Placements, Cutoff, Ranking & Admission Verdict","indian school of business (isb) review 2027","1689","MBA","2026-09-10","Standard Post (1689 words)","Retain URL & Optimize in Batches (AEO Snippets, Title, Meta, Schema, FAQs, Fact Verification)","https://careerwithmohit.online/blog/isb-hyderabad-mohali-pgp-review-2027-fees-placements-cutoff"
"https://careerwithmohit.online/blog/isb-indian-school-of-business-mba-review-2027-29","ISB (Indian School of Business) MBA Review 2027–29: Fees in INR, Placements & Admission","ISB (Indian School of Business) MBA 2027–29","897","Exams","2026-04-14","Standard Post (897 words)","Retain URL & Optimize in Batches (AEO Snippets, Title, Meta, Schema, FAQs, Fact Verification)","https://careerwithmohit.online/blog/isb-indian-school-of-business-mba-review-2027-29"
"https://careerwithmohit.online/blog/isbm-nande-pune-pgdm-review-2027-29","ISB&M Nande Pune PGDM Review 2027–29: Fees, Placements, Admission & Cutoff","ISB&M Nande Pune review 2027–29","962","Exams","2026-04-20","Standard Post (962 words)","Retain URL & Optimize in Batches (AEO Snippets, Title, Meta, Schema, FAQs, Fact Verification)","https://careerwithmohit.online/blog/isbm-nande-pune-pgdm-review-2027-29"
"https://careerwithmohit.online/blog/isbr-business-school-bangalore-mba-pgdm-admission-2027-29","ISBR Business School MBA / PGDM Admission 2027-29: Fees, Approvals, Placements, PPO, Certifications & Faculty Review","ISBR Business School admission 2027-29","1283","Exams","2026-09-18","Standard Post (1283 words)","Retain URL & Optimize in Batches (AEO Snippets, Title, Meta, Schema, FAQs, Fact Verification)","https://careerwithmohit.online/blog/isbr-business-school-bangalore-mba-pgdm-admission-2027-29"
"https://careerwithmohit.online/blog/itm-mumbai-mba-pgdm-review-2027-fees-placements-cutoff","ITM Business School PGDM 2027: Fees, Cutoff & Placements ROI","itm business school (navi mumbai) pgdm admission 2027","1341","MBA Admissions","2026-09-27","Standard Post (1341 words)","Retain URL & Optimize in Batches (AEO Snippets, Title, Meta, Schema, FAQs, Fact Verification)","https://careerwithmohit.online/blog/itm-mumbai-mba-pgdm-review-2027-fees-placements-cutoff"
"https://careerwithmohit.online/blog/its-school-of-management-ghaziabad-executive-mba-review","ITS School of Management, Ghaziabad Executive MBA Review","ITS School of Management, Ghaziabad executive mba","634","Exams","2026-07-22","Standard Post (634 words)","Retain URL & Optimize in Batches (AEO Snippets, Title, Meta, Schema, FAQs, Fact Verification)","https://careerwithmohit.online/blog/its-school-of-management-ghaziabad-executive-mba-review"
"https://careerwithmohit.online/blog/ivey-business-school-mba-review-2027-29","Ivey Business School MBA Review 2027–29: Fees in INR, Placements & Admission","Ivey Business School MBA 2027–29","883","Exams","2026-04-14","Standard Post (883 words)","Retain URL & Optimize in Batches (AEO Snippets, Title, Meta, Schema, FAQs, Fact Verification)","https://careerwithmohit.online/blog/ivey-business-school-mba-review-2027-29"
"https://careerwithmohit.online/blog/jagannath-university-jaipur-mba-pgdm-review-2027-fees-placements-cutoff","Jagannath University, Jaipur PGDM 2027: Fees, Cutoff & Placements ROI","jagannath university, jaipur pgdm admission 2027","1092","MBA Admissions","2026-09-27","Standard Post (1092 words)","Retain URL & Optimize in Batches (AEO Snippets, Title, Meta, Schema, FAQs, Fact Verification)","https://careerwithmohit.online/blog/jagannath-university-jaipur-mba-pgdm-review-2027-fees-placements-cutoff"
"https://careerwithmohit.online/blog/jagsom-bangalore-mba-pgdm-review-2027-fees-placements-cutoff","JAGSoM Bangalore PGDM 2027: Fees, Cutoff & Placements ROI","jagsom bangalore (jagdish sheth school of management) pgdm admission 2027","1360","MBA Admissions","2026-09-27","Standard Post (1360 words)","Retain URL & Optimize in Batches (AEO Snippets, Title, Meta, Schema, FAQs, Fact Verification)","https://careerwithmohit.online/blog/jagsom-bangalore-mba-pgdm-review-2027-fees-placements-cutoff"
"https://careerwithmohit.online/blog/jagsom-mumbai-mba-admission-2027-29","JAGSoM (Jagdish Sheth School of Management) MBA / PGDM Admission 2027-29: Fees, Approvals, Placements, PPO, Certifications & Faculty Review","JAGSoM (Jagdish Sheth School of Management) admission 2027-29","1258","Exams","2026-09-18","Standard Post (1258 words)","Retain URL & Optimize in Batches (AEO Snippets, Title, Meta, Schema, FAQs, Fact Verification)","https://careerwithmohit.online/blog/jagsom-mumbai-mba-admission-2027-29"
"https://careerwithmohit.online/blog/jain-university-bangalore-review-2027-29","Jain (Deemed-to-be University), Bangalore Review 2027–29: Placements, Fees, Courses & Admission","Jain University Bangalore review 2027–29","1339","Jobs & Careers","2026-08-03","Standard Post (1339 words)","Retain URL & Optimize in Batches (AEO Snippets, Title, Meta, Schema, FAQs, Fact Verification)","https://careerwithmohit.online/blog/jain-university-bangalore-review-2027-29"
"https://careerwithmohit.online/blog/jain-university-online-fees-2027","Jain University Online Fee Structure 2027: MBA, MCA, BBA Semester Breakdown & EMIs","jain university online fees 2027","798","Online Degrees","2026-08-24","Standard Post (798 words)","Retain URL & Optimize in Batches (AEO Snippets, Title, Meta, Schema, FAQs, Fact Verification)","https://careerwithmohit.online/blog/jain-university-online-fees-2027"
"https://careerwithmohit.online/blog/jain-university-online-mba-review-2027-29","Jain University Online MBA Review (2026-2027): Real Placements, Fees & Cutoffs–29: Fees, 20+ Specializations & Placement Reality","Jain University online MBA review 2027–29","1269","Online Degrees","2026-05-10","Standard Post (1269 words)","Retain URL & Optimize in Batches (AEO Snippets, Title, Meta, Schema, FAQs, Fact Verification)","https://careerwithmohit.online/blog/jain-university-online-mba-review-2027-29"
"https://careerwithmohit.online/blog/jaipuria-institute-jaipur-pgdm-review-2027-29","Jaipuria Institute of Management Jaipur PGDM Review 2027–29: Outstanding ROI & Placements","Jaipuria Institute of Management Jaipur review","813","Exams","2026-03-20","Standard Post (813 words)","Retain URL & Optimize in Batches (AEO Snippets, Title, Meta, Schema, FAQs, Fact Verification)","https://careerwithmohit.online/blog/jaipuria-institute-jaipur-pgdm-review-2027-29"
"https://careerwithmohit.online/blog/jaipuria-institute-of-management-jaipur-executive-mba-review","Jaipuria Institute of Management, Jaipur Executive MBA Review","Jaipuria Institute of Management, Jaipur executive mba","625","Exams","2026-07-22","Standard Post (625 words)","Retain URL & Optimize in Batches (AEO Snippets, Title, Meta, Schema, FAQs, Fact Verification)","https://careerwithmohit.online/blog/jaipuria-institute-of-management-jaipur-executive-mba-review"
"https://careerwithmohit.online/blog/jaipuria-institute-of-management-noida-executive-mba-review","Jaipuria Institute of Management, Noida Executive MBA Review","Jaipuria Institute of Management, Noida executive mba","644","Exams","2026-07-22","Standard Post (644 words)","Retain URL & Optimize in Batches (AEO Snippets, Title, Meta, Schema, FAQs, Fact Verification)","https://careerwithmohit.online/blog/jaipuria-institute-of-management-noida-executive-mba-review"
"https://careerwithmohit.online/blog/jaipuria-institute-of-management-online-pgdm-review-2027-29","Jaipuria Institute of Management Online Review (2026-2027): Real Placements, Fees & Cutoffs–29: PGDM Fee Structure & Review","Jaipuria Online PGDM review 2027–29","804","Online Degrees","2026-04-05","Standard Post (804 words)","Retain URL & Optimize in Batches (AEO Snippets, Title, Meta, Schema, FAQs, Fact Verification)","https://careerwithmohit.online/blog/jaipuria-institute-of-management-online-pgdm-review-2027-29"
"https://careerwithmohit.online/blog/jaipuria-jaipur-mba-pgdm-review-2027-fees-placements-cutoff","Jaipuria Institute of Management, Jaipur PGDM 2027: Fees, Cutoff & Placements ROI","jaipuria institute of management, jaipur pgdm admission 2027","1104","MBA Admissions","2026-09-27","Standard Post (1104 words)","Retain URL & Optimize in Batches (AEO Snippets, Title, Meta, Schema, FAQs, Fact Verification)","https://careerwithmohit.online/blog/jaipuria-jaipur-mba-pgdm-review-2027-fees-placements-cutoff"
"https://careerwithmohit.online/blog/jaipuria-noida-review-2027","Jaipuria Noida Review 2027–2029: PGDM Fees, Placements, Cutoffs & Honest Verdict","Jaipuria Noida review 2027","1908","Exams","2026-09-10","Standard Post (1908 words)","Retain URL & Optimize in Batches (AEO Snippets, Title, Meta, Schema, FAQs, Fact Verification)","https://careerwithmohit.online/blog/jaipuria-noida-review-2027"
"https://careerwithmohit.online/blog/jaipuria-noida-vs-ndim","Jaipuria Noida vs NDIM Delhi: Which PGDM is Better for 2027–29?","[Jaipuria Noida](/colleges/jaipuria-noida/) vs NDIM","765","Jobs & Careers","2026-03-19","Standard Post (765 words)","Retain URL & Optimize in Batches (AEO Snippets, Title, Meta, Schema, FAQs, Fact Verification)","https://careerwithmohit.online/blog/jaipuria-noida-vs-ndim"
"https://careerwithmohit.online/blog/jamia-hamdard-university-online-review-2027-29","Jamia Hamdard University Online Review (2026-2027): Real Placements, Fees & Cutoffs–29: MBA, MCA, BBA & BCA Fee Structure","[Jamia Hamdard](/colleges/jamia-hamdard-delhi/) University Online review 2027–29","846","Online Degrees","2026-04-05","Standard Post (846 words)","Retain URL & Optimize in Batches (AEO Snippets, Title, Meta, Schema, FAQs, Fact Verification)","https://careerwithmohit.online/blog/jamia-hamdard-university-online-review-2027-29"
"https://careerwithmohit.online/blog/jamia-millia-islamia-jmi-online-fee-structure-2027","Jamia Millia Islamia (JMI) Online Fee Structure 2027: MA, B.Com, M.Com & BA Breakdown","jamia millia islamia online fee structure 2027","635","Online Degrees","2026-08-24","Standard Post (635 words)","Retain URL & Optimize in Batches (AEO Snippets, Title, Meta, Schema, FAQs, Fact Verification)","https://careerwithmohit.online/blog/jamia-millia-islamia-jmi-online-fee-structure-2027"
"https://careerwithmohit.online/blog/jatf-cet-jito-scholarship-upsc-coaching-2027-29","JATF CET 2026: JITO Scholarship & Free UPSC Coaching for Jain Students","JITO scholarship 2026","770","Jobs & Careers","2026-03-28","Standard Post (770 words)","Retain URL & Optimize in Batches (AEO Snippets, Title, Meta, Schema, FAQs, Fact Verification)","https://careerwithmohit.online/blog/jatf-cet-jito-scholarship-upsc-coaching-2027-29"
"https://careerwithmohit.online/blog/jawaharlal-nehru-university-jnu-review-2027-29","Jawaharlal Nehru University (JNU) Review 2027–29: Fees, Placements & CUET Cutoff","Jawaharlal Nehru University 2026","661","Online Degrees","2026-05-24","Standard Post (661 words)","Retain URL & Optimize in Batches (AEO Snippets, Title, Meta, Schema, FAQs, Fact Verification)","https://careerwithmohit.online/blog/jawaharlal-nehru-university-jnu-review-2027-29"
"https://careerwithmohit.online/blog/jbims-mumbai-executive-mba-review","Jamnalal Bajaj Institute of Management Studies (JBIMS), Mumbai Executive MBA Review","Jamnalal Bajaj Institute of Management Studies (JBIMS), Mumbai executive mba","660","Exams","2026-07-22","Standard Post (660 words)","Retain URL & Optimize in Batches (AEO Snippets, Title, Meta, Schema, FAQs, Fact Verification)","https://careerwithmohit.online/blog/jbims-mumbai-executive-mba-review"
"https://careerwithmohit.online/blog/jecrc-jaipur-mba-pgdm-review-2027-fees-placements-cutoff","JECRC University PGDM 2027: Fees, Cutoff & Placements ROI","jecrc university (school of management), jaipur pgdm admission 2027","1138","MBA Admissions","2026-09-27","Standard Post (1138 words)","Retain URL & Optimize in Batches (AEO Snippets, Title, Meta, Schema, FAQs, Fact Verification)","https://careerwithmohit.online/blog/jecrc-jaipur-mba-pgdm-review-2027-fees-placements-cutoff"
"https://careerwithmohit.online/blog/jecrc-university-jaipur-review-2027-29","JECRC University, Jaipur Review 2027–29: Placements, Fees, Courses & Admission","JECRC University review 2027–29","1299","Jobs & Careers","2026-08-03","Standard Post (1299 words)","Retain URL & Optimize in Batches (AEO Snippets, Title, Meta, Schema, FAQs, Fact Verification)","https://careerwithmohit.online/blog/jecrc-university-jaipur-review-2027-29"
"https://careerwithmohit.online/blog/jecrc-university-mba-review-2027-29","JECRC University Jaipur MBA Review 2027–29: Placements, Fees & Cutoff","[JECRC University](/colleges/jecrc-jaipur/) Jaipur MBA review","844","Online Degrees","2026-03-20","Standard Post (844 words)","Retain URL & Optimize in Batches (AEO Snippets, Title, Meta, Schema, FAQs, Fact Verification)","https://careerwithmohit.online/blog/jecrc-university-mba-review-2027-29"
"https://careerwithmohit.online/blog/jee-advanced-2026-admit-card-release-date-checklist","JEE Advanced 2026: Admit Card on May 11 & Essential Exam Day Checklist","JEE Advanced 2026 exam date","621","B.Tech","2026-05-06","Standard Post (621 words)","Retain URL & Optimize in Batches (AEO Snippets, Title, Meta, Schema, FAQs, Fact Verification)","https://careerwithmohit.online/blog/jee-advanced-2026-admit-card-release-date-checklist"
"https://careerwithmohit.online/blog/jee-advanced-2026-result-declared-rank-list-josaa-counselling","JEE Advanced 2026 Result Declared: Check Rank List, Cutoff Marks & JoSAA Counselling Guide","JEE Advanced 2026 result declared","978","Jobs & Careers","2026-06-01","Standard Post (978 words)","Retain URL & Optimize in Batches (AEO Snippets, Title, Meta, Schema, FAQs, Fact Verification)","https://careerwithmohit.online/blog/jee-advanced-2026-result-declared-rank-list-josaa-counselling"
"https://careerwithmohit.online/blog/jee-advanced-important-questions-2027-29","60 Most Important Questions for JEE Advanced 2026: Physics, Chemistry & Math","JEE Advanced important questions 2026","827","Jobs & Careers","2026-03-14","Standard Post (827 words)","Retain URL & Optimize in Batches (AEO Snippets, Title, Meta, Schema, FAQs, Fact Verification)","https://careerwithmohit.online/blog/jee-advanced-important-questions-2027-29"
"https://careerwithmohit.online/blog/jee-main-2026-college-predictor-rank-vs-college","JEE Main 2026 College Predictor — Rank vs. NIT, IIIT & GFTI List","jee main 2026 college predictor","708","B.Tech","2026-04-21","Standard Post (708 words)","Retain URL & Optimize in Batches (AEO Snippets, Title, Meta, Schema, FAQs, Fact Verification)","https://careerwithmohit.online/blog/jee-main-2026-college-predictor-rank-vs-college"
"https://careerwithmohit.online/blog/jee-main-2026-session-2-admit-card-released","JEE Main 2026 Session 2 Admit Card Released: Download Your Hall Ticket Now","JEE Main 2026 Session 2 admit card","639","B.Tech","2026-03-30","Standard Post (639 words)","Retain URL & Optimize in Batches (AEO Snippets, Title, Meta, Schema, FAQs, Fact Verification)","https://careerwithmohit.online/blog/jee-main-2026-session-2-admit-card-released"
"https://careerwithmohit.online/blog/jee-main-2026-session-2-exam-dates-admit-card","JEE Main 2026 Session 2 (Attempt 2): Exam Dates, Admit Card Status & Preparation Guide","JEE Main 2026 Session 2 exam dates","678","B.Tech","2026-03-24","Standard Post (678 words)","Retain URL & Optimize in Batches (AEO Snippets, Title, Meta, Schema, FAQs, Fact Verification)","https://careerwithmohit.online/blog/jee-main-2026-session-2-exam-dates-admit-card"
"https://careerwithmohit.online/blog/jee-main-2026-session-2-exam-review","JEE Main 2026 Session 2 (2nd Attempt) Exam Review & Detailed Analysis","JEE Main 2026 Session 2 exam review","826","B.Tech","2026-04-05","Standard Post (826 words)","Retain URL & Optimize in Batches (AEO Snippets, Title, Meta, Schema, FAQs, Fact Verification)","https://careerwithmohit.online/blog/jee-main-2026-session-2-exam-review"
"https://careerwithmohit.online/blog/jee-main-2026-session-2-result-declared-check-here","JEE Main 2026 Session 2 Result Declared: How to Check Scorecard, NTA Cutoff & All-India Rank","JEE Main 2026 Session 2 result","641","B.Tech","2026-04-20","Standard Post (641 words)","Retain URL & Optimize in Batches (AEO Snippets, Title, Meta, Schema, FAQs, Fact Verification)","https://careerwithmohit.online/blog/jee-main-2026-session-2-result-declared-check-here"
"https://careerwithmohit.online/blog/jee-main-4-april-2026-answer-key-analysis","JEE Main 4 April 2026 Answer Key & Exam Analysis: Shift 1 & 2 Question Paper","JEE Main 4 April 2026 answer key","727","B.Tech","2026-04-04","Standard Post (727 words)","Retain URL & Optimize in Batches (AEO Snippets, Title, Meta, Schema, FAQs, Fact Verification)","https://careerwithmohit.online/blog/jee-main-4-april-2026-answer-key-analysis"
"https://careerwithmohit.online/blog/jee-main-accepting-btech-colleges-2026","JEE Main Accepting B.Tech Colleges 2026 – Top NITs, IIITs & Private Institutes","jee main accepting btech colleges","1058","B.Tech","2026-04-25","Standard Post (1058 words)","Retain URL & Optimize in Batches (AEO Snippets, Title, Meta, Schema, FAQs, Fact Verification)","https://careerwithmohit.online/blog/jee-main-accepting-btech-colleges-2026"
"https://careerwithmohit.online/blog/jiit-noida-vs-kiet-ghaziabad-btech-comparison-2026","JIIT Noida vs KIET Ghaziabad B.Tech 2026: Fees, Placements & Honest Verdict","JIIT Noida vs KIET Ghaziabad","1491","B.Tech","2026-04-27","Standard Post (1491 words)","Retain URL & Optimize in Batches (AEO Snippets, Title, Meta, Schema, FAQs, Fact Verification)","https://careerwithmohit.online/blog/jiit-noida-vs-kiet-ghaziabad-btech-comparison-2026"
"https://careerwithmohit.online/blog/jims-rohini-sector-3-vs-sector-5-vs-jims-kalkaji","JIMS Rohini Sector 3 vs Sector 5 vs JIMS Kalkaji: Comparative Guide 2026","JIMS Rohini Sector 3 vs Sector 5","906","BBA","2026-03-28","Standard Post (906 words)","Retain URL & Optimize in Batches (AEO Snippets, Title, Meta, Schema, FAQs, Fact Verification)","https://careerwithmohit.online/blog/jims-rohini-sector-3-vs-sector-5-vs-jims-kalkaji"
"https://careerwithmohit.online/blog/jims-rohini-vs-fiib","JIMS Rohini vs FIIB Delhi: Which is Better for PGDM? (2026)","JIMS Rohini vs FIIB","975","Exams","2026-03-26","Standard Post (975 words)","Retain URL & Optimize in Batches (AEO Snippets, Title, Meta, Schema, FAQs, Fact Verification)","https://careerwithmohit.online/blog/jims-rohini-vs-fiib"
"https://careerwithmohit.online/blog/jims-rohini-vs-jims-kalkaji-mba-pgdm-comparison-2027-29","JIMS Rohini vs JIMS Kalkaji for MBA/PGDM 2)26: Which is Better?","JIMS Rohini vs JIMS Kalkaji PGDM","826","Online Degrees","2026-03-25","Standard Post (826 words)","Retain URL & Optimize in Batches (AEO Snippets, Title, Meta, Schema, FAQs, Fact Verification)","https://careerwithmohit.online/blog/jims-rohini-vs-jims-kalkaji-mba-pgdm-comparison-2027-29"
"https://careerwithmohit.online/blog/jito-education-loan-jain-students-jelp-seed-2027-29","JITO Education Loan for Jain Students (2026): JELP & SEED Scheme Guide","JITO education loan","920","Jobs & Careers","2026-03-28","Standard Post (920 words)","Retain URL & Optimize in Batches (AEO Snippets, Title, Meta, Schema, FAQs, Fact Verification)","https://careerwithmohit.online/blog/jito-education-loan-jain-students-jelp-seed-2027-29"
"https://careerwithmohit.online/blog/jk-business-school-jkbs-gurgaon-pgdm-admission-2027-29","JK Business School (JKBS) MBA / PGDM Admission 2027-29: Fees, Approvals, Placements, PPO, Certifications & Faculty Review","JK Business School (JKBS) admission 2027-29","1286","Exams","2026-09-18","Standard Post (1286 words)","Retain URL & Optimize in Batches (AEO Snippets, Title, Meta, Schema, FAQs, Fact Verification)","https://careerwithmohit.online/blog/jk-business-school-jkbs-gurgaon-pgdm-admission-2027-29"
"https://careerwithmohit.online/blog/jk-lakshmipat-university-jklu-jaipur-review-2027-29","JK Lakshmipat University (JKLU), Jaipur Review 2027–29: Placements, Fees, Courses & Admission","JK Lakshmipat University (JKLU) review 2027–29","1341","Jobs & Careers","2026-08-03","Standard Post (1341 words)","Retain URL & Optimize in Batches (AEO Snippets, Title, Meta, Schema, FAQs, Fact Verification)","https://careerwithmohit.online/blog/jk-lakshmipat-university-jklu-jaipur-review-2027-29"
"https://careerwithmohit.online/blog/jkbs-gurgaon-bba-review-2026","JKBS Gurgaon BBA Review 2026: Fees, Placements & Admission Process","JKBS Gurgaon BBA Review 2026","909","BBA","2026-03-30","Standard Post (909 words)","Retain URL & Optimize in Batches (AEO Snippets, Title, Meta, Schema, FAQs, Fact Verification)","https://careerwithmohit.online/blog/jkbs-gurgaon-bba-review-2026"
"https://careerwithmohit.online/blog/jkbs-gurgaon-bca-review-2027-29","JKBS Gurgaon BCA Review 2027–29: Fees, Placements & Admission Guide","JKBS Gurgaon BCA Review 2027–29","983","BBA","2026-03-30","Standard Post (983 words)","Retain URL & Optimize in Batches (AEO Snippets, Title, Meta, Schema, FAQs, Fact Verification)","https://careerwithmohit.online/blog/jkbs-gurgaon-bca-review-2027-29"
"https://careerwithmohit.online/blog/jkbs-gurgaon-mba-pgdm-review-2027-fees-placements-cutoff","JK Business School PGDM 2027: Fees, Cutoff & Placements ROI","jk business school (jkbs) pgdm admission 2027","1376","MBA Admissions","2026-09-27","Standard Post (1376 words)","Retain URL & Optimize in Batches (AEO Snippets, Title, Meta, Schema, FAQs, Fact Verification)","https://careerwithmohit.online/blog/jkbs-gurgaon-mba-pgdm-review-2027-fees-placements-cutoff"
"https://careerwithmohit.online/blog/jkbs-gurgaon-pgdm-dabi-data-analytics-review-2027-29","JKBS Gurgaon PGDM DABI Review 2027–29: Fees, Placements & Business Analytics USPs","JKBS Gurgaon PGDM DABI","1301","Jobs & Careers","2026-06-15","Standard Post (1301 words)","Retain URL & Optimize in Batches (AEO Snippets, Title, Meta, Schema, FAQs, Fact Verification)","https://careerwithmohit.online/blog/jkbs-gurgaon-pgdm-dabi-data-analytics-review-2027-29"
"https://careerwithmohit.online/blog/jkbs-gurgaon-pgdm-fintech-review-2027-29","JKBS Gurgaon PGDM FinTech Review 2027–29: Fees, Placements & Curriculum USPs","JKBS Gurgaon PGDM FinTech","1283","Exams","2026-06-15","Standard Post (1283 words)","Retain URL & Optimize in Batches (AEO Snippets, Title, Meta, Schema, FAQs, Fact Verification)","https://careerwithmohit.online/blog/jkbs-gurgaon-pgdm-fintech-review-2027-29"
"https://careerwithmohit.online/blog/jmi-delhi-executive-mba-review","Jamia Millia Islamia (JMI), Delhi Executive MBA Review","Jamia Millia Islamia (JMI), Delhi executive mba","660","Exams","2026-07-22","Standard Post (660 words)","Retain URL & Optimize in Batches (AEO Snippets, Title, Meta, Schema, FAQs, Fact Verification)","https://careerwithmohit.online/blog/jmi-delhi-executive-mba-review"
"https://careerwithmohit.online/blog/join-mba-student-community-whatsapp-telegram-groups-2027","Join India's Top MBA & Career Student Community: WhatsApp & Telegram Groups for CAT 2026, XAT 2027 & Admissions","student community telegram","1318","Exams","2026-09-16","Standard Post (1318 words)","Retain URL & Optimize in Batches (AEO Snippets, Title, Meta, Schema, FAQs, Fact Verification)","https://careerwithmohit.online/blog/join-mba-student-community-whatsapp-telegram-groups-2027"
"https://careerwithmohit.online/blog/josaa-counselling-2026-dates-process-registration","JoSAA Counselling 2026: Important Dates, Step-by-Step Registration & Choice Filling Process","JoSAA 2026 counselling dates","735","B.Tech","2026-03-24","Standard Post (735 words)","Retain URL & Optimize in Batches (AEO Snippets, Title, Meta, Schema, FAQs, Fact Verification)","https://careerwithmohit.online/blog/josaa-counselling-2026-dates-process-registration"
"https://careerwithmohit.online/blog/jss-academy-of-technical-education-noida-executive-mba-review","JSS Academy of Technical Education, Noida Executive MBA Review","JSS Academy of Technical Education, Noida executive mba","649","Exams","2026-07-22","Standard Post (649 words)","Retain URL & Optimize in Batches (AEO Snippets, Title, Meta, Schema, FAQs, Fact Verification)","https://careerwithmohit.online/blog/jss-academy-of-technical-education-noida-executive-mba-review"
"https://careerwithmohit.online/blog/jss-medical-college-mysuru-mbbs-admission-2026","JSS Medical College, Mysuru MBBS Admission 2026: Process, NEET Cutoff & Fee Structure","JSS Medical College Mysuru MBBS admission 2026","1093","Medical/MBBS","2026-07-21","Standard Post (1093 words)","Retain URL & Optimize in Batches (AEO Snippets, Title, Meta, Schema, FAQs, Fact Verification)","https://careerwithmohit.online/blog/jss-medical-college-mysuru-mbbs-admission-2026"
"https://careerwithmohit.online/blog/jss-science-technology-university-sjce-mysuru-review-2027-29","JSS Science and Technology University (SJCE), Mysuru Review 2027–29: Placements, Fees, Courses & Admission","JSS Science & Tech University (SJCE Mysuru) review 2027–29","1468","Jobs & Careers","2026-08-03","Standard Post (1468 words)","Retain URL & Optimize in Batches (AEO Snippets, Title, Meta, Schema, FAQs, Fact Verification)","https://careerwithmohit.online/blog/jss-science-technology-university-sjce-mysuru-review-2027-29"
"https://careerwithmohit.online/blog/kalinga-university-online-mba-review-2027-29","Kalinga University Online MBA Review (2026-2027): Real Placements, Fees & Cutoffs–29: Fees ₹80,000 | Specializations & NAAC B+","Kalinga University online MBA review 2027–29","1172","Online Degrees","2026-05-10","Standard Post (1172 words)","Retain URL & Optimize in Batches (AEO Snippets, Title, Meta, Schema, FAQs, Fact Verification)","https://careerwithmohit.online/blog/kalinga-university-online-mba-review-2027-29"
"https://careerwithmohit.online/blog/karunya-institute-coimbatore-review-2027-29","Karunya Institute of Technology and Sciences, Coimbatore Review 2027–29: Placements, Fees, Courses & Admission","Karunya University Coimbatore review 2027–29","1505","Exams","2026-08-03","Standard Post (1505 words)","Retain URL & Optimize in Batches (AEO Snippets, Title, Meta, Schema, FAQs, Fact Verification)","https://careerwithmohit.online/blog/karunya-institute-coimbatore-review-2027-29"
"https://careerwithmohit.online/blog/kellogg-school-of-management-mba-review-2027-29","Kellogg School of Management MBA Review 2027–29: Fees in INR, Placements & Admission","Kellogg School of Management MBA 2027–29","889","Exams","2026-04-14","Standard Post (889 words)","Retain URL & Optimize in Batches (AEO Snippets, Title, Meta, Schema, FAQs, Fact Verification)","https://careerwithmohit.online/blog/kellogg-school-of-management-mba-review-2027-29"
"https://careerwithmohit.online/blog/kims-bengaluru-mbbs-admission-2026-process-cutoff-fee","Kempegowda Institute of Medical Sciences (KIMS), Bengaluru MBBS Admission 2026: Process, NEET Cutoff & Fee Structure","KIMS Bengaluru MBBS admission 2026","1121","Medical/MBBS","2026-07-21","Standard Post (1121 words)","Retain URL & Optimize in Batches (AEO Snippets, Title, Meta, Schema, FAQs, Fact Verification)","https://careerwithmohit.online/blog/kims-bengaluru-mbbs-admission-2026-process-cutoff-fee"
"https://careerwithmohit.online/blog/kims-bhubaneswar-mbbs-admission-2026-process-cutoff-fee","Kalinga Institute of Medical Sciences (KIMS), Bhubaneswar MBBS Admission 2026: Process, NEET Cutoff & Fee Structure","KIMS Bhubaneswar MBBS admission 2026","1085","Medical/MBBS","2026-07-21","Standard Post (1085 words)","Retain URL & Optimize in Batches (AEO Snippets, Title, Meta, Schema, FAQs, Fact Verification)","https://careerwithmohit.online/blog/kims-bhubaneswar-mbbs-admission-2026-process-cutoff-fee"
"https://careerwithmohit.online/blog/kj-somaiya-btech-review-2026","KJ Somaiya College of Engineering B.Tech Review 2026: Fees, Placements & Admission Process","KJ Somaiya BTech review","1021","B.Tech","2026-04-02","Standard Post (1021 words)","Retain URL & Optimize in Batches (AEO Snippets, Title, Meta, Schema, FAQs, Fact Verification)","https://careerwithmohit.online/blog/kj-somaiya-btech-review-2026"
"https://careerwithmohit.online/blog/kj-somaiya-mba-vs-welingkar-mumbai-cutoff-and-fees","KJ Somaiya MBA vs Welingkar Mumbai: Cutoff, Fees, Placements & ROI Comparison 2027–29","kj somaiya mba vs welingkar mumbai cutoff and fees","807","Exams","2026-09-12","Standard Post (807 words)","Retain URL & Optimize in Batches (AEO Snippets, Title, Meta, Schema, FAQs, Fact Verification)","https://careerwithmohit.online/blog/kj-somaiya-mba-vs-welingkar-mumbai-cutoff-and-fees"
"https://careerwithmohit.online/blog/kj-somaiya-mumbai-executive-mba-review","K. J. Somaiya Institute of Management, Mumbai Executive MBA Review","K. J. Somaiya Institute of Management, Mumbai executive mba","654","Exams","2026-07-22","Standard Post (654 words)","Retain URL & Optimize in Batches (AEO Snippets, Title, Meta, Schema, FAQs, Fact Verification)","https://careerwithmohit.online/blog/kj-somaiya-mumbai-executive-mba-review"
"https://careerwithmohit.online/blog/kj-somaiya-mumbai-mba-review-2027-fees-placements-cutoff","KJ Somaiya MBA Admission 2027: Fees, Cutoff & ROI","k j somaiya institute of management mba admission 2027","1381","Exams","2026-09-26","Standard Post (1381 words)","Retain URL & Optimize in Batches (AEO Snippets, Title, Meta, Schema, FAQs, Fact Verification)","https://careerwithmohit.online/blog/kj-somaiya-mumbai-mba-review-2027-fees-placements-cutoff"
"https://careerwithmohit.online/blog/kj-somaiya-mumbai-university-review-2027-29","Somaiya Vidyavihar University (K J Somaiya Institute of Management) Review 2027–29: Placements, Fees, Courses & Admission","K J Somaiya Mumbai review 2027–29","1595","Exams","2026-08-03","Standard Post (1595 words)","Retain URL & Optimize in Batches (AEO Snippets, Title, Meta, Schema, FAQs, Fact Verification)","https://careerwithmohit.online/blog/kj-somaiya-mumbai-university-review-2027-29"
"https://careerwithmohit.online/blog/kl-university-online-review-2027-29","KL University Online Review (2026-2027): Real Placements, Fees & Cutoffs–29: MBA, MCA, BBA & BCA Fee Structure","KL University Online review 2027–29","858","Online Degrees","2026-04-05","Standard Post (858 words)","Retain URL & Optimize in Batches (AEO Snippets, Title, Meta, Schema, FAQs, Fact Verification)","https://careerwithmohit.online/blog/kl-university-online-review-2027-29"
"https://careerwithmohit.online/blog/kmc-mangalore-mbbs-admission-2026-process-cutoff-fee","Kasturba Medical College (KMC), Mangalore MBBS Admission 2026: Process, NEET Cutoff & Fee Structure","KMC Mangalore MBBS admission 2026","1098","Medical/MBBS","2026-07-21","Standard Post (1098 words)","Retain URL & Optimize in Batches (AEO Snippets, Title, Meta, Schema, FAQs, Fact Verification)","https://careerwithmohit.online/blog/kmc-mangalore-mbbs-admission-2026-process-cutoff-fee"
"https://careerwithmohit.online/blog/kmc-manipal-mbbs-admission-2026-process-cutoff-fee","Kasturba Medical College (KMC), Manipal MBBS Admission 2026: Process, NEET Cutoff & Fee Structure","KMC Manipal MBBS admission 2026","1112","Medical/MBBS","2026-07-21","Standard Post (1112 words)","Retain URL & Optimize in Batches (AEO Snippets, Title, Meta, Schema, FAQs, Fact Verification)","https://careerwithmohit.online/blog/kmc-manipal-mbbs-admission-2026-process-cutoff-fee"
"https://careerwithmohit.online/blog/kr-mangalam-university-gurugram-review-2027-29","K.R. Mangalam University, Gurugram Review 2027–29: Placements, Fees, Courses & Admission","K.R. Mangalam University review 2027–29","1318","Jobs & Careers","2026-08-03","Standard Post (1318 words)","Retain URL & Optimize in Batches (AEO Snippets, Title, Meta, Schema, FAQs, Fact Verification)","https://careerwithmohit.online/blog/kr-mangalam-university-gurugram-review-2027-29"
"https://careerwithmohit.online/blog/ksom-kiit-bhubaneswar-mba-review-2027-fees-placements-cutoff","KIIT School of Management (KSOM) Review 2027: Fees, Placements, Cutoff, Ranking & Admission Verdict","kiit school of management (ksom) review 2027","1371","Exams","2026-09-15","Standard Post (1371 words)","Retain URL & Optimize in Batches (AEO Snippets, Title, Meta, Schema, FAQs, Fact Verification)","https://careerwithmohit.online/blog/ksom-kiit-bhubaneswar-mba-review-2027-fees-placements-cutoff"
"https://careerwithmohit.online/blog/kurukshetra-university-online-review-2027-29","Kurukshetra University Online Review (2026-2027): Real Placements, Fees & Cutoffs–29: MBA, MCA, BBA & BCA Fee Structure","Kurukshetra University Online review 2027–29","852","Online Degrees","2026-04-05","Standard Post (852 words)","Retain URL & Optimize in Batches (AEO Snippets, Title, Meta, Schema, FAQs, Fact Verification)","https://careerwithmohit.online/blog/kurukshetra-university-online-review-2027-29"
"https://careerwithmohit.online/blog/last-week-xat-2026-strategy-final-7-days","Last‑Week XAT 2026 Strategy: What to Do in the Final 7 Days","XAT 2026 preparation","866","Jobs & Careers","2026-05-21","Standard Post (866 words)","Retain URL & Optimize in Batches (AEO Snippets, Title, Meta, Schema, FAQs, Fact Verification)","https://careerwithmohit.online/blog/last-week-xat-2026-strategy-final-7-days"
"https://careerwithmohit.online/blog/latest-wat-gd-topics-for-mba-admissions-2027-29","Latest WAT/GD Topics for MBA Admissions [2026] — Current Affairs, Business, Tech & Abstract","Latest WAT GD Topics for MBA Admissions 2027–2029","1236","Exams","2026-08-14","Standard Post (1236 words)","Retain URL & Optimize in Batches (AEO Snippets, Title, Meta, Schema, FAQs, Fact Verification)","https://careerwithmohit.online/blog/latest-wat-gd-topics-for-mba-admissions-2027-29"
"https://careerwithmohit.online/blog/lbsim-delhi-executive-mba-review","Lal Bahadur Shastri Institute of Management (LBSIM), Delhi Executive MBA Review","Lal Bahadur Shastri Institute of Management (LBSIM), Delhi executive mba","660","Exams","2026-07-22","Standard Post (660 words)","Retain URL & Optimize in Batches (AEO Snippets, Title, Meta, Schema, FAQs, Fact Verification)","https://careerwithmohit.online/blog/lbsim-delhi-executive-mba-review"
"https://careerwithmohit.online/blog/lbsim-delhi-pgdm-review-2027-fees-placements-cutoff","LBSIM Delhi MBA Admission 2027: Fees, Cutoff & ROI","lbsim delhi mba admission 2027","1344","MBA","2026-09-26","Standard Post (1344 words)","Retain URL & Optimize in Batches (AEO Snippets, Title, Meta, Schema, FAQs, Fact Verification)","https://careerwithmohit.online/blog/lbsim-delhi-pgdm-review-2027-fees-placements-cutoff"
"https://careerwithmohit.online/blog/lexicon-management-institute-of-leadership-excellence-mba-pgdm-review-2027-fees-placements-cutoff","Lexicon MILE PGDM 2027: Fees, Cutoff & Placements ROI","lexicon mile (management institute of leadership & excellence) pgdm admission 2027","1371","MBA Admissions","2026-09-27","Standard Post (1371 words)","Retain URL & Optimize in Batches (AEO Snippets, Title, Meta, Schema, FAQs, Fact Verification)","https://careerwithmohit.online/blog/lexicon-management-institute-of-leadership-excellence-mba-pgdm-review-2027-fees-placements-cutoff"
"https://careerwithmohit.online/blog/liba-chennai-pgdm-review-2027-fees-placements-cutoff","LIBA Chennai MBA Admission 2027: Fees, Cutoff & ROI","liba chennai mba admission 2027","1320","MBA","2026-09-26","Standard Post (1320 words)","Retain URL & Optimize in Batches (AEO Snippets, Title, Meta, Schema, FAQs, Fact Verification)","https://careerwithmohit.online/blog/liba-chennai-pgdm-review-2027-fees-placements-cutoff"
"https://careerwithmohit.online/blog/liba-chennai-review-2027-29","LIBA Chennai (Loyola Institute of Business Administration) Review 2027–29: Fees, Placements, Cutoffs & ROI Analysis","LIBA Chennai (Loyola Institute of Business Administration) review 2027–29","1379","Exams","2026-08-03","Standard Post (1379 words)","Retain URL & Optimize in Batches (AEO Snippets, Title, Meta, Schema, FAQs, Fact Verification)","https://careerwithmohit.online/blog/liba-chennai-review-2027-29"
"https://careerwithmohit.online/blog/lingayas-vidyapeeth-online-mba-review-2027-29","Lingayas Vidyapeeth Online MBA Review 2027–29: Placements, Fees & Admission","Lingayas Vidyapeeth online MBA review","859","Online Degrees","2026-03-26","Standard Post (859 words)","Retain URL & Optimize in Batches (AEO Snippets, Title, Meta, Schema, FAQs, Fact Verification)","https://careerwithmohit.online/blog/lingayas-vidyapeeth-online-mba-review-2027-29"
"https://careerwithmohit.online/blog/liverpool-john-moores-university-uk-online-review-2027-29","Liverpool John Moores University (UK) Online Review (2026-2027): Real Placements, Fees & Cutoffs–29: MBA & M.Sc Fee Structure","Liverpool John Moores University Online review 2027–29","891","Online Degrees","2026-04-05","Standard Post (891 words)","Retain URL & Optimize in Batches (AEO Snippets, Title, Meta, Schema, FAQs, Fact Verification)","https://careerwithmohit.online/blog/liverpool-john-moores-university-uk-online-review-2027-29"
"https://careerwithmohit.online/blog/lmtsm-thapar-derabassi-mba-review-2027-fees-placements-cutoff","LM Thapar School of Management (LMTSM) Review 2027: Fees, Placements, Cutoff, Ranking & Admission Verdict","lm thapar school of management (lmtsm) review 2027","1376","Exams","2026-09-15","Standard Post (1376 words)","Retain URL & Optimize in Batches (AEO Snippets, Title, Meta, Schema, FAQs, Fact Verification)","https://careerwithmohit.online/blog/lmtsm-thapar-derabassi-mba-review-2027-fees-placements-cutoff"
"https://careerwithmohit.online/blog/london-business-school-lbs-mba-review-2027-29","London Business School (LBS) MBA Review 2027–29: Fees in INR, Placements & Admission","London Business School (LBS) MBA 2027–29","890","Exams","2026-04-14","Standard Post (890 words)","Retain URL & Optimize in Batches (AEO Snippets, Title, Meta, Schema, FAQs, Fact Verification)","https://careerwithmohit.online/blog/london-business-school-lbs-mba-review-2027-29"
"https://careerwithmohit.online/blog/lovely-professional-university-lpu-online-mba-review-2027-29","LPU Online MBA Review (2026-2027): Real Placements, Fees & Cutoffs–29: Fees ₹1,61,600 | NAAC A++ | 11 Specializations","LPU online MBA review 2027–29","1268","Online Degrees","2026-05-10","Standard Post (1268 words)","Retain URL & Optimize in Batches (AEO Snippets, Title, Meta, Schema, FAQs, Fact Verification)","https://careerwithmohit.online/blog/lovely-professional-university-lpu-online-mba-review-2027-29"
"https://careerwithmohit.online/blog/lovely-professional-university-lpu-review-2027-29","Lovely Professional University (LPU), Phagwara / Jalandhar Review 2027–29: Placements, Fees, Courses & Admission","Lovely Professional University (LPU) review 2027–29","1382","Jobs & Careers","2026-08-03","Standard Post (1382 words)","Retain URL & Optimize in Batches (AEO Snippets, Title, Meta, Schema, FAQs, Fact Verification)","https://careerwithmohit.online/blog/lovely-professional-university-lpu-review-2027-29"
"https://careerwithmohit.online/blog/low-budget-btech-colleges-in-delhi-ncr-2026","Top Low Budget Private B.Tech Colleges in Delhi NCR 2026 (Fees & Placements)","low budget btech colleges in delhi ncr","1202","B.Tech","2026-07-15","Standard Post (1202 words)","Retain URL & Optimize in Batches (AEO Snippets, Title, Meta, Schema, FAQs, Fact Verification)","https://careerwithmohit.online/blog/low-budget-btech-colleges-in-delhi-ncr-2026"
"https://careerwithmohit.online/blog/low-fees-bba-colleges-delhi-ncr-2026","Low Fees BBA Colleges in Delhi NCR 2026: Best ROI Options","Low Fees BBA Colleges in Delhi NCR","806","BBA","2026-05-23","Standard Post (806 words)","Retain URL & Optimize in Batches (AEO Snippets, Title, Meta, Schema, FAQs, Fact Verification)","https://careerwithmohit.online/blog/low-fees-bba-colleges-delhi-ncr-2026"
"https://careerwithmohit.online/blog/low-fees-high-placement-mba-colleges-2027-29","Low Fees, High Placement MBA Colleges 2027–29: The Ultimate ROI Guide","low fees high placement mba colleges 2027–29","615","Exams","2026-03-19","Standard Post (615 words)","Retain URL & Optimize in Batches (AEO Snippets, Title, Meta, Schema, FAQs, Fact Verification)","https://careerwithmohit.online/blog/low-fees-high-placement-mba-colleges-2027-29"
"https://careerwithmohit.online/blog/low-fees-mba-colleges-delhi-ncr-2027-29","Low Fees MBA Colleges in Delhi NCR 2027–29: Top High-ROI Options","Low Fees MBA Colleges in Delhi NCR","986","Online Degrees","2026-05-23","Standard Post (986 words)","Retain URL & Optimize in Batches (AEO Snippets, Title, Meta, Schema, FAQs, Fact Verification)","https://careerwithmohit.online/blog/low-fees-mba-colleges-delhi-ncr-2027-29"
"https://careerwithmohit.online/blog/lowest-fee-btech-colleges-india-2026","Lowest Fee B.Tech Colleges in India 2026 — Under ₹50,000/Year","lowest fee btech colleges india 2026","812","B.Tech","2026-04-20","Standard Post (812 words)","Retain URL & Optimize in Batches (AEO Snippets, Title, Meta, Schema, FAQs, Fact Verification)","https://careerwithmohit.online/blog/lowest-fee-btech-colleges-india-2026"
"https://careerwithmohit.online/blog/lpu-online-degree-fee-structure-2027","LPU Online Fee Structure 2027: MBA, MCA, BBA Semester Breakdown & EMI Plans","lpu online fee structure 2027","821","Online Degrees","2026-08-24","Standard Post (821 words)","Retain URL & Optimize in Batches (AEO Snippets, Title, Meta, Schema, FAQs, Fact Verification)","https://careerwithmohit.online/blog/lpu-online-degree-fee-structure-2027"
"https://careerwithmohit.online/blog/lpu-online-review-2027-29","LPU Online Review (2026-2027): Real Placements, Fees & Cutoffs–29: MBA, MCA, BBA & BCA Fee Breakdown","LPU Online review 2027–29","819","Online Degrees","2026-04-05","Standard Post (819 words)","Retain URL & Optimize in Batches (AEO Snippets, Title, Meta, Schema, FAQs, Fact Verification)","https://careerwithmohit.online/blog/lpu-online-review-2027-29"
"https://careerwithmohit.online/blog/mah-mba-cet-2026-may-9-session-admit-card-guidelines","MAH MBA CET 2027–29 (May 9 Session): Admit Card Out & Final Checklist","MAH MBA CET May 9 session","671","Exams","2026-05-06","Standard Post (671 words)","Retain URL & Optimize in Batches (AEO Snippets, Title, Meta, Schema, FAQs, Fact Verification)","https://careerwithmohit.online/blog/mah-mba-cet-2026-may-9-session-admit-card-guidelines"
"https://careerwithmohit.online/blog/mah-mba-cet-2027-cutoffs-cap-round-counselling-guide","MAH MBA CET 2027 Cutoffs & CAP Round Counselling Guide: JBIMS, SIMSREE, PUMBA","MAH MBA CET 2027 cutoffs","1471","Exams","2026-08-26","Standard Post (1471 words)","Retain URL & Optimize in Batches (AEO Snippets, Title, Meta, Schema, FAQs, Fact Verification)","https://careerwithmohit.online/blog/mah-mba-cet-2027-cutoffs-cap-round-counselling-guide"
"https://careerwithmohit.online/blog/mah-mba-cet-colleges-list-cutoff-placements-2027-29","MAH MBA CET 2027–29 Colleges List: Cutoff, Placements & Detailed Review","MAH MBA CET 2027–29 colleges","1009","Exams","2026-04-23","Standard Post (1009 words)","Retain URL & Optimize in Batches (AEO Snippets, Title, Meta, Schema, FAQs, Fact Verification)","https://careerwithmohit.online/blog/mah-mba-cet-colleges-list-cutoff-placements-2027-29"
"https://careerwithmohit.online/blog/mah-mba-cet-colleges-mumbai-pune","Top MBA Colleges in Mumbai and Pune Accepting MAH MBA CET 2027–29","MAH MBA CET 2027–29 colleges","965","MBA","2026-03-12","Standard Post (965 words)","Retain URL & Optimize in Batches (AEO Snippets, Title, Meta, Schema, FAQs, Fact Verification)","https://careerwithmohit.online/blog/mah-mba-cet-colleges-mumbai-pune"
"https://careerwithmohit.online/blog/mah-mba-cet-scholarship-2026-eligibility-application-process","MAH MBA CET Scholarship 2027–29: Eligibility, MahaDBT Portal & How to Apply","MAH CET MBA scholarship 2027–29","1020","Online Degrees","2026-04-05","Standard Post (1020 words)","Retain URL & Optimize in Batches (AEO Snippets, Title, Meta, Schema, FAQs, Fact Verification)","https://careerwithmohit.online/blog/mah-mba-cet-scholarship-2026-eligibility-application-process"
"https://careerwithmohit.online/blog/mah-mca-cet-2026-exam-strategy-guide","MAH MCA CET 2026 — Exam Dates, Syllabus & Preparation Strategy","mah mca cet 2026 preparation strategy","706","BCA/MCA","2026-04-21","Standard Post (706 words)","Retain URL & Optimize in Batches (AEO Snippets, Title, Meta, Schema, FAQs, Fact Verification)","https://careerwithmohit.online/blog/mah-mca-cet-2026-exam-strategy-guide"
"https://careerwithmohit.online/blog/maharashtra-mba-cet-2026-result-declared-scorecard-download","Maharashtra MBA CET 2027–29 Result Declared: Download Scorecard, Check Marks & Percentile","maharastra cet result","1138","Online Degrees","2026-05-30","Standard Post (1138 words)","Retain URL & Optimize in Batches (AEO Snippets, Title, Meta, Schema, FAQs, Fact Verification)","https://careerwithmohit.online/blog/maharashtra-mba-cet-2026-result-declared-scorecard-download"
"https://careerwithmohit.online/blog/mahindra-university-hyderabad-review-2027-29","Mahindra University, Hyderabad Review 2027–29: Placements, Fees, Courses & Admission","Mahindra University Hyderabad review 2027–29","1348","Jobs & Careers","2026-08-03","Standard Post (1348 words)","Retain URL & Optimize in Batches (AEO Snippets, Title, Meta, Schema, FAQs, Fact Verification)","https://careerwithmohit.online/blog/mahindra-university-hyderabad-review-2027-29"
"https://careerwithmohit.online/blog/management-quota-legality-fraud-protection","Management Quota Admission in India: Is it Legal? + How to Take Action Against Fraud","is management quota legal in India","888","B.Tech","2026-03-14","Standard Post (888 words)","Retain URL & Optimize in Batches (AEO Snippets, Title, Meta, Schema, FAQs, Fact Verification)","https://careerwithmohit.online/blog/management-quota-legality-fraud-protection"
"https://careerwithmohit.online/blog/manav-rachna-university-mriirs-faridabad-review-2027-29","Manav Rachna International Institute of Research and Studies (MRIIRS), Faridabad Review 2027–29: Placements, Fees, Courses & Admission","Manav Rachna University (MRIIRS) review 2027–29","1370","Jobs & Careers","2026-08-03","Standard Post (1370 words)","Retain URL & Optimize in Batches (AEO Snippets, Title, Meta, Schema, FAQs, Fact Verification)","https://careerwithmohit.online/blog/manav-rachna-university-mriirs-faridabad-review-2027-29"
"https://careerwithmohit.online/blog/manav-rachna-university-online-review-2027-29","Manav Rachna University Online Review (2026-2027): Real Placements, Fees & Cutoffs–29: MBA, MCA, BBA & BCA Fee Structure","Manav Rachna University Online review 2027–29","856","Online Degrees","2026-04-05","Standard Post (856 words)","Retain URL & Optimize in Batches (AEO Snippets, Title, Meta, Schema, FAQs, Fact Verification)","https://careerwithmohit.online/blog/manav-rachna-university-online-review-2027-29"
"https://careerwithmohit.online/blog/mangalmay-institute-greater-noida-mba-admission-2027-29","Mangalmay Institute of Management and Technology MBA / PGDM Admission 2027-29: Fees, Approvals, Placements, PPO, Certifications & Faculty Review","Mangalmay Institute of Management and Technology admission 2027-29","1273","Exams","2026-09-18","Standard Post (1273 words)","Retain URL & Optimize in Batches (AEO Snippets, Title, Meta, Schema, FAQs, Fact Verification)","https://careerwithmohit.online/blog/mangalmay-institute-greater-noida-mba-admission-2027-29"
"https://careerwithmohit.online/blog/manipal-academy-of-higher-education-mahe-online-mba-review-2027-29","Manipal MAHE Online MBA Review (2026-2027): Real Placements, Fees & Cutoffs–29: Fees ₹2,92,000 | AI LMS & Specializations","Manipal MAHE online MBA review 2027–29","1295","Online Degrees","2026-05-10","Standard Post (1295 words)","Retain URL & Optimize in Batches (AEO Snippets, Title, Meta, Schema, FAQs, Fact Verification)","https://careerwithmohit.online/blog/manipal-academy-of-higher-education-mahe-online-mba-review-2027-29"
"https://careerwithmohit.online/blog/manipal-academy-tapmi-manipal-review-2027-29","Manipal Academy of Higher Education (TAPMI), Manipal Review 2027–29: Placements, Fees, Courses & Admission","TAPMI & MAHE Manipal review 2027–29","1485","Jobs & Careers","2026-08-03","Standard Post (1485 words)","Retain URL & Optimize in Batches (AEO Snippets, Title, Meta, Schema, FAQs, Fact Verification)","https://careerwithmohit.online/blog/manipal-academy-tapmi-manipal-review-2027-29"
"https://careerwithmohit.online/blog/manipal-university-jaipur-executive-mba-review","Manipal University Jaipur Executive MBA Review","Manipal University Jaipur executive mba","620","Exams","2026-07-22","Standard Post (620 words)","Retain URL & Optimize in Batches (AEO Snippets, Title, Meta, Schema, FAQs, Fact Verification)","https://careerwithmohit.online/blog/manipal-university-jaipur-executive-mba-review"
"https://careerwithmohit.online/blog/manipal-university-jaipur-mba-review-2027-29","Manipal University Jaipur (MUJ) MBA Review 2027–29: Placements, Fees & Cutoff","[Manipal University Jaipur](/colleges/manipal-university-jaipur/) MBA review","823","Online Degrees","2026-03-20","Standard Post (823 words)","Retain URL & Optimize in Batches (AEO Snippets, Title, Meta, Schema, FAQs, Fact Verification)","https://careerwithmohit.online/blog/manipal-university-jaipur-mba-review-2027-29"
"https://careerwithmohit.online/blog/manipal-university-jaipur-muj-review-2027-29","Manipal University Jaipur (MUJ) Review 2027–29: Placements, Fees, Courses & Admission","Manipal University Jaipur (MUJ) review 2027–29","1336","Jobs & Careers","2026-08-03","Standard Post (1336 words)","Retain URL & Optimize in Batches (AEO Snippets, Title, Meta, Schema, FAQs, Fact Verification)","https://careerwithmohit.online/blog/manipal-university-jaipur-muj-review-2027-29"
"https://careerwithmohit.online/blog/manipal-university-jaipur-online-review-2027-29","Manipal University Jaipur Online Review (2026-2027): Real Placements, Fees & Cutoffs–29: MBA, MCA, BBA & BCA Fee Structure","[Manipal University Jaipur](/colleges/manipal-university-jaipur/) Online review 2027–29","828","Online Degrees","2026-04-05","Standard Post (828 words)","Retain URL & Optimize in Batches (AEO Snippets, Title, Meta, Schema, FAQs, Fact Verification)","https://careerwithmohit.online/blog/manipal-university-jaipur-online-review-2027-29"
"https://careerwithmohit.online/blog/mannheim-business-school-mba-review-2027-29","Mannheim Business School MBA Review 2027–29: Fees in INR, Placements & Admission","Mannheim Business School MBA 2027–29","883","Exams","2026-04-14","Standard Post (883 words)","Retain URL & Optimize in Batches (AEO Snippets, Title, Meta, Schema, FAQs, Fact Verification)","https://careerwithmohit.online/blog/mannheim-business-school-mba-review-2027-29"
"https://careerwithmohit.online/blog/mat-2026-cmat-2026-colleges-admission-guide","MAT & CMAT 2026 — Best Colleges, Dates & Admission Guide","mat 2026 colleges","822","Exams","2026-04-21","Standard Post (822 words)","Retain URL & Optimize in Batches (AEO Snippets, Title, Meta, Schema, FAQs, Fact Verification)","https://careerwithmohit.online/blog/mat-2026-cmat-2026-colleges-admission-guide"
"https://careerwithmohit.online/blog/mat-college-predictor-2026-guide","MAT College Predictor 2026: Predict Your MBA Admissions with Precision","MAT college predictor 2026","749","Exams","2026-03-19","Standard Post (749 words)","Retain URL & Optimize in Batches (AEO Snippets, Title, Meta, Schema, FAQs, Fact Verification)","https://careerwithmohit.online/blog/mat-college-predictor-2026-guide"
"https://careerwithmohit.online/blog/mat-exam-may-2026-dates-registration","MAT Exam May 2026: Important Dates, Registration & Top Colleges","MAT May 2026 exam date","912","Exams","2026-04-02","Standard Post (912 words)","Retain URL & Optimize in Batches (AEO Snippets, Title, Meta, Schema, FAQs, Fact Verification)","https://careerwithmohit.online/blog/mat-exam-may-2026-dates-registration"
"https://careerwithmohit.online/blog/mat-february-2026-result-top-colleges-guide","MAT February 2026 Results: Expected Date & Top 20 Colleges to Apply","MAT February 2026 result date","684","Exams","2026-03-18","Standard Post (684 words)","Retain URL & Optimize in Batches (AEO Snippets, Title, Meta, Schema, FAQs, Fact Verification)","https://careerwithmohit.online/blog/mat-february-2026-result-top-colleges-guide"
"https://careerwithmohit.online/blog/mat-may-2026-registration-process-confirmed-dates","MAT May 2026: Confirmed Exam Dates & Step-by-Step Registration Process","MAT May 2026 confirmed dates","832","Exams","2026-05-06","Standard Post (832 words)","Retain URL & Optimize in Batches (AEO Snippets, Title, Meta, Schema, FAQs, Fact Verification)","https://careerwithmohit.online/blog/mat-may-2026-registration-process-confirmed-dates"
"https://careerwithmohit.online/blog/mat-may-2026-result-date-scorecard-download","MAT May 2026 Result Date: Expected Scorecard Release & How to Download","MAT May 2026 result date","1136","Exams","2026-05-30","Standard Post (1136 words)","Retain URL & Optimize in Batches (AEO Snippets, Title, Meta, Schema, FAQs, Fact Verification)","https://careerwithmohit.online/blog/mat-may-2026-result-date-scorecard-download"
"https://careerwithmohit.online/blog/mat-score-calculator-guide","AIMA MAT May 2026 Score Calculator: Marks vs Percentile & Composite Score Predictor","MAT May 2026 score calculator","1089","Exams","2026-06-04","Standard Post (1089 words)","Retain URL & Optimize in Batches (AEO Snippets, Title, Meta, Schema, FAQs, Fact Verification)","https://careerwithmohit.online/blog/mat-score-calculator-guide"
"https://careerwithmohit.online/blog/may-mat-result-check","MAT May 2026 Result Check: Scorecard Download, Direct Link & Calculator","may mat result check","1151","Exams","2026-06-16","Standard Post (1151 words)","Retain URL & Optimize in Batches (AEO Snippets, Title, Meta, Schema, FAQs, Fact Verification)","https://careerwithmohit.online/blog/may-mat-result-check"
"https://careerwithmohit.online/blog/mba-admission-counselling-faq-2027-29","MBA Admission Counselling FAQ 2027–29: 30 Questions Every Student Must Know","MBA admission counselling 2027–29","1645","Exams","2026-04-14","Standard Post (1645 words)","Retain URL & Optimize in Batches (AEO Snippets, Title, Meta, Schema, FAQs, Fact Verification)","https://careerwithmohit.online/blog/mba-admission-counselling-faq-2027-29"
"https://careerwithmohit.online/blog/mba-admission-through-cuet-delhi-ncr-2027-29","MBA Admission Through CUET in Delhi NCR 2027–29 — Eligibility, Process & Colleges","mba admission cuet","687","Online Degrees","2026-04-22","Standard Post (687 words)","Retain URL & Optimize in Batches (AEO Snippets, Title, Meta, Schema, FAQs, Fact Verification)","https://careerwithmohit.online/blog/mba-admission-through-cuet-delhi-ncr-2027-29"
"https://careerwithmohit.online/blog/mba-admission-without-cat-delhi-ncr-2027-29","MBA Admission Without CAT in Delhi NCR 2027–29: Entrance Exams, Cutoffs & Colleges","MBA Admission Without CAT in Delhi NCR","892","Online Degrees","2026-05-23","Standard Post (892 words)","Retain URL & Optimize in Batches (AEO Snippets, Title, Meta, Schema, FAQs, Fact Verification)","https://careerwithmohit.online/blog/mba-admission-without-cat-delhi-ncr-2027-29"
"https://careerwithmohit.online/blog/mba-after-btech-benefits-2027-29","MBA after B.Tech: Is it the Best Career Move in 2027–29?","MBA after B.Tech benefits","774","Online Degrees","2026-03-15","Standard Post (774 words)","Retain URL & Optimize in Batches (AEO Snippets, Title, Meta, Schema, FAQs, Fact Verification)","https://careerwithmohit.online/blog/mba-after-btech-benefits-2027-29"
"https://careerwithmohit.online/blog/mba-brand-management-complete-review","MBA in Brand Management Guide: Syllabus, Top Colleges & Careers 2027–29","MBA in brand management India","963","Online Degrees","2026-04-04","Standard Post (963 words)","Retain URL & Optimize in Batches (AEO Snippets, Title, Meta, Schema, FAQs, Fact Verification)","https://careerwithmohit.online/blog/mba-brand-management-complete-review"
"https://careerwithmohit.online/blog/mba-business-analytics-colleges-in-bangalore-2027-29","Top MBA Business Analytics Colleges in Bangalore 2027–29 — Placements & Fees","top mba business analytics colleges in bangalore 2027–29","883","Exams","2026-07-17","Standard Post (883 words)","Retain URL & Optimize in Batches (AEO Snippets, Title, Meta, Schema, FAQs, Fact Verification)","https://careerwithmohit.online/blog/mba-business-analytics-colleges-in-bangalore-2027-29"
"https://careerwithmohit.online/blog/mba-business-analytics-colleges-in-chandigarh-2027-29","Top MBA Business Analytics Colleges in Chandigarh 2027–29 — Placements & Fees","top mba business analytics colleges in chandigarh 2027–29","765","Exams","2026-07-17","Standard Post (765 words)","Retain URL & Optimize in Batches (AEO Snippets, Title, Meta, Schema, FAQs, Fact Verification)","https://careerwithmohit.online/blog/mba-business-analytics-colleges-in-chandigarh-2027-29"
"https://careerwithmohit.online/blog/mba-business-analytics-colleges-in-chennai-2027-29","Top MBA Business Analytics Colleges in Chennai 2027–29 — Placements & Fees","top mba business analytics colleges in chennai 2027–29","837","Exams","2026-07-17","Standard Post (837 words)","Retain URL & Optimize in Batches (AEO Snippets, Title, Meta, Schema, FAQs, Fact Verification)","https://careerwithmohit.online/blog/mba-business-analytics-colleges-in-chennai-2027-29"
"https://careerwithmohit.online/blog/mba-business-analytics-colleges-in-dehradun-2027-29","Top MBA Business Analytics Colleges in Dehradun 2027–29 — Placements & Fees","top mba business analytics colleges in dehradun 2027–29","749","Exams","2026-07-17","Standard Post (749 words)","Retain URL & Optimize in Batches (AEO Snippets, Title, Meta, Schema, FAQs, Fact Verification)","https://careerwithmohit.online/blog/mba-business-analytics-colleges-in-dehradun-2027-29"
"https://careerwithmohit.online/blog/mba-business-analytics-colleges-in-delhi-ncr-2027-29","Top MBA Business Analytics Colleges in Delhi NCR 2027–29 — Placements & Fees","top mba business analytics colleges in delhi ncr 2027–29","925","Exams","2026-07-17","Standard Post (925 words)","Retain URL & Optimize in Batches (AEO Snippets, Title, Meta, Schema, FAQs, Fact Verification)","https://careerwithmohit.online/blog/mba-business-analytics-colleges-in-delhi-ncr-2027-29"
"https://careerwithmohit.online/blog/mba-business-analytics-colleges-in-ghaziabad-2027-29","Top MBA Business Analytics Colleges in Ghaziabad 2027–29 — Placements & Fees","top mba business analytics colleges in ghaziabad 2027–29","726","Exams","2026-07-17","Standard Post (726 words)","Retain URL & Optimize in Batches (AEO Snippets, Title, Meta, Schema, FAQs, Fact Verification)","https://careerwithmohit.online/blog/mba-business-analytics-colleges-in-ghaziabad-2027-29"
"https://careerwithmohit.online/blog/mba-business-analytics-colleges-in-greater-noida-2027-29","Top MBA Business Analytics Colleges in Greater Noida 2027–29 — Placements & Fees","top mba business analytics colleges in greater noida 2027–29","796","Exams","2026-07-17","Standard Post (796 words)","Retain URL & Optimize in Batches (AEO Snippets, Title, Meta, Schema, FAQs, Fact Verification)","https://careerwithmohit.online/blog/mba-business-analytics-colleges-in-greater-noida-2027-29"
"https://careerwithmohit.online/blog/mba-business-analytics-colleges-in-gurgaon-2027-29","Top MBA Business Analytics Colleges in Gurgaon 2027–29 — Placements & Fees","top mba business analytics colleges in gurgaon 2027–29","792","Exams","2026-07-17","Standard Post (792 words)","Retain URL & Optimize in Batches (AEO Snippets, Title, Meta, Schema, FAQs, Fact Verification)","https://careerwithmohit.online/blog/mba-business-analytics-colleges-in-gurgaon-2027-29"
"https://careerwithmohit.online/blog/mba-business-analytics-colleges-in-jaipur-2027-29","Top MBA Business Analytics Colleges in Jaipur 2027–29 — Placements & Fees","top mba business analytics colleges in jaipur 2027–29","817","Exams","2026-07-17","Standard Post (817 words)","Retain URL & Optimize in Batches (AEO Snippets, Title, Meta, Schema, FAQs, Fact Verification)","https://careerwithmohit.online/blog/mba-business-analytics-colleges-in-jaipur-2027-29"
"https://careerwithmohit.online/blog/mba-business-analytics-colleges-in-kolkata-2027-29","Top MBA Business Analytics Colleges in Kolkata 2027–29 — Placements & Fees","top mba business analytics colleges in kolkata 2027–29","801","Exams","2026-07-17","Standard Post (801 words)","Retain URL & Optimize in Batches (AEO Snippets, Title, Meta, Schema, FAQs, Fact Verification)","https://careerwithmohit.online/blog/mba-business-analytics-colleges-in-kolkata-2027-29"
"https://careerwithmohit.online/blog/mba-business-analytics-colleges-in-mumbai-2027-29","Top MBA Business Analytics Colleges in Mumbai 2027–29 — Placements & Fees","top mba business analytics colleges in mumbai 2027–29","794","Exams","2026-07-17","Standard Post (794 words)","Retain URL & Optimize in Batches (AEO Snippets, Title, Meta, Schema, FAQs, Fact Verification)","https://careerwithmohit.online/blog/mba-business-analytics-colleges-in-mumbai-2027-29"
"https://careerwithmohit.online/blog/mba-business-analytics-colleges-in-noida-2027-29","Top MBA Business Analytics Colleges in Noida 2027–29 — Placements & Fees","top mba business analytics colleges in noida 2027–29","744","Exams","2026-07-17","Standard Post (744 words)","Retain URL & Optimize in Batches (AEO Snippets, Title, Meta, Schema, FAQs, Fact Verification)","https://careerwithmohit.online/blog/mba-business-analytics-colleges-in-noida-2027-29"
"https://careerwithmohit.online/blog/mba-business-analytics-colleges-in-pune-2027-29","Top MBA Business Analytics Colleges in Pune 2027–29 — Placements & Fees","top mba business analytics colleges in pune 2027–29","887","Exams","2026-07-17","Standard Post (887 words)","Retain URL & Optimize in Batches (AEO Snippets, Title, Meta, Schema, FAQs, Fact Verification)","https://careerwithmohit.online/blog/mba-business-analytics-colleges-in-pune-2027-29"
"https://careerwithmohit.online/blog/mba-business-analytics-vs-btech-2027-29","MBA Business Analytics vs B.Tech: The Ultimate Guide for Engineering Students","MBA Business Analytics vs BTech","1007","B.Tech","2026-04-10","Standard Post (1007 words)","Retain URL & Optimize in Batches (AEO Snippets, Title, Meta, Schema, FAQs, Fact Verification)","https://careerwithmohit.online/blog/mba-business-analytics-vs-btech-2027-29"
"https://careerwithmohit.online/blog/mba-business-analytics-vs-data-analytics-2027-29","MBA in Business Analytics vs. MBA in Data Analytics: Which is Best for Your Career in 2026?","mba in business analytics vs data analytics","1410","Exams","2026-06-16","Standard Post (1410 words)","Retain URL & Optimize in Batches (AEO Snippets, Title, Meta, Schema, FAQs, Fact Verification)","https://careerwithmohit.online/blog/mba-business-analytics-vs-data-analytics-2027-29"
"https://careerwithmohit.online/blog/mba-business-analytics-vs-data-science-comparison-2027","MBA Business Analytics vs Data Science: Scope, Fees, & Salary Comparison 2027","MBA Business Analytics vs Data Science","2161","Exams","2026-08-28","Standard Post (2161 words)","Retain URL & Optimize in Batches (AEO Snippets, Title, Meta, Schema, FAQs, Fact Verification)","https://careerwithmohit.online/blog/mba-business-analytics-vs-data-science-comparison-2027"
"https://careerwithmohit.online/blog/mba-colleges-accepting-cat-cut-off-80-to-85-percentile-2027-29","Top MBA Colleges Accepting CAT Cut Off 80 to 85 Percentile (2026–2027): Fees, Placements, Cutoffs & ROI Guide","mba college accepting cat cut off 80 to 85 percentile","1178","MBA","2026-09-10","Standard Post (1178 words)","Retain URL & Optimize in Batches (AEO Snippets, Title, Meta, Schema, FAQs, Fact Verification)","https://careerwithmohit.online/blog/mba-colleges-accepting-cat-cut-off-80-to-85-percentile-2027-29"
"https://careerwithmohit.online/blog/mba-colleges-accepting-cat-score-70-80-percentile-2027-29","MBA Colleges Accepting CAT Score 70-80 Percentile [2026] — Cutoffs, ROI & Placement Analysis","MBA Colleges Accepting CAT Score 70-80 Percentile","1038","Exams","2026-08-14","Standard Post (1038 words)","Retain URL & Optimize in Batches (AEO Snippets, Title, Meta, Schema, FAQs, Fact Verification)","https://careerwithmohit.online/blog/mba-colleges-accepting-cat-score-70-80-percentile-2027-29"
"https://careerwithmohit.online/blog/mba-colleges-accepting-cat-score-80-90-percentile-2027-29","Top MBA Colleges Accepting CAT Score 80-90 Percentile [2026] — Cutoffs, Fees & Placements","MBA Colleges Accepting CAT Score 80-90 Percentile","1197","Exams","2026-08-14","Standard Post (1197 words)","Retain URL & Optimize in Batches (AEO Snippets, Title, Meta, Schema, FAQs, Fact Verification)","https://careerwithmohit.online/blog/mba-colleges-accepting-cat-score-80-90-percentile-2027-29"
"https://careerwithmohit.online/blog/mba-colleges-accepting-mat-bangalore-2027-29","MBA Colleges Accepting MAT Score in Bangalore 2027–29: Ranks & Placements","MBA Colleges Accepting MAT Score in Bangalore","851","Online Degrees","2026-06-05","Standard Post (851 words)","Retain URL & Optimize in Batches (AEO Snippets, Title, Meta, Schema, FAQs, Fact Verification)","https://careerwithmohit.online/blog/mba-colleges-accepting-mat-bangalore-2027-29"
"https://careerwithmohit.online/blog/mba-colleges-accepting-mat-chennai-2027-29","MBA Colleges Accepting MAT Score in Chennai 2027–29: Fees & ROI","MBA Colleges Accepting MAT Score in Chennai","817","Online Degrees","2026-06-05","Standard Post (817 words)","Retain URL & Optimize in Batches (AEO Snippets, Title, Meta, Schema, FAQs, Fact Verification)","https://careerwithmohit.online/blog/mba-colleges-accepting-mat-chennai-2027-29"
"https://careerwithmohit.online/blog/mba-colleges-accepting-mat-ghaziabad-2027-29","MBA Colleges Accepting MAT Score in Ghaziabad 2027–29: ROI & Rankings","MBA Colleges Accepting MAT Score in Ghaziabad","773","Online Degrees","2026-06-05","Standard Post (773 words)","Retain URL & Optimize in Batches (AEO Snippets, Title, Meta, Schema, FAQs, Fact Verification)","https://careerwithmohit.online/blog/mba-colleges-accepting-mat-ghaziabad-2027-29"
"https://careerwithmohit.online/blog/mba-colleges-accepting-mat-greater-noida-2027-29","MBA Colleges Accepting MAT Score in Greater Noida 2027–29: Ranks & Fees","MBA Colleges Accepting MAT Score in Greater Noida","877","Online Degrees","2026-06-05","Standard Post (877 words)","Retain URL & Optimize in Batches (AEO Snippets, Title, Meta, Schema, FAQs, Fact Verification)","https://careerwithmohit.online/blog/mba-colleges-accepting-mat-greater-noida-2027-29"
"https://careerwithmohit.online/blog/mba-colleges-accepting-mat-gurgaon-2027-29","MBA Colleges Accepting MAT Score in Gurgaon 2027–29: Cutoffs & Placements","MBA Colleges Accepting MAT Score in Gurgaon","811","Online Degrees","2026-06-05","Standard Post (811 words)","Retain URL & Optimize in Batches (AEO Snippets, Title, Meta, Schema, FAQs, Fact Verification)","https://careerwithmohit.online/blog/mba-colleges-accepting-mat-gurgaon-2027-29"
"https://careerwithmohit.online/blog/mba-colleges-accepting-mat-jaipur-2027-29","MBA Colleges Accepting MAT Score in Jaipur 2027–29: Fees & ROI","MBA Colleges Accepting MAT Score in Jaipur","800","Online Degrees","2026-06-05","Standard Post (800 words)","Retain URL & Optimize in Batches (AEO Snippets, Title, Meta, Schema, FAQs, Fact Verification)","https://careerwithmohit.online/blog/mba-colleges-accepting-mat-jaipur-2027-29"
"https://careerwithmohit.online/blog/mba-colleges-accepting-mat-kolkata-2027-29","MBA Colleges Accepting MAT Score in Kolkata 2027–29: Fees & Placements","MBA Colleges Accepting MAT Score in Kolkata","796","Online Degrees","2026-06-05","Standard Post (796 words)","Retain URL & Optimize in Batches (AEO Snippets, Title, Meta, Schema, FAQs, Fact Verification)","https://careerwithmohit.online/blog/mba-colleges-accepting-mat-kolkata-2027-29"
"https://careerwithmohit.online/blog/mba-colleges-accepting-mat-mumbai-2027-29","MBA Colleges Accepting MAT Score in Mumbai 2027–29: Ranks & Fees","MBA Colleges Accepting MAT Score in Mumbai","815","Online Degrees","2026-06-05","Standard Post (815 words)","Retain URL & Optimize in Batches (AEO Snippets, Title, Meta, Schema, FAQs, Fact Verification)","https://careerwithmohit.online/blog/mba-colleges-accepting-mat-mumbai-2027-29"
"https://careerwithmohit.online/blog/mba-colleges-accepting-mat-noida-2027-29","MBA Colleges Accepting MAT Score in Noida 2027–29: Fees & Placements","MBA Colleges Accepting MAT Score in Noida","760","Online Degrees","2026-06-05","Standard Post (760 words)","Retain URL & Optimize in Batches (AEO Snippets, Title, Meta, Schema, FAQs, Fact Verification)","https://careerwithmohit.online/blog/mba-colleges-accepting-mat-noida-2027-29"
"https://careerwithmohit.online/blog/mba-colleges-accepting-mat-pune-2027-29","MBA Colleges Accepting MAT Score in Pune 2027–29: Cutoffs, Fees & ROI","MBA Colleges Accepting MAT Score in Pune","874","Online Degrees","2026-06-05","Standard Post (874 words)","Retain URL & Optimize in Batches (AEO Snippets, Title, Meta, Schema, FAQs, Fact Verification)","https://careerwithmohit.online/blog/mba-colleges-accepting-mat-pune-2027-29"
"https://careerwithmohit.online/blog/mba-colleges-accepting-mat-score-delhi-ncr-2027-29","MBA Colleges Accepting MAT Score in Delhi NCR 2027–29: Ranks & Fees","MBA Colleges Accepting MAT Score in Delhi NCR","935","Online Degrees","2026-05-23","Standard Post (935 words)","Retain URL & Optimize in Batches (AEO Snippets, Title, Meta, Schema, FAQs, Fact Verification)","https://careerwithmohit.online/blog/mba-colleges-accepting-mat-score-delhi-ncr-2027-29"
"https://careerwithmohit.online/blog/mba-colleges-best-placements-delhi-ncr-2027-29","MBA Colleges with Best Placements in Delhi NCR 2027–29 — Salary, Recruiters & ROI","mba placements delhi ncr 2027–29","699","Online Degrees","2026-04-23","Standard Post (699 words)","Retain URL & Optimize in Batches (AEO Snippets, Title, Meta, Schema, FAQs, Fact Verification)","https://careerwithmohit.online/blog/mba-colleges-best-placements-delhi-ncr-2027-29"
"https://careerwithmohit.online/blog/mba-colleges-under-5-lakhs-in-agartala-2027-29","Top MBA Colleges Under 5 Lakhs in Agartala 2027–29: Fees & Placements","MBA Colleges under 5 Lakhs in Agartala","976","Online Degrees","2026-06-05","Standard Post (976 words)","Retain URL & Optimize in Batches (AEO Snippets, Title, Meta, Schema, FAQs, Fact Verification)","https://careerwithmohit.online/blog/mba-colleges-under-5-lakhs-in-agartala-2027-29"
"https://careerwithmohit.online/blog/mba-colleges-under-5-lakhs-in-agra-2027-29","Top MBA Colleges Under 5 Lakhs in Agra 2027–29: Fees & Placements","MBA Colleges under 5 Lakhs in Agra","976","Online Degrees","2026-06-05","Standard Post (976 words)","Retain URL & Optimize in Batches (AEO Snippets, Title, Meta, Schema, FAQs, Fact Verification)","https://careerwithmohit.online/blog/mba-colleges-under-5-lakhs-in-agra-2027-29"
"https://careerwithmohit.online/blog/mba-colleges-under-5-lakhs-in-ahmedabad-2027-29","Top MBA Colleges Under 5 Lakhs in Ahmedabad 2027–29: Fees & Placements","MBA Colleges under 5 Lakhs in Ahmedabad","935","Online Degrees","2026-06-05","Standard Post (935 words)","Retain URL & Optimize in Batches (AEO Snippets, Title, Meta, Schema, FAQs, Fact Verification)","https://careerwithmohit.online/blog/mba-colleges-under-5-lakhs-in-ahmedabad-2027-29"
"https://careerwithmohit.online/blog/mba-colleges-under-5-lakhs-in-ajmer-2027-29","Top MBA Colleges Under 5 Lakhs in Ajmer 2027–29: Fees & Placements","MBA Colleges under 5 Lakhs in Ajmer","976","Online Degrees","2026-06-05","Standard Post (976 words)","Retain URL & Optimize in Batches (AEO Snippets, Title, Meta, Schema, FAQs, Fact Verification)","https://careerwithmohit.online/blog/mba-colleges-under-5-lakhs-in-ajmer-2027-29"
"https://careerwithmohit.online/blog/mba-colleges-under-5-lakhs-in-aligarh-2027-29","Top MBA Colleges Under 5 Lakhs in Aligarh 2027–29: Fees & Placements","MBA Colleges under 5 Lakhs in Aligarh","976","Online Degrees","2026-06-05","Standard Post (976 words)","Retain URL & Optimize in Batches (AEO Snippets, Title, Meta, Schema, FAQs, Fact Verification)","https://careerwithmohit.online/blog/mba-colleges-under-5-lakhs-in-aligarh-2027-29"
"https://careerwithmohit.online/blog/mba-colleges-under-5-lakhs-in-alwar-2027-29","Top MBA Colleges Under 5 Lakhs in Alwar 2027–29: Fees & Placements","MBA Colleges under 5 Lakhs in Alwar","976","Online Degrees","2026-06-05","Standard Post (976 words)","Retain URL & Optimize in Batches (AEO Snippets, Title, Meta, Schema, FAQs, Fact Verification)","https://careerwithmohit.online/blog/mba-colleges-under-5-lakhs-in-alwar-2027-29"
"https://careerwithmohit.online/blog/mba-colleges-under-5-lakhs-in-ambala-2027-29","Top MBA Colleges Under 5 Lakhs in Ambala 2027–29: Fees & Placements","MBA Colleges under 5 Lakhs in Ambala","976","Online Degrees","2026-06-05","Standard Post (976 words)","Retain URL & Optimize in Batches (AEO Snippets, Title, Meta, Schema, FAQs, Fact Verification)","https://careerwithmohit.online/blog/mba-colleges-under-5-lakhs-in-ambala-2027-29"
"https://careerwithmohit.online/blog/mba-colleges-under-5-lakhs-in-amritsar-2027-29","Top MBA Colleges Under 5 Lakhs in Amritsar 2027–29: Fees & Placements","MBA Colleges under 5 Lakhs in Amritsar","976","Online Degrees","2026-06-05","Standard Post (976 words)","Retain URL & Optimize in Batches (AEO Snippets, Title, Meta, Schema, FAQs, Fact Verification)","https://careerwithmohit.online/blog/mba-colleges-under-5-lakhs-in-amritsar-2027-29"
"https://careerwithmohit.online/blog/mba-colleges-under-5-lakhs-in-bangalore-2027-29","Top MBA Colleges Under 5 Lakhs in Bangalore 2027–29: Fees & Placements","MBA Colleges under 5 Lakhs in Bangalore","857","Online Degrees","2026-06-05","Standard Post (857 words)","Retain URL & Optimize in Batches (AEO Snippets, Title, Meta, Schema, FAQs, Fact Verification)","https://careerwithmohit.online/blog/mba-colleges-under-5-lakhs-in-bangalore-2027-29"
"https://careerwithmohit.online/blog/mba-colleges-under-5-lakhs-in-bareilly-2027-29","Top MBA Colleges Under 5 Lakhs in Bareilly 2027–29: Fees & Placements","MBA Colleges under 5 Lakhs in Bareilly","976","Online Degrees","2026-06-05","Standard Post (976 words)","Retain URL & Optimize in Batches (AEO Snippets, Title, Meta, Schema, FAQs, Fact Verification)","https://careerwithmohit.online/blog/mba-colleges-under-5-lakhs-in-bareilly-2027-29"
"https://careerwithmohit.online/blog/mba-colleges-under-5-lakhs-in-bathinda-2027-29","Top MBA Colleges Under 5 Lakhs in Bathinda 2027–29: Fees & Placements","MBA Colleges under 5 Lakhs in Bathinda","976","Online Degrees","2026-06-05","Standard Post (976 words)","Retain URL & Optimize in Batches (AEO Snippets, Title, Meta, Schema, FAQs, Fact Verification)","https://careerwithmohit.online/blog/mba-colleges-under-5-lakhs-in-bathinda-2027-29"
"https://careerwithmohit.online/blog/mba-colleges-under-5-lakhs-in-bhagalpur-2027-29","Top MBA Colleges Under 5 Lakhs in Bhagalpur 2027–29: Fees & Placements","MBA Colleges under 5 Lakhs in Bhagalpur","976","Online Degrees","2026-06-05","Standard Post (976 words)","Retain URL & Optimize in Batches (AEO Snippets, Title, Meta, Schema, FAQs, Fact Verification)","https://careerwithmohit.online/blog/mba-colleges-under-5-lakhs-in-bhagalpur-2027-29"
"https://careerwithmohit.online/blog/mba-colleges-under-5-lakhs-in-bhilai-2027-29","Top MBA Colleges Under 5 Lakhs in Bhilai 2027–29: Fees & Placements","MBA Colleges under 5 Lakhs in Bhilai","976","Online Degrees","2026-06-05","Standard Post (976 words)","Retain URL & Optimize in Batches (AEO Snippets, Title, Meta, Schema, FAQs, Fact Verification)","https://careerwithmohit.online/blog/mba-colleges-under-5-lakhs-in-bhilai-2027-29"
"https://careerwithmohit.online/blog/mba-colleges-under-5-lakhs-in-bhopal-2027-29","Top MBA Colleges Under 5 Lakhs in Bhopal 2027–29: Fees & Placements","MBA Colleges under 5 Lakhs in Bhopal","976","Online Degrees","2026-06-05","Standard Post (976 words)","Retain URL & Optimize in Batches (AEO Snippets, Title, Meta, Schema, FAQs, Fact Verification)","https://careerwithmohit.online/blog/mba-colleges-under-5-lakhs-in-bhopal-2027-29"
"https://careerwithmohit.online/blog/mba-colleges-under-5-lakhs-in-bhubaneswar-2027-29","Top MBA Colleges Under 5 Lakhs in Bhubaneswar 2027–29: Fees & Placements","MBA Colleges under 5 Lakhs in Bhubaneswar","976","Online Degrees","2026-06-05","Standard Post (976 words)","Retain URL & Optimize in Batches (AEO Snippets, Title, Meta, Schema, FAQs, Fact Verification)","https://careerwithmohit.online/blog/mba-colleges-under-5-lakhs-in-bhubaneswar-2027-29"
"https://careerwithmohit.online/blog/mba-colleges-under-5-lakhs-in-bilaspur-2027-29","Top MBA Colleges Under 5 Lakhs in Bilaspur 2027–29: Fees & Placements","MBA Colleges under 5 Lakhs in Bilaspur","976","Online Degrees","2026-06-05","Standard Post (976 words)","Retain URL & Optimize in Batches (AEO Snippets, Title, Meta, Schema, FAQs, Fact Verification)","https://careerwithmohit.online/blog/mba-colleges-under-5-lakhs-in-bilaspur-2027-29"
"https://careerwithmohit.online/blog/mba-colleges-under-5-lakhs-in-bokaro-2027-29","Top MBA Colleges Under 5 Lakhs in Bokaro 2027–29: Fees & Placements","MBA Colleges under 5 Lakhs in Bokaro","976","Online Degrees","2026-06-05","Standard Post (976 words)","Retain URL & Optimize in Batches (AEO Snippets, Title, Meta, Schema, FAQs, Fact Verification)","https://careerwithmohit.online/blog/mba-colleges-under-5-lakhs-in-bokaro-2027-29"
"https://careerwithmohit.online/blog/mba-colleges-under-5-lakhs-in-chandigarh-2027-29","Top MBA Colleges Under 5 Lakhs in Chandigarh 2027–29: Fees & Placements","MBA Colleges under 5 Lakhs in Chandigarh","935","Online Degrees","2026-06-05","Standard Post (935 words)","Retain URL & Optimize in Batches (AEO Snippets, Title, Meta, Schema, FAQs, Fact Verification)","https://careerwithmohit.online/blog/mba-colleges-under-5-lakhs-in-chandigarh-2027-29"
"https://careerwithmohit.online/blog/mba-colleges-under-5-lakhs-in-chennai-2027-29","Top MBA Colleges Under 5 Lakhs in Chennai 2027–29: Fees & Placements","MBA Colleges under 5 Lakhs in Chennai","935","Online Degrees","2026-06-05","Standard Post (935 words)","Retain URL & Optimize in Batches (AEO Snippets, Title, Meta, Schema, FAQs, Fact Verification)","https://careerwithmohit.online/blog/mba-colleges-under-5-lakhs-in-chennai-2027-29"
"https://careerwithmohit.online/blog/mba-colleges-under-5-lakhs-in-coimbatore-2027-29","Top MBA Colleges Under 5 Lakhs in Coimbatore 2027–29: Fees & Placements","MBA Colleges under 5 Lakhs in Coimbatore","935","Online Degrees","2026-06-05","Standard Post (935 words)","Retain URL & Optimize in Batches (AEO Snippets, Title, Meta, Schema, FAQs, Fact Verification)","https://careerwithmohit.online/blog/mba-colleges-under-5-lakhs-in-coimbatore-2027-29"
"https://careerwithmohit.online/blog/mba-colleges-under-5-lakhs-in-cuttack-2027-29","Top MBA Colleges Under 5 Lakhs in Cuttack 2027–29: Fees & Placements","MBA Colleges under 5 Lakhs in Cuttack","976","Online Degrees","2026-06-05","Standard Post (976 words)","Retain URL & Optimize in Batches (AEO Snippets, Title, Meta, Schema, FAQs, Fact Verification)","https://careerwithmohit.online/blog/mba-colleges-under-5-lakhs-in-cuttack-2027-29"
"https://careerwithmohit.online/blog/mba-colleges-under-5-lakhs-in-dehradun-2027-29","Top MBA Colleges Under 5 Lakhs in Dehradun 2027–29: Fees & Placements","MBA Colleges under 5 Lakhs in Dehradun","935","Online Degrees","2026-06-05","Standard Post (935 words)","Retain URL & Optimize in Batches (AEO Snippets, Title, Meta, Schema, FAQs, Fact Verification)","https://careerwithmohit.online/blog/mba-colleges-under-5-lakhs-in-dehradun-2027-29"
"https://careerwithmohit.online/blog/mba-colleges-under-5-lakhs-in-delhi-2027-29","Top MBA Colleges Under 5 Lakhs in Delhi 2027–29: Fees & Placements","MBA Colleges under 5 Lakhs in Delhi","906","Online Degrees","2026-06-05","Standard Post (906 words)","Retain URL & Optimize in Batches (AEO Snippets, Title, Meta, Schema, FAQs, Fact Verification)","https://careerwithmohit.online/blog/mba-colleges-under-5-lakhs-in-delhi-2027-29"
"https://careerwithmohit.online/blog/mba-colleges-under-5-lakhs-in-dhanbad-2027-29","Top MBA Colleges Under 5 Lakhs in Dhanbad 2027–29: Fees & Placements","MBA Colleges under 5 Lakhs in Dhanbad","976","Online Degrees","2026-06-05","Standard Post (976 words)","Retain URL & Optimize in Batches (AEO Snippets, Title, Meta, Schema, FAQs, Fact Verification)","https://careerwithmohit.online/blog/mba-colleges-under-5-lakhs-in-dhanbad-2027-29"
"https://careerwithmohit.online/blog/mba-colleges-under-5-lakhs-in-faridabad-2027-29","Top MBA Colleges Under 5 Lakhs in Faridabad 2027–29: Fees & Placements","MBA Colleges under 5 Lakhs in Faridabad","935","Online Degrees","2026-06-05","Standard Post (935 words)","Retain URL & Optimize in Batches (AEO Snippets, Title, Meta, Schema, FAQs, Fact Verification)","https://careerwithmohit.online/blog/mba-colleges-under-5-lakhs-in-faridabad-2027-29"
"https://careerwithmohit.online/blog/mba-colleges-under-5-lakhs-in-gandhinagar-2027-29","Top MBA Colleges Under 5 Lakhs in Gandhinagar 2027–29: Fees & Placements","MBA Colleges under 5 Lakhs in Gandhinagar","976","Online Degrees","2026-06-05","Standard Post (976 words)","Retain URL & Optimize in Batches (AEO Snippets, Title, Meta, Schema, FAQs, Fact Verification)","https://careerwithmohit.online/blog/mba-colleges-under-5-lakhs-in-gandhinagar-2027-29"
"https://careerwithmohit.online/blog/mba-colleges-under-5-lakhs-in-gangtok-2027-29","Top MBA Colleges Under 5 Lakhs in Gangtok 2027–29: Fees & Placements","MBA Colleges under 5 Lakhs in Gangtok","976","Online Degrees","2026-06-05","Standard Post (976 words)","Retain URL & Optimize in Batches (AEO Snippets, Title, Meta, Schema, FAQs, Fact Verification)","https://careerwithmohit.online/blog/mba-colleges-under-5-lakhs-in-gangtok-2027-29"
"https://careerwithmohit.online/blog/mba-colleges-under-5-lakhs-in-gaya-2027-29","Top MBA Colleges Under 5 Lakhs in Gaya 2027–29: Fees & Placements","MBA Colleges under 5 Lakhs in Gaya","976","Online Degrees","2026-06-05","Standard Post (976 words)","Retain URL & Optimize in Batches (AEO Snippets, Title, Meta, Schema, FAQs, Fact Verification)","https://careerwithmohit.online/blog/mba-colleges-under-5-lakhs-in-gaya-2027-29"
"https://careerwithmohit.online/blog/mba-colleges-under-5-lakhs-in-ghaziabad-2027-29","Top MBA Colleges Under 5 Lakhs in Ghaziabad 2027–29: Fees & Placements","MBA Colleges under 5 Lakhs in Ghaziabad","848","Online Degrees","2026-06-05","Standard Post (848 words)","Retain URL & Optimize in Batches (AEO Snippets, Title, Meta, Schema, FAQs, Fact Verification)","https://careerwithmohit.online/blog/mba-colleges-under-5-lakhs-in-ghaziabad-2027-29"
"https://careerwithmohit.online/blog/mba-colleges-under-5-lakhs-in-gorakhpur-2027-29","Top MBA Colleges Under 5 Lakhs in Gorakhpur 2027–29: Fees & Placements","MBA Colleges under 5 Lakhs in Gorakhpur","976","Online Degrees","2026-06-05","Standard Post (976 words)","Retain URL & Optimize in Batches (AEO Snippets, Title, Meta, Schema, FAQs, Fact Verification)","https://careerwithmohit.online/blog/mba-colleges-under-5-lakhs-in-gorakhpur-2027-29"
"https://careerwithmohit.online/blog/mba-colleges-under-5-lakhs-in-greater-noida-2027-29","Top MBA Colleges Under 5 Lakhs in Greater Noida 2027–29: Fees & Placements","MBA Colleges under 5 Lakhs in Greater Noida","861","Online Degrees","2026-06-05","Standard Post (861 words)","Retain URL & Optimize in Batches (AEO Snippets, Title, Meta, Schema, FAQs, Fact Verification)","https://careerwithmohit.online/blog/mba-colleges-under-5-lakhs-in-greater-noida-2027-29"
"https://careerwithmohit.online/blog/mba-colleges-under-5-lakhs-in-guntur-2027-29","Top MBA Colleges Under 5 Lakhs in Guntur 2027–29: Fees & Placements","MBA Colleges under 5 Lakhs in Guntur","976","Online Degrees","2026-06-05","Standard Post (976 words)","Retain URL & Optimize in Batches (AEO Snippets, Title, Meta, Schema, FAQs, Fact Verification)","https://careerwithmohit.online/blog/mba-colleges-under-5-lakhs-in-guntur-2027-29"
"https://careerwithmohit.online/blog/mba-colleges-under-5-lakhs-in-gurgaon-2027-29","Top MBA Colleges Under 5 Lakhs in Gurgaon 2027–29: Fees & Placements","MBA Colleges under 5 Lakhs in Gurgaon","859","Online Degrees","2026-06-05","Standard Post (859 words)","Retain URL & Optimize in Batches (AEO Snippets, Title, Meta, Schema, FAQs, Fact Verification)","https://careerwithmohit.online/blog/mba-colleges-under-5-lakhs-in-gurgaon-2027-29"
"https://careerwithmohit.online/blog/mba-colleges-under-5-lakhs-in-guwahati-2027-29","Top MBA Colleges Under 5 Lakhs in Guwahati 2027–29: Fees & Placements","MBA Colleges under 5 Lakhs in Guwahati","976","Online Degrees","2026-06-05","Standard Post (976 words)","Retain URL & Optimize in Batches (AEO Snippets, Title, Meta, Schema, FAQs, Fact Verification)","https://careerwithmohit.online/blog/mba-colleges-under-5-lakhs-in-guwahati-2027-29"
"https://careerwithmohit.online/blog/mba-colleges-under-5-lakhs-in-gwalior-2027-29","Top MBA Colleges Under 5 Lakhs in Gwalior 2027–29: Fees & Placements","MBA Colleges under 5 Lakhs in Gwalior","976","Online Degrees","2026-06-05","Standard Post (976 words)","Retain URL & Optimize in Batches (AEO Snippets, Title, Meta, Schema, FAQs, Fact Verification)","https://careerwithmohit.online/blog/mba-colleges-under-5-lakhs-in-gwalior-2027-29"
"https://careerwithmohit.online/blog/mba-colleges-under-5-lakhs-in-hisar-2027-29","Top MBA Colleges Under 5 Lakhs in Hisar 2027–29: Fees & Placements","MBA Colleges under 5 Lakhs in Hisar","976","Online Degrees","2026-06-05","Standard Post (976 words)","Retain URL & Optimize in Batches (AEO Snippets, Title, Meta, Schema, FAQs, Fact Verification)","https://careerwithmohit.online/blog/mba-colleges-under-5-lakhs-in-hisar-2027-29"
"https://careerwithmohit.online/blog/mba-colleges-under-5-lakhs-in-hubli-2027-29","Top MBA Colleges Under 5 Lakhs in Hubli 2027–29: Fees & Placements","MBA Colleges under 5 Lakhs in Hubli","976","Online Degrees","2026-06-05","Standard Post (976 words)","Retain URL & Optimize in Batches (AEO Snippets, Title, Meta, Schema, FAQs, Fact Verification)","https://careerwithmohit.online/blog/mba-colleges-under-5-lakhs-in-hubli-2027-29"
"https://careerwithmohit.online/blog/mba-colleges-under-5-lakhs-in-hyderabad-2027-29","Top MBA Colleges Under 5 Lakhs in Hyderabad 2027–29: Fees & Placements","MBA Colleges under 5 Lakhs in Hyderabad","935","Online Degrees","2026-06-05","Standard Post (935 words)","Retain URL & Optimize in Batches (AEO Snippets, Title, Meta, Schema, FAQs, Fact Verification)","https://careerwithmohit.online/blog/mba-colleges-under-5-lakhs-in-hyderabad-2027-29"
"https://careerwithmohit.online/blog/mba-colleges-under-5-lakhs-in-imphal-2027-29","Top MBA Colleges Under 5 Lakhs in Imphal 2027–29: Fees & Placements","MBA Colleges under 5 Lakhs in Imphal","976","Online Degrees","2026-06-05","Standard Post (976 words)","Retain URL & Optimize in Batches (AEO Snippets, Title, Meta, Schema, FAQs, Fact Verification)","https://careerwithmohit.online/blog/mba-colleges-under-5-lakhs-in-imphal-2027-29"
"https://careerwithmohit.online/blog/mba-colleges-under-5-lakhs-in-indore-2027-29","Top MBA Colleges Under 5 Lakhs in Indore 2027–29: Fees & Placements","MBA Colleges under 5 Lakhs in Indore","976","Online Degrees","2026-06-05","Standard Post (976 words)","Retain URL & Optimize in Batches (AEO Snippets, Title, Meta, Schema, FAQs, Fact Verification)","https://careerwithmohit.online/blog/mba-colleges-under-5-lakhs-in-indore-2027-29"
"https://careerwithmohit.online/blog/mba-colleges-under-5-lakhs-in-jabalpur-2027-29","Top MBA Colleges Under 5 Lakhs in Jabalpur 2027–29: Fees & Placements","MBA Colleges under 5 Lakhs in Jabalpur","976","Online Degrees","2026-06-05","Standard Post (976 words)","Retain URL & Optimize in Batches (AEO Snippets, Title, Meta, Schema, FAQs, Fact Verification)","https://careerwithmohit.online/blog/mba-colleges-under-5-lakhs-in-jabalpur-2027-29"
"https://careerwithmohit.online/blog/mba-colleges-under-5-lakhs-in-jaipur-2027-29","Top MBA Colleges Under 5 Lakhs in Jaipur 2027–29: Fees & Placements","MBA Colleges under 5 Lakhs in Jaipur","935","Online Degrees","2026-06-05","Standard Post (935 words)","Retain URL & Optimize in Batches (AEO Snippets, Title, Meta, Schema, FAQs, Fact Verification)","https://careerwithmohit.online/blog/mba-colleges-under-5-lakhs-in-jaipur-2027-29"
"https://careerwithmohit.online/blog/mba-colleges-under-5-lakhs-in-jalandhar-2027-29","Top MBA Colleges Under 5 Lakhs in Jalandhar 2027–29: Fees & Placements","MBA Colleges under 5 Lakhs in Jalandhar","976","Online Degrees","2026-06-05","Standard Post (976 words)","Retain URL & Optimize in Batches (AEO Snippets, Title, Meta, Schema, FAQs, Fact Verification)","https://careerwithmohit.online/blog/mba-colleges-under-5-lakhs-in-jalandhar-2027-29"
"https://careerwithmohit.online/blog/mba-colleges-under-5-lakhs-in-jammu-2027-29","Top MBA Colleges Under 5 Lakhs in Jammu 2027–29: Fees & Placements","MBA Colleges under 5 Lakhs in Jammu","976","Online Degrees","2026-06-05","Standard Post (976 words)","Retain URL & Optimize in Batches (AEO Snippets, Title, Meta, Schema, FAQs, Fact Verification)","https://careerwithmohit.online/blog/mba-colleges-under-5-lakhs-in-jammu-2027-29"
"https://careerwithmohit.online/blog/mba-colleges-under-5-lakhs-in-jamshedpur-2027-29","Top MBA Colleges Under 5 Lakhs in Jamshedpur 2027–29: Fees & Placements","MBA Colleges under 5 Lakhs in Jamshedpur","976","Online Degrees","2026-06-05","Standard Post (976 words)","Retain URL & Optimize in Batches (AEO Snippets, Title, Meta, Schema, FAQs, Fact Verification)","https://careerwithmohit.online/blog/mba-colleges-under-5-lakhs-in-jamshedpur-2027-29"
"https://careerwithmohit.online/blog/mba-colleges-under-5-lakhs-in-jhansi-2027-29","Top MBA Colleges Under 5 Lakhs in Jhansi 2027–29: Fees & Placements","MBA Colleges under 5 Lakhs in Jhansi","976","Online Degrees","2026-06-05","Standard Post (976 words)","Retain URL & Optimize in Batches (AEO Snippets, Title, Meta, Schema, FAQs, Fact Verification)","https://careerwithmohit.online/blog/mba-colleges-under-5-lakhs-in-jhansi-2027-29"
"https://careerwithmohit.online/blog/mba-colleges-under-5-lakhs-in-jodhpur-2027-29","Top MBA Colleges Under 5 Lakhs in Jodhpur 2027–29: Fees & Placements","MBA Colleges under 5 Lakhs in Jodhpur","976","Online Degrees","2026-06-05","Standard Post (976 words)","Retain URL & Optimize in Batches (AEO Snippets, Title, Meta, Schema, FAQs, Fact Verification)","https://careerwithmohit.online/blog/mba-colleges-under-5-lakhs-in-jodhpur-2027-29"
"https://careerwithmohit.online/blog/mba-colleges-under-5-lakhs-in-kanpur-2027-29","Top MBA Colleges Under 5 Lakhs in Kanpur 2027–29: Fees & Placements","MBA Colleges under 5 Lakhs in Kanpur","976","Online Degrees","2026-06-05","Standard Post (976 words)","Retain URL & Optimize in Batches (AEO Snippets, Title, Meta, Schema, FAQs, Fact Verification)","https://careerwithmohit.online/blog/mba-colleges-under-5-lakhs-in-kanpur-2027-29"
"https://careerwithmohit.online/blog/mba-colleges-under-5-lakhs-in-karnal-2027-29","Top MBA Colleges Under 5 Lakhs in Karnal 2027–29: Fees & Placements","MBA Colleges under 5 Lakhs in Karnal","976","Online Degrees","2026-06-05","Standard Post (976 words)","Retain URL & Optimize in Batches (AEO Snippets, Title, Meta, Schema, FAQs, Fact Verification)","https://careerwithmohit.online/blog/mba-colleges-under-5-lakhs-in-karnal-2027-29"
"https://careerwithmohit.online/blog/mba-colleges-under-5-lakhs-in-kochi-2027-29","Top MBA Colleges Under 5 Lakhs in Kochi 2027–29: Fees & Placements","MBA Colleges under 5 Lakhs in Kochi","976","Online Degrees","2026-06-05","Standard Post (976 words)","Retain URL & Optimize in Batches (AEO Snippets, Title, Meta, Schema, FAQs, Fact Verification)","https://careerwithmohit.online/blog/mba-colleges-under-5-lakhs-in-kochi-2027-29"
"https://careerwithmohit.online/blog/mba-colleges-under-5-lakhs-in-kolkata-2027-29","Top MBA Colleges Under 5 Lakhs in Kolkata 2027–29: Fees & Placements","MBA Colleges under 5 Lakhs in Kolkata","935","Online Degrees","2026-06-05","Standard Post (935 words)","Retain URL & Optimize in Batches (AEO Snippets, Title, Meta, Schema, FAQs, Fact Verification)","https://careerwithmohit.online/blog/mba-colleges-under-5-lakhs-in-kolkata-2027-29"
"https://careerwithmohit.online/blog/mba-colleges-under-5-lakhs-in-kota-2027-29","Top MBA Colleges Under 5 Lakhs in Kota 2027–29: Fees & Placements","MBA Colleges under 5 Lakhs in Kota","935","Online Degrees","2026-06-05","Standard Post (935 words)","Retain URL & Optimize in Batches (AEO Snippets, Title, Meta, Schema, FAQs, Fact Verification)","https://careerwithmohit.online/blog/mba-colleges-under-5-lakhs-in-kota-2027-29"
"https://careerwithmohit.online/blog/mba-colleges-under-5-lakhs-in-kozhikode-2027-29","Top MBA Colleges Under 5 Lakhs in Kozhikode 2027–29: Fees & Placements","MBA Colleges under 5 Lakhs in Kozhikode","976","Online Degrees","2026-06-05","Standard Post (976 words)","Retain URL & Optimize in Batches (AEO Snippets, Title, Meta, Schema, FAQs, Fact Verification)","https://careerwithmohit.online/blog/mba-colleges-under-5-lakhs-in-kozhikode-2027-29"
"https://careerwithmohit.online/blog/mba-colleges-under-5-lakhs-in-kurukshetra-2027-29","Top MBA Colleges Under 5 Lakhs in Kurukshetra 2027–29: Fees & Placements","MBA Colleges under 5 Lakhs in Kurukshetra","976","Online Degrees","2026-06-05","Standard Post (976 words)","Retain URL & Optimize in Batches (AEO Snippets, Title, Meta, Schema, FAQs, Fact Verification)","https://careerwithmohit.online/blog/mba-colleges-under-5-lakhs-in-kurukshetra-2027-29"
"https://careerwithmohit.online/blog/mba-colleges-under-5-lakhs-in-lucknow-2027-29","Top MBA Colleges Under 5 Lakhs in Lucknow 2027–29: Fees & Placements","MBA Colleges under 5 Lakhs in Lucknow","976","Online Degrees","2026-06-05","Standard Post (976 words)","Retain URL & Optimize in Batches (AEO Snippets, Title, Meta, Schema, FAQs, Fact Verification)","https://careerwithmohit.online/blog/mba-colleges-under-5-lakhs-in-lucknow-2027-29"
"https://careerwithmohit.online/blog/mba-colleges-under-5-lakhs-in-ludhiana-2027-29","Top MBA Colleges Under 5 Lakhs in Ludhiana 2027–29: Fees & Placements","MBA Colleges under 5 Lakhs in Ludhiana","935","Online Degrees","2026-06-05","Standard Post (935 words)","Retain URL & Optimize in Batches (AEO Snippets, Title, Meta, Schema, FAQs, Fact Verification)","https://careerwithmohit.online/blog/mba-colleges-under-5-lakhs-in-ludhiana-2027-29"
"https://careerwithmohit.online/blog/mba-colleges-under-5-lakhs-in-madurai-2027-29","Top MBA Colleges Under 5 Lakhs in Madurai 2027–29: Fees & Placements","MBA Colleges under 5 Lakhs in Madurai","976","Online Degrees","2026-06-05","Standard Post (976 words)","Retain URL & Optimize in Batches (AEO Snippets, Title, Meta, Schema, FAQs, Fact Verification)","https://careerwithmohit.online/blog/mba-colleges-under-5-lakhs-in-madurai-2027-29"
"https://careerwithmohit.online/blog/mba-colleges-under-5-lakhs-in-mangalore-2027-29","Top MBA Colleges Under 5 Lakhs in Mangalore 2027–29: Fees & Placements","MBA Colleges under 5 Lakhs in Mangalore","976","Online Degrees","2026-06-05","Standard Post (976 words)","Retain URL & Optimize in Batches (AEO Snippets, Title, Meta, Schema, FAQs, Fact Verification)","https://careerwithmohit.online/blog/mba-colleges-under-5-lakhs-in-mangalore-2027-29"
"https://careerwithmohit.online/blog/mba-colleges-under-5-lakhs-in-mathura-2027-29","Top MBA Colleges Under 5 Lakhs in Mathura 2027–29: Fees & Placements","MBA Colleges under 5 Lakhs in Mathura","976","Online Degrees","2026-06-05","Standard Post (976 words)","Retain URL & Optimize in Batches (AEO Snippets, Title, Meta, Schema, FAQs, Fact Verification)","https://careerwithmohit.online/blog/mba-colleges-under-5-lakhs-in-mathura-2027-29"
"https://careerwithmohit.online/blog/mba-colleges-under-5-lakhs-in-meerut-2027-29","Top MBA Colleges Under 5 Lakhs in Meerut 2027–29: Fees & Placements","MBA Colleges under 5 Lakhs in Meerut","976","Online Degrees","2026-06-05","Standard Post (976 words)","Retain URL & Optimize in Batches (AEO Snippets, Title, Meta, Schema, FAQs, Fact Verification)","https://careerwithmohit.online/blog/mba-colleges-under-5-lakhs-in-meerut-2027-29"
"https://careerwithmohit.online/blog/mba-colleges-under-5-lakhs-in-moradabad-2027-29","Top MBA Colleges Under 5 Lakhs in Moradabad 2027–29: Fees & Placements","MBA Colleges under 5 Lakhs in Moradabad","976","Online Degrees","2026-06-05","Standard Post (976 words)","Retain URL & Optimize in Batches (AEO Snippets, Title, Meta, Schema, FAQs, Fact Verification)","https://careerwithmohit.online/blog/mba-colleges-under-5-lakhs-in-moradabad-2027-29"
"https://careerwithmohit.online/blog/mba-colleges-under-5-lakhs-in-mumbai-2027-29","Top MBA Colleges Under 5 Lakhs in Mumbai 2027–29: Fees & Placements","MBA Colleges under 5 Lakhs in Mumbai","865","Online Degrees","2026-06-05","Standard Post (865 words)","Retain URL & Optimize in Batches (AEO Snippets, Title, Meta, Schema, FAQs, Fact Verification)","https://careerwithmohit.online/blog/mba-colleges-under-5-lakhs-in-mumbai-2027-29"
"https://careerwithmohit.online/blog/mba-colleges-under-5-lakhs-in-muzaffarpur-2027-29","Top MBA Colleges Under 5 Lakhs in Muzaffarpur 2027–29: Fees & Placements","MBA Colleges under 5 Lakhs in Muzaffarpur","976","Online Degrees","2026-06-05","Standard Post (976 words)","Retain URL & Optimize in Batches (AEO Snippets, Title, Meta, Schema, FAQs, Fact Verification)","https://careerwithmohit.online/blog/mba-colleges-under-5-lakhs-in-muzaffarpur-2027-29"
"https://careerwithmohit.online/blog/mba-colleges-under-5-lakhs-in-mysore-2027-29","Top MBA Colleges Under 5 Lakhs in Mysore 2027–29: Fees & Placements","MBA Colleges under 5 Lakhs in Mysore","976","Online Degrees","2026-06-05","Standard Post (976 words)","Retain URL & Optimize in Batches (AEO Snippets, Title, Meta, Schema, FAQs, Fact Verification)","https://careerwithmohit.online/blog/mba-colleges-under-5-lakhs-in-mysore-2027-29"
"https://careerwithmohit.online/blog/mba-colleges-under-5-lakhs-in-nagpur-2027-29","Top MBA Colleges Under 5 Lakhs in Nagpur 2027–29: Fees & Placements","MBA Colleges under 5 Lakhs in Nagpur","976","Online Degrees","2026-06-05","Standard Post (976 words)","Retain URL & Optimize in Batches (AEO Snippets, Title, Meta, Schema, FAQs, Fact Verification)","https://careerwithmohit.online/blog/mba-colleges-under-5-lakhs-in-nagpur-2027-29"
"https://careerwithmohit.online/blog/mba-colleges-under-5-lakhs-in-nashik-2027-29","Top MBA Colleges Under 5 Lakhs in Nashik 2027–29: Fees & Placements","MBA Colleges under 5 Lakhs in Nashik","976","Online Degrees","2026-06-05","Standard Post (976 words)","Retain URL & Optimize in Batches (AEO Snippets, Title, Meta, Schema, FAQs, Fact Verification)","https://careerwithmohit.online/blog/mba-colleges-under-5-lakhs-in-nashik-2027-29"
"https://careerwithmohit.online/blog/mba-colleges-under-5-lakhs-in-navi-mumbai-2027-29","Top MBA Colleges Under 5 Lakhs in Navi Mumbai 2027–29: Fees & Placements","MBA Colleges under 5 Lakhs in Navi Mumbai","953","Online Degrees","2026-06-05","Standard Post (953 words)","Retain URL & Optimize in Batches (AEO Snippets, Title, Meta, Schema, FAQs, Fact Verification)","https://careerwithmohit.online/blog/mba-colleges-under-5-lakhs-in-navi-mumbai-2027-29"
"https://careerwithmohit.online/blog/mba-colleges-under-5-lakhs-in-nellore-2027-29","Top MBA Colleges Under 5 Lakhs in Nellore 2027–29: Fees & Placements","MBA Colleges under 5 Lakhs in Nellore","976","Online Degrees","2026-06-05","Standard Post (976 words)","Retain URL & Optimize in Batches (AEO Snippets, Title, Meta, Schema, FAQs, Fact Verification)","https://careerwithmohit.online/blog/mba-colleges-under-5-lakhs-in-nellore-2027-29"
"https://careerwithmohit.online/blog/mba-colleges-under-5-lakhs-in-noida-2027-29","Top MBA Colleges Under 5 Lakhs in Noida 2027–29: Fees & Placements","MBA Colleges under 5 Lakhs in Noida","837","Online Degrees","2026-06-05","Standard Post (837 words)","Retain URL & Optimize in Batches (AEO Snippets, Title, Meta, Schema, FAQs, Fact Verification)","https://careerwithmohit.online/blog/mba-colleges-under-5-lakhs-in-noida-2027-29"
"https://careerwithmohit.online/blog/mba-colleges-under-5-lakhs-in-panipat-2027-29","Top MBA Colleges Under 5 Lakhs in Panipat 2027–29: Fees & Placements","MBA Colleges under 5 Lakhs in Panipat","969","Online Degrees","2026-06-05","Standard Post (969 words)","Retain URL & Optimize in Batches (AEO Snippets, Title, Meta, Schema, FAQs, Fact Verification)","https://careerwithmohit.online/blog/mba-colleges-under-5-lakhs-in-panipat-2027-29"
"https://careerwithmohit.online/blog/mba-colleges-under-5-lakhs-in-patiala-2027-29","Top MBA Colleges Under 5 Lakhs in Patiala 2027–29: Fees & Placements","MBA Colleges under 5 Lakhs in Patiala","976","Online Degrees","2026-06-05","Standard Post (976 words)","Retain URL & Optimize in Batches (AEO Snippets, Title, Meta, Schema, FAQs, Fact Verification)","https://careerwithmohit.online/blog/mba-colleges-under-5-lakhs-in-patiala-2027-29"
"https://careerwithmohit.online/blog/mba-colleges-under-5-lakhs-in-patna-2027-29","Top MBA Colleges Under 5 Lakhs in Patna 2027–29: Fees & Placements","MBA Colleges under 5 Lakhs in Patna","976","Online Degrees","2026-06-05","Standard Post (976 words)","Retain URL & Optimize in Batches (AEO Snippets, Title, Meta, Schema, FAQs, Fact Verification)","https://careerwithmohit.online/blog/mba-colleges-under-5-lakhs-in-patna-2027-29"
"https://careerwithmohit.online/blog/mba-colleges-under-5-lakhs-in-prayagraj-2027-29","Top MBA Colleges Under 5 Lakhs in Prayagraj 2027–29: Fees & Placements","MBA Colleges under 5 Lakhs in Prayagraj","976","Online Degrees","2026-06-05","Standard Post (976 words)","Retain URL & Optimize in Batches (AEO Snippets, Title, Meta, Schema, FAQs, Fact Verification)","https://careerwithmohit.online/blog/mba-colleges-under-5-lakhs-in-prayagraj-2027-29"
"https://careerwithmohit.online/blog/mba-colleges-under-5-lakhs-in-pune-2027-29","Top MBA Colleges Under 5 Lakhs in Pune 2027–29: Fees & Placements","MBA Colleges under 5 Lakhs in Pune","873","Online Degrees","2026-06-05","Standard Post (873 words)","Retain URL & Optimize in Batches (AEO Snippets, Title, Meta, Schema, FAQs, Fact Verification)","https://careerwithmohit.online/blog/mba-colleges-under-5-lakhs-in-pune-2027-29"
"https://careerwithmohit.online/blog/mba-colleges-under-5-lakhs-in-raipur-2027-29","Top MBA Colleges Under 5 Lakhs in Raipur 2027–29: Fees & Placements","MBA Colleges under 5 Lakhs in Raipur","935","Online Degrees","2026-06-05","Standard Post (935 words)","Retain URL & Optimize in Batches (AEO Snippets, Title, Meta, Schema, FAQs, Fact Verification)","https://careerwithmohit.online/blog/mba-colleges-under-5-lakhs-in-raipur-2027-29"
"https://careerwithmohit.online/blog/mba-colleges-under-5-lakhs-in-rajkot-2027-29","Top MBA Colleges Under 5 Lakhs in Rajkot 2027–29: Fees & Placements","MBA Colleges under 5 Lakhs in Rajkot","976","Online Degrees","2026-06-05","Standard Post (976 words)","Retain URL & Optimize in Batches (AEO Snippets, Title, Meta, Schema, FAQs, Fact Verification)","https://careerwithmohit.online/blog/mba-colleges-under-5-lakhs-in-rajkot-2027-29"
"https://careerwithmohit.online/blog/mba-colleges-under-5-lakhs-in-ranchi-2027-29","Top MBA Colleges Under 5 Lakhs in Ranchi 2027–29: Fees & Placements","MBA Colleges under 5 Lakhs in Ranchi","976","Online Degrees","2026-06-05","Standard Post (976 words)","Retain URL & Optimize in Batches (AEO Snippets, Title, Meta, Schema, FAQs, Fact Verification)","https://careerwithmohit.online/blog/mba-colleges-under-5-lakhs-in-ranchi-2027-29"
"https://careerwithmohit.online/blog/mba-colleges-under-5-lakhs-in-rohtak-2027-29","Top MBA Colleges Under 5 Lakhs in Rohtak 2027–29: Fees & Placements","MBA Colleges under 5 Lakhs in Rohtak","976","Online Degrees","2026-06-05","Standard Post (976 words)","Retain URL & Optimize in Batches (AEO Snippets, Title, Meta, Schema, FAQs, Fact Verification)","https://careerwithmohit.online/blog/mba-colleges-under-5-lakhs-in-rohtak-2027-29"
"https://careerwithmohit.online/blog/mba-colleges-under-5-lakhs-in-rourkela-2027-29","Top MBA Colleges Under 5 Lakhs in Rourkela 2027–29: Fees & Placements","MBA Colleges under 5 Lakhs in Rourkela","976","Online Degrees","2026-06-05","Standard Post (976 words)","Retain URL & Optimize in Batches (AEO Snippets, Title, Meta, Schema, FAQs, Fact Verification)","https://careerwithmohit.online/blog/mba-colleges-under-5-lakhs-in-rourkela-2027-29"
"https://careerwithmohit.online/blog/mba-colleges-under-5-lakhs-in-saharanpur-2027-29","Top MBA Colleges Under 5 Lakhs in Saharanpur 2027–29: Fees & Placements","MBA Colleges under 5 Lakhs in Saharanpur","976","Online Degrees","2026-06-05","Standard Post (976 words)","Retain URL & Optimize in Batches (AEO Snippets, Title, Meta, Schema, FAQs, Fact Verification)","https://careerwithmohit.online/blog/mba-colleges-under-5-lakhs-in-saharanpur-2027-29"
"https://careerwithmohit.online/blog/mba-colleges-under-5-lakhs-in-salem-2027-29","Top MBA Colleges Under 5 Lakhs in Salem 2027–29: Fees & Placements","MBA Colleges under 5 Lakhs in Salem","976","Online Degrees","2026-06-05","Standard Post (976 words)","Retain URL & Optimize in Batches (AEO Snippets, Title, Meta, Schema, FAQs, Fact Verification)","https://careerwithmohit.online/blog/mba-colleges-under-5-lakhs-in-salem-2027-29"
"https://careerwithmohit.online/blog/mba-colleges-under-5-lakhs-in-sambalpur-2027-29","Top MBA Colleges Under 5 Lakhs in Sambalpur 2027–29: Fees & Placements","MBA Colleges under 5 Lakhs in Sambalpur","976","Online Degrees","2026-06-05","Standard Post (976 words)","Retain URL & Optimize in Batches (AEO Snippets, Title, Meta, Schema, FAQs, Fact Verification)","https://careerwithmohit.online/blog/mba-colleges-under-5-lakhs-in-sambalpur-2027-29"
"https://careerwithmohit.online/blog/mba-colleges-under-5-lakhs-in-shillong-2027-29","Top MBA Colleges Under 5 Lakhs in Shillong 2027–29: Fees & Placements","MBA Colleges under 5 Lakhs in Shillong","976","Online Degrees","2026-06-05","Standard Post (976 words)","Retain URL & Optimize in Batches (AEO Snippets, Title, Meta, Schema, FAQs, Fact Verification)","https://careerwithmohit.online/blog/mba-colleges-under-5-lakhs-in-shillong-2027-29"
"https://careerwithmohit.online/blog/mba-colleges-under-5-lakhs-in-shimla-2027-29","Top MBA Colleges Under 5 Lakhs in Shimla 2027–29: Fees & Placements","MBA Colleges under 5 Lakhs in Shimla","976","Online Degrees","2026-06-05","Standard Post (976 words)","Retain URL & Optimize in Batches (AEO Snippets, Title, Meta, Schema, FAQs, Fact Verification)","https://careerwithmohit.online/blog/mba-colleges-under-5-lakhs-in-shimla-2027-29"
"https://careerwithmohit.online/blog/mba-colleges-under-5-lakhs-in-sikar-2027-29","Top MBA Colleges Under 5 Lakhs in Sikar 2027–29: Fees & Placements","MBA Colleges under 5 Lakhs in Sikar","976","Online Degrees","2026-06-05","Standard Post (976 words)","Retain URL & Optimize in Batches (AEO Snippets, Title, Meta, Schema, FAQs, Fact Verification)","https://careerwithmohit.online/blog/mba-colleges-under-5-lakhs-in-sikar-2027-29"
"https://careerwithmohit.online/blog/mba-colleges-under-5-lakhs-in-solan-2027-29","Top MBA Colleges Under 5 Lakhs in Solan 2027–29: Fees & Placements","MBA Colleges under 5 Lakhs in Solan","976","Online Degrees","2026-06-05","Standard Post (976 words)","Retain URL & Optimize in Batches (AEO Snippets, Title, Meta, Schema, FAQs, Fact Verification)","https://careerwithmohit.online/blog/mba-colleges-under-5-lakhs-in-solan-2027-29"
"https://careerwithmohit.online/blog/mba-colleges-under-5-lakhs-in-sonipat-2027-29","Top MBA Colleges Under 5 Lakhs in Sonipat 2027–29: Fees & Placements","MBA Colleges under 5 Lakhs in Sonipat","976","Online Degrees","2026-06-05","Standard Post (976 words)","Retain URL & Optimize in Batches (AEO Snippets, Title, Meta, Schema, FAQs, Fact Verification)","https://careerwithmohit.online/blog/mba-colleges-under-5-lakhs-in-sonipat-2027-29"
"https://careerwithmohit.online/blog/mba-colleges-under-5-lakhs-in-srinagar-2027-29","Top MBA Colleges Under 5 Lakhs in Srinagar 2027–29: Fees & Placements","MBA Colleges under 5 Lakhs in Srinagar","976","Online Degrees","2026-06-05","Standard Post (976 words)","Retain URL & Optimize in Batches (AEO Snippets, Title, Meta, Schema, FAQs, Fact Verification)","https://careerwithmohit.online/blog/mba-colleges-under-5-lakhs-in-srinagar-2027-29"
"https://careerwithmohit.online/blog/mba-colleges-under-5-lakhs-in-surat-2027-29","Top MBA Colleges Under 5 Lakhs in Surat 2027–29: Fees & Placements","MBA Colleges under 5 Lakhs in Surat","935","Online Degrees","2026-06-05","Standard Post (935 words)","Retain URL & Optimize in Batches (AEO Snippets, Title, Meta, Schema, FAQs, Fact Verification)","https://careerwithmohit.online/blog/mba-colleges-under-5-lakhs-in-surat-2027-29"
"https://careerwithmohit.online/blog/mba-colleges-under-5-lakhs-in-thiruvananthapuram-2027-29","Top MBA Colleges Under 5 Lakhs in Thiruvananthapuram 2027–29: Fees & Placements","MBA Colleges under 5 Lakhs in Thiruvananthapuram","976","Online Degrees","2026-06-05","Standard Post (976 words)","Retain URL & Optimize in Batches (AEO Snippets, Title, Meta, Schema, FAQs, Fact Verification)","https://careerwithmohit.online/blog/mba-colleges-under-5-lakhs-in-thiruvananthapuram-2027-29"
"https://careerwithmohit.online/blog/mba-colleges-under-5-lakhs-in-thrissur-2027-29","Top MBA Colleges Under 5 Lakhs in Thrissur 2027–29: Fees & Placements","MBA Colleges under 5 Lakhs in Thrissur","976","Online Degrees","2026-06-05","Standard Post (976 words)","Retain URL & Optimize in Batches (AEO Snippets, Title, Meta, Schema, FAQs, Fact Verification)","https://careerwithmohit.online/blog/mba-colleges-under-5-lakhs-in-thrissur-2027-29"
"https://careerwithmohit.online/blog/mba-colleges-under-5-lakhs-in-tirupati-2027-29","Top MBA Colleges Under 5 Lakhs in Tirupati 2027–29: Fees & Placements","MBA Colleges under 5 Lakhs in Tirupati","976","Online Degrees","2026-06-05","Standard Post (976 words)","Retain URL & Optimize in Batches (AEO Snippets, Title, Meta, Schema, FAQs, Fact Verification)","https://careerwithmohit.online/blog/mba-colleges-under-5-lakhs-in-tirupati-2027-29"
"https://careerwithmohit.online/blog/mba-colleges-under-5-lakhs-in-trichy-2027-29","Top MBA Colleges Under 5 Lakhs in Trichy 2027–29: Fees & Placements","MBA Colleges under 5 Lakhs in Trichy","976","Online Degrees","2026-06-05","Standard Post (976 words)","Retain URL & Optimize in Batches (AEO Snippets, Title, Meta, Schema, FAQs, Fact Verification)","https://careerwithmohit.online/blog/mba-colleges-under-5-lakhs-in-trichy-2027-29"
"https://careerwithmohit.online/blog/mba-colleges-under-5-lakhs-in-udaipur-2027-29","Top MBA Colleges Under 5 Lakhs in Udaipur 2027–29: Fees & Placements","MBA Colleges under 5 Lakhs in Udaipur","935","Online Degrees","2026-06-05","Standard Post (935 words)","Retain URL & Optimize in Batches (AEO Snippets, Title, Meta, Schema, FAQs, Fact Verification)","https://careerwithmohit.online/blog/mba-colleges-under-5-lakhs-in-udaipur-2027-29"
"https://careerwithmohit.online/blog/mba-colleges-under-5-lakhs-in-ujjain-2027-29","Top MBA Colleges Under 5 Lakhs in Ujjain 2027–29: Fees & Placements","MBA Colleges under 5 Lakhs in Ujjain","976","Online Degrees","2026-06-05","Standard Post (976 words)","Retain URL & Optimize in Batches (AEO Snippets, Title, Meta, Schema, FAQs, Fact Verification)","https://careerwithmohit.online/blog/mba-colleges-under-5-lakhs-in-ujjain-2027-29"
"https://careerwithmohit.online/blog/mba-colleges-under-5-lakhs-in-vadodara-2027-29","Top MBA Colleges Under 5 Lakhs in Vadodara 2027–29: Fees & Placements","MBA Colleges under 5 Lakhs in Vadodara","935","Online Degrees","2026-06-05","Standard Post (935 words)","Retain URL & Optimize in Batches (AEO Snippets, Title, Meta, Schema, FAQs, Fact Verification)","https://careerwithmohit.online/blog/mba-colleges-under-5-lakhs-in-vadodara-2027-29"
"https://careerwithmohit.online/blog/mba-colleges-under-5-lakhs-in-varanasi-2027-29","Top MBA Colleges Under 5 Lakhs in Varanasi 2027–29: Fees & Placements","MBA Colleges under 5 Lakhs in Varanasi","976","Online Degrees","2026-06-05","Standard Post (976 words)","Retain URL & Optimize in Batches (AEO Snippets, Title, Meta, Schema, FAQs, Fact Verification)","https://careerwithmohit.online/blog/mba-colleges-under-5-lakhs-in-varanasi-2027-29"
"https://careerwithmohit.online/blog/mba-colleges-under-5-lakhs-in-vijayawada-2027-29","Top MBA Colleges Under 5 Lakhs in Vijayawada 2027–29: Fees & Placements","MBA Colleges under 5 Lakhs in Vijayawada","976","Online Degrees","2026-06-05","Standard Post (976 words)","Retain URL & Optimize in Batches (AEO Snippets, Title, Meta, Schema, FAQs, Fact Verification)","https://careerwithmohit.online/blog/mba-colleges-under-5-lakhs-in-vijayawada-2027-29"
"https://careerwithmohit.online/blog/mba-colleges-under-5-lakhs-in-visakhapatnam-2027-29","Top MBA Colleges Under 5 Lakhs in Visakhapatnam 2027–29: Fees & Placements","MBA Colleges under 5 Lakhs in Visakhapatnam","976","Online Degrees","2026-06-05","Standard Post (976 words)","Retain URL & Optimize in Batches (AEO Snippets, Title, Meta, Schema, FAQs, Fact Verification)","https://careerwithmohit.online/blog/mba-colleges-under-5-lakhs-in-visakhapatnam-2027-29"
"https://careerwithmohit.online/blog/mba-colleges-under-5-lakhs-in-warangal-2027-29","Top MBA Colleges Under 5 Lakhs in Warangal 2027–29: Fees & Placements","MBA Colleges under 5 Lakhs in Warangal","976","Online Degrees","2026-06-05","Standard Post (976 words)","Retain URL & Optimize in Batches (AEO Snippets, Title, Meta, Schema, FAQs, Fact Verification)","https://careerwithmohit.online/blog/mba-colleges-under-5-lakhs-in-warangal-2027-29"
"https://careerwithmohit.online/blog/mba-digital-marketing-colleges-in-bangalore-2027-29","Top MBA Digital Marketing Colleges in Bangalore 2027–29 — Placements & Fees","top mba digital marketing colleges in bangalore 2027–29","865","Jobs & Careers","2026-07-17","Standard Post (865 words)","Retain URL & Optimize in Batches (AEO Snippets, Title, Meta, Schema, FAQs, Fact Verification)","https://careerwithmohit.online/blog/mba-digital-marketing-colleges-in-bangalore-2027-29"
"https://careerwithmohit.online/blog/mba-digital-marketing-colleges-in-chandigarh-2027-29","Top MBA Digital Marketing Colleges in Chandigarh 2027–29 — Placements & Fees","top mba digital marketing colleges in chandigarh 2027–29","758","Jobs & Careers","2026-07-17","Standard Post (758 words)","Retain URL & Optimize in Batches (AEO Snippets, Title, Meta, Schema, FAQs, Fact Verification)","https://careerwithmohit.online/blog/mba-digital-marketing-colleges-in-chandigarh-2027-29"
"https://careerwithmohit.online/blog/mba-digital-marketing-colleges-in-chennai-2027-29","Top MBA Digital Marketing Colleges in Chennai 2027–29 — Placements & Fees","top mba digital marketing colleges in chennai 2027–29","832","Jobs & Careers","2026-07-17","Standard Post (832 words)","Retain URL & Optimize in Batches (AEO Snippets, Title, Meta, Schema, FAQs, Fact Verification)","https://careerwithmohit.online/blog/mba-digital-marketing-colleges-in-chennai-2027-29"
"https://careerwithmohit.online/blog/mba-digital-marketing-colleges-in-dehradun-2027-29","Top MBA Digital Marketing Colleges in Dehradun 2027–29 — Placements & Fees","top mba digital marketing colleges in dehradun 2027–29","749","Exams","2026-07-17","Standard Post (749 words)","Retain URL & Optimize in Batches (AEO Snippets, Title, Meta, Schema, FAQs, Fact Verification)","https://careerwithmohit.online/blog/mba-digital-marketing-colleges-in-dehradun-2027-29"
"https://careerwithmohit.online/blog/mba-digital-marketing-colleges-in-delhi-ncr-2027-29","Top MBA Digital Marketing Colleges in Delhi NCR 2027–29 — Placements & Fees","top mba digital marketing colleges in delhi ncr 2027–29","914","Jobs & Careers","2026-07-17","Standard Post (914 words)","Retain URL & Optimize in Batches (AEO Snippets, Title, Meta, Schema, FAQs, Fact Verification)","https://careerwithmohit.online/blog/mba-digital-marketing-colleges-in-delhi-ncr-2027-29"
"https://careerwithmohit.online/blog/mba-digital-marketing-colleges-in-ghaziabad-2027-29","Top MBA Digital Marketing Colleges in Ghaziabad 2027–29 — Placements & Fees","top mba digital marketing colleges in ghaziabad 2027–29","726","Jobs & Careers","2026-07-17","Standard Post (726 words)","Retain URL & Optimize in Batches (AEO Snippets, Title, Meta, Schema, FAQs, Fact Verification)","https://careerwithmohit.online/blog/mba-digital-marketing-colleges-in-ghaziabad-2027-29"
"https://careerwithmohit.online/blog/mba-digital-marketing-colleges-in-greater-noida-2027-29","Top MBA Digital Marketing Colleges in Greater Noida 2027–29 — Placements & Fees","top mba digital marketing colleges in greater noida 2027–29","792","Jobs & Careers","2026-07-17","Standard Post (792 words)","Retain URL & Optimize in Batches (AEO Snippets, Title, Meta, Schema, FAQs, Fact Verification)","https://careerwithmohit.online/blog/mba-digital-marketing-colleges-in-greater-noida-2027-29"
"https://careerwithmohit.online/blog/mba-digital-marketing-colleges-in-gurgaon-2027-29","Top MBA Digital Marketing Colleges in Gurgaon 2027–29 — Placements & Fees","top mba digital marketing colleges in gurgaon 2027–29","794","Jobs & Careers","2026-07-17","Standard Post (794 words)","Retain URL & Optimize in Batches (AEO Snippets, Title, Meta, Schema, FAQs, Fact Verification)","https://careerwithmohit.online/blog/mba-digital-marketing-colleges-in-gurgaon-2027-29"
"https://careerwithmohit.online/blog/mba-digital-marketing-colleges-in-jaipur-2027-29","Top MBA Digital Marketing Colleges in Jaipur 2027–29 — Placements & Fees","top mba digital marketing colleges in jaipur 2027–29","805","Exams","2026-07-17","Standard Post (805 words)","Retain URL & Optimize in Batches (AEO Snippets, Title, Meta, Schema, FAQs, Fact Verification)","https://careerwithmohit.online/blog/mba-digital-marketing-colleges-in-jaipur-2027-29"
"https://careerwithmohit.online/blog/mba-digital-marketing-colleges-in-kolkata-2027-29","Top MBA Digital Marketing Colleges in Kolkata 2027–29 — Placements & Fees","top mba digital marketing colleges in kolkata 2027–29","767","Jobs & Careers","2026-07-17","Standard Post (767 words)","Retain URL & Optimize in Batches (AEO Snippets, Title, Meta, Schema, FAQs, Fact Verification)","https://careerwithmohit.online/blog/mba-digital-marketing-colleges-in-kolkata-2027-29"
"https://careerwithmohit.online/blog/mba-digital-marketing-colleges-in-mumbai-2027-29","Top MBA Digital Marketing Colleges in Mumbai 2027–29 — Placements & Fees","top mba digital marketing colleges in mumbai 2027–29","782","Jobs & Careers","2026-07-17","Standard Post (782 words)","Retain URL & Optimize in Batches (AEO Snippets, Title, Meta, Schema, FAQs, Fact Verification)","https://careerwithmohit.online/blog/mba-digital-marketing-colleges-in-mumbai-2027-29"
"https://careerwithmohit.online/blog/mba-digital-marketing-colleges-in-noida-2027-29","Top MBA Digital Marketing Colleges in Noida 2027–29 — Placements & Fees","top mba digital marketing colleges in noida 2027–29","746","Exams","2026-07-17","Standard Post (746 words)","Retain URL & Optimize in Batches (AEO Snippets, Title, Meta, Schema, FAQs, Fact Verification)","https://careerwithmohit.online/blog/mba-digital-marketing-colleges-in-noida-2027-29"
"https://careerwithmohit.online/blog/mba-digital-marketing-colleges-in-pune-2027-29","Top MBA Digital Marketing Colleges in Pune 2027–29 — Placements & Fees","top mba digital marketing colleges in pune 2027–29","847","Jobs & Careers","2026-07-17","Standard Post (847 words)","Retain URL & Optimize in Batches (AEO Snippets, Title, Meta, Schema, FAQs, Fact Verification)","https://careerwithmohit.online/blog/mba-digital-marketing-colleges-in-pune-2027-29"
"https://careerwithmohit.online/blog/mba-digital-marketing-direct-admission-colleges-2027-29","MBA in Digital Marketing 2027–29: Direct Admission Colleges, Fees, and Locations","MBA in digital marketing direct admission 2027–29","792","Jobs & Careers","2026-03-27","Standard Post (792 words)","Retain URL & Optimize in Batches (AEO Snippets, Title, Meta, Schema, FAQs, Fact Verification)","https://careerwithmohit.online/blog/mba-digital-marketing-direct-admission-colleges-2027-29"
"https://careerwithmohit.online/blog/mba-distance-education-2026-top-universities-fees-admission","MBA Distance Education 2027–29 – Top Universities, Fees, Eligibility & Admission Guide","MBA distance education 2027–29","2262","Online Degrees","2026-04-25","Standard Post (2262 words)","Retain URL & Optimize in Batches (AEO Snippets, Title, Meta, Schema, FAQs, Fact Verification)","https://careerwithmohit.online/blog/mba-distance-education-2026-top-universities-fees-admission"
"https://careerwithmohit.online/blog/mba-entrance-exam-dates-2027-29","MBA Entrance Exam Dates 2027–29: CAT, XAT, SNAP, NMAT, CMAT & IIFT Schedule","MBA admission 2027–2029","861","Exams","2026-05-22","Standard Post (861 words)","Retain URL & Optimize in Batches (AEO Snippets, Title, Meta, Schema, FAQs, Fact Verification)","https://careerwithmohit.online/blog/mba-entrance-exam-dates-2027-29"
"https://careerwithmohit.online/blog/mba-entrance-exams-2026-fees-difficulty-conducting-body","MBA Entrance Exams 2027–29: Cost, Difficulty, and Conducting Bodies","MBA entrance exams 2027–29 India","739","Exams","2026-03-25","Standard Post (739 words)","Retain URL & Optimize in Batches (AEO Snippets, Title, Meta, Schema, FAQs, Fact Verification)","https://careerwithmohit.online/blog/mba-entrance-exams-2026-fees-difficulty-conducting-body"
"https://careerwithmohit.online/blog/mba-finance-colleges-in-bangalore-2027-29","Top MBA Finance Colleges in Bangalore 2027–29 — Placements & Fees","top mba finance colleges in bangalore 2027–29","870","Exams","2026-07-16","Standard Post (870 words)","Retain URL & Optimize in Batches (AEO Snippets, Title, Meta, Schema, FAQs, Fact Verification)","https://careerwithmohit.online/blog/mba-finance-colleges-in-bangalore-2027-29"
"https://careerwithmohit.online/blog/mba-finance-colleges-in-chandigarh-2027-29","Top MBA Finance Colleges in Chandigarh 2027–29 — Placements & Fees","top mba finance colleges in chandigarh 2027–29","742","Exams","2026-07-16","Standard Post (742 words)","Retain URL & Optimize in Batches (AEO Snippets, Title, Meta, Schema, FAQs, Fact Verification)","https://careerwithmohit.online/blog/mba-finance-colleges-in-chandigarh-2027-29"
"https://careerwithmohit.online/blog/mba-finance-colleges-in-chennai-2027-29","Top MBA Finance Colleges in Chennai 2027–29 — Placements & Fees","top mba finance colleges in chennai 2027–29","812","Exams","2026-07-16","Standard Post (812 words)","Retain URL & Optimize in Batches (AEO Snippets, Title, Meta, Schema, FAQs, Fact Verification)","https://careerwithmohit.online/blog/mba-finance-colleges-in-chennai-2027-29"
"https://careerwithmohit.online/blog/mba-finance-colleges-in-dehradun-2027-29","Top MBA Finance Colleges in Dehradun 2027–29 — Placements & Fees","top mba finance colleges in dehradun 2027–29","744","Exams","2026-07-16","Standard Post (744 words)","Retain URL & Optimize in Batches (AEO Snippets, Title, Meta, Schema, FAQs, Fact Verification)","https://careerwithmohit.online/blog/mba-finance-colleges-in-dehradun-2027-29"
"https://careerwithmohit.online/blog/mba-finance-colleges-in-delhi-ncr-2027-29","Top MBA Finance Colleges in Delhi NCR 2027–29 — Placements & Fees","top mba finance colleges in delhi ncr 2027–29","882","Exams","2026-07-16","Standard Post (882 words)","Retain URL & Optimize in Batches (AEO Snippets, Title, Meta, Schema, FAQs, Fact Verification)","https://careerwithmohit.online/blog/mba-finance-colleges-in-delhi-ncr-2027-29"
"https://careerwithmohit.online/blog/mba-finance-colleges-in-ghaziabad-2027-29","Top MBA Finance Colleges in Ghaziabad 2027–29 — Placements & Fees","top mba finance colleges in ghaziabad 2027–29","745","Exams","2026-07-16","Standard Post (745 words)","Retain URL & Optimize in Batches (AEO Snippets, Title, Meta, Schema, FAQs, Fact Verification)","https://careerwithmohit.online/blog/mba-finance-colleges-in-ghaziabad-2027-29"
"https://careerwithmohit.online/blog/mba-finance-colleges-in-greater-noida-2027-29","Top MBA Finance Colleges in Greater Noida 2027–29 — Placements & Fees","top mba finance colleges in greater noida 2027–29","762","Exams","2026-07-16","Standard Post (762 words)","Retain URL & Optimize in Batches (AEO Snippets, Title, Meta, Schema, FAQs, Fact Verification)","https://careerwithmohit.online/blog/mba-finance-colleges-in-greater-noida-2027-29"
"https://careerwithmohit.online/blog/mba-finance-colleges-in-gurgaon-2027-29","Top MBA Finance Colleges in Gurgaon 2027–29 — Placements & Fees","top mba finance colleges in gurgaon 2027–29","766","Exams","2026-07-16","Standard Post (766 words)","Retain URL & Optimize in Batches (AEO Snippets, Title, Meta, Schema, FAQs, Fact Verification)","https://careerwithmohit.online/blog/mba-finance-colleges-in-gurgaon-2027-29"
"https://careerwithmohit.online/blog/mba-finance-colleges-in-jaipur-2027-29","Top MBA Finance Colleges in Jaipur 2027–29 — Placements & Fees","top mba finance colleges in jaipur 2027–29","783","Exams","2026-07-16","Standard Post (783 words)","Retain URL & Optimize in Batches (AEO Snippets, Title, Meta, Schema, FAQs, Fact Verification)","https://careerwithmohit.online/blog/mba-finance-colleges-in-jaipur-2027-29"
"https://careerwithmohit.online/blog/mba-finance-colleges-in-kolkata-2027-29","Top MBA Finance Colleges in Kolkata 2027–29 — Placements & Fees","top mba finance colleges in kolkata 2027–29","767","Exams","2026-07-16","Standard Post (767 words)","Retain URL & Optimize in Batches (AEO Snippets, Title, Meta, Schema, FAQs, Fact Verification)","https://careerwithmohit.online/blog/mba-finance-colleges-in-kolkata-2027-29"
"https://careerwithmohit.online/blog/mba-finance-colleges-in-mumbai-2027-29","Top MBA Finance Colleges in Mumbai 2027–29 — Placements & Fees","top mba finance colleges in mumbai 2027–29","860","Exams","2026-07-16","Standard Post (860 words)","Retain URL & Optimize in Batches (AEO Snippets, Title, Meta, Schema, FAQs, Fact Verification)","https://careerwithmohit.online/blog/mba-finance-colleges-in-mumbai-2027-29"
"https://careerwithmohit.online/blog/mba-finance-colleges-in-noida-2027-29","Top MBA Finance Colleges in Noida 2027–29 — Placements & Fees","top mba finance colleges in noida 2027–29","715","Exams","2026-07-16","Standard Post (715 words)","Retain URL & Optimize in Batches (AEO Snippets, Title, Meta, Schema, FAQs, Fact Verification)","https://careerwithmohit.online/blog/mba-finance-colleges-in-noida-2027-29"
"https://careerwithmohit.online/blog/mba-finance-colleges-in-pune-2027-29","Top MBA Finance Colleges in Pune 2027–29 — Placements & Fees","top mba finance colleges in pune 2027–29","924","Exams","2026-07-16","Standard Post (924 words)","Retain URL & Optimize in Batches (AEO Snippets, Title, Meta, Schema, FAQs, Fact Verification)","https://careerwithmohit.online/blog/mba-finance-colleges-in-pune-2027-29"
"https://careerwithmohit.online/blog/mba-finance-vs-fintech-comparison-2027-29","MBA in Finance vs. MBA in FinTech: Which is Best for Your Career in 2027–29?","mba in finance vs mba in fintech","1177","Exams","2026-06-13","Standard Post (1177 words)","Retain URL & Optimize in Batches (AEO Snippets, Title, Meta, Schema, FAQs, Fact Verification)","https://careerwithmohit.online/blog/mba-finance-vs-fintech-comparison-2027-29"
"https://careerwithmohit.online/blog/mba-finance-with-business-analytics-scope-2027-29","MBA in Finance with Business Analytics: Importance, Scope, and Careers in 2027–29","mba in finance with business analytics","1283","MBA","2026-06-17","Standard Post (1283 words)","Retain URL & Optimize in Batches (AEO Snippets, Title, Meta, Schema, FAQs, Fact Verification)","https://careerwithmohit.online/blog/mba-finance-with-business-analytics-scope-2027-29"
"https://careerwithmohit.online/blog/mba-fintech-colleges-in-bangalore-2027-29","Top MBA FinTech Colleges in Bangalore 2027–29 — Placements & Fees","top mba fintech colleges in bangalore 2027–29","863","Exams","2026-07-17","Standard Post (863 words)","Retain URL & Optimize in Batches (AEO Snippets, Title, Meta, Schema, FAQs, Fact Verification)","https://careerwithmohit.online/blog/mba-fintech-colleges-in-bangalore-2027-29"
"https://careerwithmohit.online/blog/mba-fintech-colleges-in-chandigarh-2027-29","Top MBA FinTech Colleges in Chandigarh 2027–29 — Placements & Fees","top mba fintech colleges in chandigarh 2027–29","754","Exams","2026-07-17","Standard Post (754 words)","Retain URL & Optimize in Batches (AEO Snippets, Title, Meta, Schema, FAQs, Fact Verification)","https://careerwithmohit.online/blog/mba-fintech-colleges-in-chandigarh-2027-29"
"https://careerwithmohit.online/blog/mba-fintech-colleges-in-chennai-2027-29","Top MBA FinTech Colleges in Chennai 2027–29 — Placements & Fees","top mba fintech colleges in chennai 2027–29","834","Exams","2026-07-17","Standard Post (834 words)","Retain URL & Optimize in Batches (AEO Snippets, Title, Meta, Schema, FAQs, Fact Verification)","https://careerwithmohit.online/blog/mba-fintech-colleges-in-chennai-2027-29"
"https://careerwithmohit.online/blog/mba-fintech-colleges-in-dehradun-2027-29","Top MBA FinTech Colleges in Dehradun 2027–29 — Placements & Fees","top mba fintech colleges in dehradun 2027–29","757","Exams","2026-07-17","Standard Post (757 words)","Retain URL & Optimize in Batches (AEO Snippets, Title, Meta, Schema, FAQs, Fact Verification)","https://careerwithmohit.online/blog/mba-fintech-colleges-in-dehradun-2027-29"
"https://careerwithmohit.online/blog/mba-fintech-colleges-in-delhi-ncr-2027-29","Top MBA FinTech Colleges in Delhi NCR 2027–29 — Placements & Fees","top mba fintech colleges in delhi ncr 2027–29","907","Exams","2026-07-17","Standard Post (907 words)","Retain URL & Optimize in Batches (AEO Snippets, Title, Meta, Schema, FAQs, Fact Verification)","https://careerwithmohit.online/blog/mba-fintech-colleges-in-delhi-ncr-2027-29"
"https://careerwithmohit.online/blog/mba-fintech-colleges-in-ghaziabad-2027-29","Top MBA FinTech Colleges in Ghaziabad 2027–29 — Placements & Fees","top mba fintech colleges in ghaziabad 2027–29","726","Exams","2026-07-17","Standard Post (726 words)","Retain URL & Optimize in Batches (AEO Snippets, Title, Meta, Schema, FAQs, Fact Verification)","https://careerwithmohit.online/blog/mba-fintech-colleges-in-ghaziabad-2027-29"
"https://careerwithmohit.online/blog/mba-fintech-colleges-in-greater-noida-2027-29","Top MBA FinTech Colleges in Greater Noida 2027–29 — Placements & Fees","top mba fintech colleges in greater noida 2027–29","796","Exams","2026-07-17","Standard Post (796 words)","Retain URL & Optimize in Batches (AEO Snippets, Title, Meta, Schema, FAQs, Fact Verification)","https://careerwithmohit.online/blog/mba-fintech-colleges-in-greater-noida-2027-29"
"https://careerwithmohit.online/blog/mba-fintech-colleges-in-gurgaon-2027-29","Top MBA FinTech Colleges in Gurgaon 2027–29 — Placements & Fees","top mba fintech colleges in gurgaon 2027–29","786","Exams","2026-07-17","Standard Post (786 words)","Retain URL & Optimize in Batches (AEO Snippets, Title, Meta, Schema, FAQs, Fact Verification)","https://careerwithmohit.online/blog/mba-fintech-colleges-in-gurgaon-2027-29"
"https://careerwithmohit.online/blog/mba-fintech-colleges-in-jaipur-2027-29","Top MBA FinTech Colleges in Jaipur 2027–29 — Placements & Fees","top mba fintech colleges in jaipur 2027–29","808","Exams","2026-07-17","Standard Post (808 words)","Retain URL & Optimize in Batches (AEO Snippets, Title, Meta, Schema, FAQs, Fact Verification)","https://careerwithmohit.online/blog/mba-fintech-colleges-in-jaipur-2027-29"
"https://careerwithmohit.online/blog/mba-fintech-colleges-in-kolkata-2027-29","Top MBA FinTech Colleges in Kolkata 2027–29 — Placements & Fees","top mba fintech colleges in kolkata 2027–29","768","Exams","2026-07-17","Standard Post (768 words)","Retain URL & Optimize in Batches (AEO Snippets, Title, Meta, Schema, FAQs, Fact Verification)","https://careerwithmohit.online/blog/mba-fintech-colleges-in-kolkata-2027-29"
"https://careerwithmohit.online/blog/mba-fintech-colleges-in-mumbai-2027-29","Top MBA FinTech Colleges in Mumbai 2027–29 — Placements & Fees","top mba fintech colleges in mumbai 2027–29","781","Exams","2026-07-17","Standard Post (781 words)","Retain URL & Optimize in Batches (AEO Snippets, Title, Meta, Schema, FAQs, Fact Verification)","https://careerwithmohit.online/blog/mba-fintech-colleges-in-mumbai-2027-29"
"https://careerwithmohit.online/blog/mba-fintech-colleges-in-noida-2027-29","Top MBA FinTech Colleges in Noida 2027–29 — Placements & Fees","top mba fintech colleges in noida 2027–29","745","Exams","2026-07-17","Standard Post (745 words)","Retain URL & Optimize in Batches (AEO Snippets, Title, Meta, Schema, FAQs, Fact Verification)","https://careerwithmohit.online/blog/mba-fintech-colleges-in-noida-2027-29"
"https://careerwithmohit.online/blog/mba-fintech-colleges-in-pune-2027-29","Top MBA FinTech Colleges in Pune 2027–29 — Placements & Fees","top mba fintech colleges in pune 2027–29","851","Exams","2026-07-17","Standard Post (851 words)","Retain URL & Optimize in Batches (AEO Snippets, Title, Meta, Schema, FAQs, Fact Verification)","https://careerwithmohit.online/blog/mba-fintech-colleges-in-pune-2027-29"
"https://careerwithmohit.online/blog/mba-hr-colleges-in-bangalore-2027-29","Top MBA HR Colleges in Bangalore 2027–29 — Placements & Fees","top mba hr colleges in bangalore 2027–29","933","Exams","2026-07-17","Standard Post (933 words)","Retain URL & Optimize in Batches (AEO Snippets, Title, Meta, Schema, FAQs, Fact Verification)","https://careerwithmohit.online/blog/mba-hr-colleges-in-bangalore-2027-29"
"https://careerwithmohit.online/blog/mba-hr-colleges-in-chandigarh-2027-29","Top MBA HR Colleges in Chandigarh 2027–29 — Placements & Fees","top mba hr colleges in chandigarh 2027–29","771","Exams","2026-07-17","Standard Post (771 words)","Retain URL & Optimize in Batches (AEO Snippets, Title, Meta, Schema, FAQs, Fact Verification)","https://careerwithmohit.online/blog/mba-hr-colleges-in-chandigarh-2027-29"
"https://careerwithmohit.online/blog/mba-hr-colleges-in-chennai-2027-29","Top MBA HR Colleges in Chennai 2027–29 — Placements & Fees","top mba hr colleges in chennai 2027–29","933","Exams","2026-07-17","Standard Post (933 words)","Retain URL & Optimize in Batches (AEO Snippets, Title, Meta, Schema, FAQs, Fact Verification)","https://careerwithmohit.online/blog/mba-hr-colleges-in-chennai-2027-29"
"https://careerwithmohit.online/blog/mba-hr-colleges-in-dehradun-2027-29","Top MBA HR Colleges in Dehradun 2027–29 — Placements & Fees","top mba hr colleges in dehradun 2027–29","774","Exams","2026-07-17","Standard Post (774 words)","Retain URL & Optimize in Batches (AEO Snippets, Title, Meta, Schema, FAQs, Fact Verification)","https://careerwithmohit.online/blog/mba-hr-colleges-in-dehradun-2027-29"
"https://careerwithmohit.online/blog/mba-hr-colleges-in-delhi-ncr-2027-29","Top MBA HR Colleges in Delhi NCR 2027–29 — Placements & Fees","top mba hr colleges in delhi ncr 2027–29","945","Exams","2026-07-17","Standard Post (945 words)","Retain URL & Optimize in Batches (AEO Snippets, Title, Meta, Schema, FAQs, Fact Verification)","https://careerwithmohit.online/blog/mba-hr-colleges-in-delhi-ncr-2027-29"
"https://careerwithmohit.online/blog/mba-hr-colleges-in-ghaziabad-2027-29","Top MBA HR Colleges in Ghaziabad 2027–29 — Placements & Fees","top mba hr colleges in ghaziabad 2027–29","787","Exams","2026-07-17","Standard Post (787 words)","Retain URL & Optimize in Batches (AEO Snippets, Title, Meta, Schema, FAQs, Fact Verification)","https://careerwithmohit.online/blog/mba-hr-colleges-in-ghaziabad-2027-29"
"https://careerwithmohit.online/blog/mba-hr-colleges-in-greater-noida-2027-29","Top MBA HR Colleges in Greater Noida 2027–29 — Placements & Fees","top mba hr colleges in greater noida 2027–29","792","Exams","2026-07-17","Standard Post (792 words)","Retain URL & Optimize in Batches (AEO Snippets, Title, Meta, Schema, FAQs, Fact Verification)","https://careerwithmohit.online/blog/mba-hr-colleges-in-greater-noida-2027-29"
"https://careerwithmohit.online/blog/mba-hr-colleges-in-gurgaon-2027-29","Top MBA HR Colleges in Gurgaon 2027–29 — Placements & Fees","top mba hr colleges in gurgaon 2027–29","824","Exams","2026-07-17","Standard Post (824 words)","Retain URL & Optimize in Batches (AEO Snippets, Title, Meta, Schema, FAQs, Fact Verification)","https://careerwithmohit.online/blog/mba-hr-colleges-in-gurgaon-2027-29"
"https://careerwithmohit.online/blog/mba-hr-colleges-in-jaipur-2027-29","Top MBA HR Colleges in Jaipur 2027–29 — Placements & Fees","top mba hr colleges in jaipur 2027–29","853","Exams","2026-07-17","Standard Post (853 words)","Retain URL & Optimize in Batches (AEO Snippets, Title, Meta, Schema, FAQs, Fact Verification)","https://careerwithmohit.online/blog/mba-hr-colleges-in-jaipur-2027-29"
"https://careerwithmohit.online/blog/mba-hr-colleges-in-kolkata-2027-29","Top MBA HR Colleges in Kolkata 2027–29 — Placements & Fees","top mba hr colleges in kolkata 2027–29","797","Exams","2026-07-17","Standard Post (797 words)","Retain URL & Optimize in Batches (AEO Snippets, Title, Meta, Schema, FAQs, Fact Verification)","https://careerwithmohit.online/blog/mba-hr-colleges-in-kolkata-2027-29"
"https://careerwithmohit.online/blog/mba-hr-colleges-in-mumbai-2027-29","Top MBA HR Colleges in Mumbai 2027–29 — Placements & Fees","top mba hr colleges in mumbai 2027–29","931","Exams","2026-07-17","Standard Post (931 words)","Retain URL & Optimize in Batches (AEO Snippets, Title, Meta, Schema, FAQs, Fact Verification)","https://careerwithmohit.online/blog/mba-hr-colleges-in-mumbai-2027-29"
"https://careerwithmohit.online/blog/mba-hr-colleges-in-noida-2027-29","Top MBA HR Colleges in Noida 2027–29 — Placements & Fees","top mba hr colleges in noida 2027–29","763","Exams","2026-07-17","Standard Post (763 words)","Retain URL & Optimize in Batches (AEO Snippets, Title, Meta, Schema, FAQs, Fact Verification)","https://careerwithmohit.online/blog/mba-hr-colleges-in-noida-2027-29"
"https://careerwithmohit.online/blog/mba-hr-colleges-in-pune-2027-29","Top MBA HR Colleges in Pune 2027–29 — Placements & Fees","top mba hr colleges in pune 2027–29","962","Exams","2026-07-17","Standard Post (962 words)","Retain URL & Optimize in Batches (AEO Snippets, Title, Meta, Schema, FAQs, Fact Verification)","https://careerwithmohit.online/blog/mba-hr-colleges-in-pune-2027-29"
"https://careerwithmohit.online/blog/mba-marketing-colleges-in-bangalore-2027-29","Top MBA Marketing Colleges in Bangalore 2027–29 — Placements & Fees","top mba marketing colleges in bangalore 2027–29","896","Exams","2026-07-17","Standard Post (896 words)","Retain URL & Optimize in Batches (AEO Snippets, Title, Meta, Schema, FAQs, Fact Verification)","https://careerwithmohit.online/blog/mba-marketing-colleges-in-bangalore-2027-29"
"https://careerwithmohit.online/blog/mba-marketing-colleges-in-chandigarh-2027-29","Top MBA Marketing Colleges in Chandigarh 2027–29 — Placements & Fees","top mba marketing colleges in chandigarh 2027–29","754","Exams","2026-07-17","Standard Post (754 words)","Retain URL & Optimize in Batches (AEO Snippets, Title, Meta, Schema, FAQs, Fact Verification)","https://careerwithmohit.online/blog/mba-marketing-colleges-in-chandigarh-2027-29"
"https://careerwithmohit.online/blog/mba-marketing-colleges-in-chennai-2027-29","Top MBA Marketing Colleges in Chennai 2027–29 — Placements & Fees","top mba marketing colleges in chennai 2027–29","811","Exams","2026-07-17","Standard Post (811 words)","Retain URL & Optimize in Batches (AEO Snippets, Title, Meta, Schema, FAQs, Fact Verification)","https://careerwithmohit.online/blog/mba-marketing-colleges-in-chennai-2027-29"
"https://careerwithmohit.online/blog/mba-marketing-colleges-in-dehradun-2027-29","Top MBA Marketing Colleges in Dehradun 2027–29 — Placements & Fees","top mba marketing colleges in dehradun 2027–29","750","Exams","2026-07-17","Standard Post (750 words)","Retain URL & Optimize in Batches (AEO Snippets, Title, Meta, Schema, FAQs, Fact Verification)","https://careerwithmohit.online/blog/mba-marketing-colleges-in-dehradun-2027-29"
"https://careerwithmohit.online/blog/mba-marketing-colleges-in-delhi-ncr-2027-29","Top MBA Marketing Colleges in Delhi NCR 2027–29 — Placements & Fees","top mba marketing colleges in delhi ncr 2027–29","920","Exams","2026-07-17","Standard Post (920 words)","Retain URL & Optimize in Batches (AEO Snippets, Title, Meta, Schema, FAQs, Fact Verification)","https://careerwithmohit.online/blog/mba-marketing-colleges-in-delhi-ncr-2027-29"
"https://careerwithmohit.online/blog/mba-marketing-colleges-in-ghaziabad-2027-29","Top MBA Marketing Colleges in Ghaziabad 2027–29 — Placements & Fees","top mba marketing colleges in ghaziabad 2027–29","758","Exams","2026-07-17","Standard Post (758 words)","Retain URL & Optimize in Batches (AEO Snippets, Title, Meta, Schema, FAQs, Fact Verification)","https://careerwithmohit.online/blog/mba-marketing-colleges-in-ghaziabad-2027-29"
"https://careerwithmohit.online/blog/mba-marketing-colleges-in-greater-noida-2027-29","Top MBA Marketing Colleges in Greater Noida 2027–29 — Placements & Fees","top mba marketing colleges in greater noida 2027–29","776","Exams","2026-07-17","Standard Post (776 words)","Retain URL & Optimize in Batches (AEO Snippets, Title, Meta, Schema, FAQs, Fact Verification)","https://careerwithmohit.online/blog/mba-marketing-colleges-in-greater-noida-2027-29"
"https://careerwithmohit.online/blog/mba-marketing-colleges-in-gurgaon-2027-29","Top MBA Marketing Colleges in Gurgaon 2027–29 — Placements & Fees","top mba marketing colleges in gurgaon 2027–29","790","Exams","2026-07-17","Standard Post (790 words)","Retain URL & Optimize in Batches (AEO Snippets, Title, Meta, Schema, FAQs, Fact Verification)","https://careerwithmohit.online/blog/mba-marketing-colleges-in-gurgaon-2027-29"
"https://careerwithmohit.online/blog/mba-marketing-colleges-in-jaipur-2027-29","Top MBA Marketing Colleges in Jaipur 2027–29 — Placements & Fees","top mba marketing colleges in jaipur 2027–29","798","Exams","2026-07-17","Standard Post (798 words)","Retain URL & Optimize in Batches (AEO Snippets, Title, Meta, Schema, FAQs, Fact Verification)","https://careerwithmohit.online/blog/mba-marketing-colleges-in-jaipur-2027-29"
"https://careerwithmohit.online/blog/mba-marketing-colleges-in-kolkata-2027-29","Top MBA Marketing Colleges in Kolkata 2027–29 — Placements & Fees","top mba marketing colleges in kolkata 2027–29","786","Exams","2026-07-17","Standard Post (786 words)","Retain URL & Optimize in Batches (AEO Snippets, Title, Meta, Schema, FAQs, Fact Verification)","https://careerwithmohit.online/blog/mba-marketing-colleges-in-kolkata-2027-29"
"https://careerwithmohit.online/blog/mba-marketing-colleges-in-mumbai-2027-29","Top MBA Marketing Colleges in Mumbai 2027–29 — Placements & Fees","top mba marketing colleges in mumbai 2027–29","870","Exams","2026-07-17","Standard Post (870 words)","Retain URL & Optimize in Batches (AEO Snippets, Title, Meta, Schema, FAQs, Fact Verification)","https://careerwithmohit.online/blog/mba-marketing-colleges-in-mumbai-2027-29"
"https://careerwithmohit.online/blog/mba-marketing-colleges-in-noida-2027-29","Top MBA Marketing Colleges in Noida 2027–29 — Placements & Fees","top mba marketing colleges in noida 2027–29","730","Exams","2026-07-17","Standard Post (730 words)","Retain URL & Optimize in Batches (AEO Snippets, Title, Meta, Schema, FAQs, Fact Verification)","https://careerwithmohit.online/blog/mba-marketing-colleges-in-noida-2027-29"
"https://careerwithmohit.online/blog/mba-marketing-colleges-in-pune-2027-29","Top MBA Marketing Colleges in Pune 2027–29 — Placements & Fees","top mba marketing colleges in pune 2027–29","907","Exams","2026-07-17","Standard Post (907 words)","Retain URL & Optimize in Batches (AEO Snippets, Title, Meta, Schema, FAQs, Fact Verification)","https://careerwithmohit.online/blog/mba-marketing-colleges-in-pune-2027-29"
"https://careerwithmohit.online/blog/mba-marketing-to-digital-marketing-career-2027-29","How to Build a High-Growth Career in Digital Marketing for MBA Marketing Students (2026)","MBA Marketing to Digital Marketing","1052","Jobs & Careers","2026-04-10","Standard Post (1052 words)","Retain URL & Optimize in Batches (AEO Snippets, Title, Meta, Schema, FAQs, Fact Verification)","https://careerwithmohit.online/blog/mba-marketing-to-digital-marketing-career-2027-29"
"https://careerwithmohit.online/blog/mba-operations-colleges-in-bangalore-2027-29","Top MBA Operations Colleges in Bangalore 2027–29 — Placements & Fees","top mba operations colleges in bangalore 2027–29","861","Exams","2026-07-17","Standard Post (861 words)","Retain URL & Optimize in Batches (AEO Snippets, Title, Meta, Schema, FAQs, Fact Verification)","https://careerwithmohit.online/blog/mba-operations-colleges-in-bangalore-2027-29"
"https://careerwithmohit.online/blog/mba-operations-colleges-in-chandigarh-2027-29","Top MBA Operations Colleges in Chandigarh 2027–29 — Placements & Fees","top mba operations colleges in chandigarh 2027–29","766","Exams","2026-07-17","Standard Post (766 words)","Retain URL & Optimize in Batches (AEO Snippets, Title, Meta, Schema, FAQs, Fact Verification)","https://careerwithmohit.online/blog/mba-operations-colleges-in-chandigarh-2027-29"
"https://careerwithmohit.online/blog/mba-operations-colleges-in-chennai-2027-29","Top MBA Operations Colleges in Chennai 2027–29 — Placements & Fees","top mba operations colleges in chennai 2027–29","840","Exams","2026-07-17","Standard Post (840 words)","Retain URL & Optimize in Batches (AEO Snippets, Title, Meta, Schema, FAQs, Fact Verification)","https://careerwithmohit.online/blog/mba-operations-colleges-in-chennai-2027-29"
"https://careerwithmohit.online/blog/mba-operations-colleges-in-dehradun-2027-29","Top MBA Operations Colleges in Dehradun 2027–29 — Placements & Fees","top mba operations colleges in dehradun 2027–29","760","Exams","2026-07-17","Standard Post (760 words)","Retain URL & Optimize in Batches (AEO Snippets, Title, Meta, Schema, FAQs, Fact Verification)","https://careerwithmohit.online/blog/mba-operations-colleges-in-dehradun-2027-29"
"https://careerwithmohit.online/blog/mba-operations-colleges-in-delhi-ncr-2027-29","Top MBA Operations Colleges in Delhi NCR 2027–29 — Placements & Fees","top mba operations colleges in delhi ncr 2027–29","899","Exams","2026-07-17","Standard Post (899 words)","Retain URL & Optimize in Batches (AEO Snippets, Title, Meta, Schema, FAQs, Fact Verification)","https://careerwithmohit.online/blog/mba-operations-colleges-in-delhi-ncr-2027-29"
"https://careerwithmohit.online/blog/mba-operations-colleges-in-ghaziabad-2027-29","Top MBA Operations Colleges in Ghaziabad 2027–29 — Placements & Fees","top mba operations colleges in ghaziabad 2027–29","731","Exams","2026-07-17","Standard Post (731 words)","Retain URL & Optimize in Batches (AEO Snippets, Title, Meta, Schema, FAQs, Fact Verification)","https://careerwithmohit.online/blog/mba-operations-colleges-in-ghaziabad-2027-29"
"https://careerwithmohit.online/blog/mba-operations-colleges-in-greater-noida-2027-29","Top MBA Operations Colleges in Greater Noida 2027–29 — Placements & Fees","top mba operations colleges in greater noida 2027–29","792","Exams","2026-07-17","Standard Post (792 words)","Retain URL & Optimize in Batches (AEO Snippets, Title, Meta, Schema, FAQs, Fact Verification)","https://careerwithmohit.online/blog/mba-operations-colleges-in-greater-noida-2027-29"
"https://careerwithmohit.online/blog/mba-operations-colleges-in-gurgaon-2027-29","Top MBA Operations Colleges in Gurgaon 2027–29 — Placements & Fees","top mba operations colleges in gurgaon 2027–29","782","Exams","2026-07-17","Standard Post (782 words)","Retain URL & Optimize in Batches (AEO Snippets, Title, Meta, Schema, FAQs, Fact Verification)","https://careerwithmohit.online/blog/mba-operations-colleges-in-gurgaon-2027-29"
"https://careerwithmohit.online/blog/mba-operations-colleges-in-jaipur-2027-29","Top MBA Operations Colleges in Jaipur 2027–29 — Placements & Fees","top mba operations colleges in jaipur 2027–29","809","Exams","2026-07-17","Standard Post (809 words)","Retain URL & Optimize in Batches (AEO Snippets, Title, Meta, Schema, FAQs, Fact Verification)","https://careerwithmohit.online/blog/mba-operations-colleges-in-jaipur-2027-29"
"https://careerwithmohit.online/blog/mba-operations-colleges-in-kolkata-2027-29","Top MBA Operations Colleges in Kolkata 2027–29 — Placements & Fees","top mba operations colleges in kolkata 2027–29","769","Exams","2026-07-17","Standard Post (769 words)","Retain URL & Optimize in Batches (AEO Snippets, Title, Meta, Schema, FAQs, Fact Verification)","https://careerwithmohit.online/blog/mba-operations-colleges-in-kolkata-2027-29"
"https://careerwithmohit.online/blog/mba-operations-colleges-in-mumbai-2027-29","Top MBA Operations Colleges in Mumbai 2027–29 — Placements & Fees","top mba operations colleges in mumbai 2027–29","787","Exams","2026-07-17","Standard Post (787 words)","Retain URL & Optimize in Batches (AEO Snippets, Title, Meta, Schema, FAQs, Fact Verification)","https://careerwithmohit.online/blog/mba-operations-colleges-in-mumbai-2027-29"
"https://careerwithmohit.online/blog/mba-operations-colleges-in-noida-2027-29","Top MBA Operations Colleges in Noida 2027–29 — Placements & Fees","top mba operations colleges in noida 2027–29","754","Exams","2026-07-17","Standard Post (754 words)","Retain URL & Optimize in Batches (AEO Snippets, Title, Meta, Schema, FAQs, Fact Verification)","https://careerwithmohit.online/blog/mba-operations-colleges-in-noida-2027-29"
"https://careerwithmohit.online/blog/mba-operations-colleges-in-pune-2027-29","Top MBA Operations Colleges in Pune 2027–29 — Placements & Fees","top mba operations colleges in pune 2027–29","858","Exams","2026-07-17","Standard Post (858 words)","Retain URL & Optimize in Batches (AEO Snippets, Title, Meta, Schema, FAQs, Fact Verification)","https://careerwithmohit.online/blog/mba-operations-colleges-in-pune-2027-29"
"https://careerwithmohit.online/blog/mba-pgdm-admission-2027-2029-complete-guide","MBA & PGDM Admission 2027–2029 Complete Guide: Eligibility, Dates, Fees & Top Colleges","MBA Admission 2027-2029","955","Exams","2026-09-06","Standard Post (955 words)","Retain URL & Optimize in Batches (AEO Snippets, Title, Meta, Schema, FAQs, Fact Verification)","https://careerwithmohit.online/blog/mba-pgdm-admission-2027-2029-complete-guide"
"https://careerwithmohit.online/blog/mba-pgdm-admission-chennai-coimbatore-2027-29","MBA/PGDM Admission in Chennai & Coimbatore (2027-29): TANCET/MAT Cutoffs, Fees & Eligibility","MBA Admission Chennai Coimbatore 2027-29","643","Exams","2026-08-22","Standard Post (643 words)","Retain URL & Optimize in Batches (AEO Snippets, Title, Meta, Schema, FAQs, Fact Verification)","https://careerwithmohit.online/blog/mba-pgdm-admission-chennai-coimbatore-2027-29"
"https://careerwithmohit.online/blog/mba-pgdm-admissions-2027-29-complete-guide","MBA & PGDM Admissions 2027–2029: Complete Timeline & Strategy Guide","MBA admission 2027–29","1018","Online Degrees","2026-03-17","Standard Post (1018 words)","Retain URL & Optimize in Batches (AEO Snippets, Title, Meta, Schema, FAQs, Fact Verification)","https://careerwithmohit.online/blog/mba-pgdm-admissions-2027-29-complete-guide"
"https://careerwithmohit.online/blog/mba-pgdm-admissions-faq-2027-29","MBA vs PGDM Admissions FAQ 2027–29: 20+ Questions Answered (AIU, PhD, Govt Jobs)","MBA admission FAQ 2027–29","1027","MBA","2026-03-14","Standard Post (1027 words)","Retain URL & Optimize in Batches (AEO Snippets, Title, Meta, Schema, FAQs, Fact Verification)","https://careerwithmohit.online/blog/mba-pgdm-admissions-faq-2027-29"
"https://careerwithmohit.online/blog/mba-pgdm-college-intake-direct-admission-2027-29","MBA PGDM College Intake 2027–29: Direct Admission Seat Matrix & Guide","MBA college intake 2027–29","771","Online Degrees","2026-03-28","Standard Post (771 words)","Retain URL & Optimize in Batches (AEO Snippets, Title, Meta, Schema, FAQs, Fact Verification)","https://careerwithmohit.online/blog/mba-pgdm-college-intake-direct-admission-2027-29"
"https://careerwithmohit.online/blog/mba-pgdm-colleges-under-10-lakhs-dehradun-direct-admission","Top MBA & PGDM Colleges Under 10 Lakhs in Dehradun (Direct Admission 2027–29)","MBA colleges under 10 lakhs in Dehradun","793","Certifications & Skills","2026-03-26","Standard Post (793 words)","Retain URL & Optimize in Batches (AEO Snippets, Title, Meta, Schema, FAQs, Fact Verification)","https://careerwithmohit.online/blog/mba-pgdm-colleges-under-10-lakhs-dehradun-direct-admission"
"https://careerwithmohit.online/blog/mba-pgdm-colleges-under-10-lakhs-delhi-ncr-direct-admission","Top MBA & PGDM Colleges Under 10 Lakhs in Delhi NCR (Direct Admission 2027–29)","MBA colleges under 10 lakhs in Delhi NCR","793","Exams","2026-03-26","Standard Post (793 words)","Retain URL & Optimize in Batches (AEO Snippets, Title, Meta, Schema, FAQs, Fact Verification)","https://careerwithmohit.online/blog/mba-pgdm-colleges-under-10-lakhs-delhi-ncr-direct-admission"
"https://careerwithmohit.online/blog/mba-pgdm-colleges-under-10-lakhs-jaipur-direct-admission","Top MBA Colleges Under 10 Lakhs in Jaipur (Direct Admission 2027–29)","MBA colleges under 10 lakhs in Jaipur","809","MBA","2026-03-26","Standard Post (809 words)","Retain URL & Optimize in Batches (AEO Snippets, Title, Meta, Schema, FAQs, Fact Verification)","https://careerwithmohit.online/blog/mba-pgdm-colleges-under-10-lakhs-jaipur-direct-admission"
"https://careerwithmohit.online/blog/mba-scholarships-2026-master-guide","Top MBA Scholarships in India 2027–29: Eligibility, Links & How to Apply","MBA scholarships 2027–29 India","903","MBA","2026-03-15","Standard Post (903 words)","Retain URL & Optimize in Batches (AEO Snippets, Title, Meta, Schema, FAQs, Fact Verification)","https://careerwithmohit.online/blog/mba-scholarships-2026-master-guide"
"https://careerwithmohit.online/blog/mba-sustainability-vs-digital-business-trends-2027-29","MBA in Sustainability vs. Digital Business: Which is the Best Trend for 2027–29?","MBA in Sustainability 2027–29","744","Online Degrees","2026-05-12","Standard Post (744 words)","Retain URL & Optimize in Batches (AEO Snippets, Title, Meta, Schema, FAQs, Fact Verification)","https://careerwithmohit.online/blog/mba-sustainability-vs-digital-business-trends-2027-29"
"https://careerwithmohit.online/blog/mba-vs-mtech-which-is-better-2027-29","MBA vs MTech 2027–29 — Which is Better for Your Career?","mba vs mtech","1212","B.Tech","2026-06-04","Standard Post (1212 words)","Retain URL & Optimize in Batches (AEO Snippets, Title, Meta, Schema, FAQs, Fact Verification)","https://careerwithmohit.online/blog/mba-vs-mtech-which-is-better-2027-29"
"https://careerwithmohit.online/blog/mba-vs-pgdm-2026-ultimate-guide","MBA vs PGDM: The Only Guide You Need for 2027–29-27 Admissions","MBA vs PGDM 2027–29","871","Exams","2026-04-13","Standard Post (871 words)","Retain URL & Optimize in Batches (AEO Snippets, Title, Meta, Schema, FAQs, Fact Verification)","https://careerwithmohit.online/blog/mba-vs-pgdm-2026-ultimate-guide"
"https://careerwithmohit.online/blog/mba-vs-pgdm-difference","MBA vs PGDM: 12 Key Differences You Must Know for 2027–29 Admissions","MBA vs PGDM","764","MBA","2026-03-12","Standard Post (764 words)","Retain URL & Optimize in Batches (AEO Snippets, Title, Meta, Schema, FAQs, Fact Verification)","https://careerwithmohit.online/blog/mba-vs-pgdm-difference"
"https://careerwithmohit.online/blog/mbbs-abroad-for-indian-students-2026-fees-nmc-rules","MBBS Abroad 2026 — Best Countries, Fees & FMGE/NEXT Rules","mbbs abroad for indian students 2026","835","Medical/MBBS","2026-04-21","Standard Post (835 words)","Retain URL & Optimize in Batches (AEO Snippets, Title, Meta, Schema, FAQs, Fact Verification)","https://careerwithmohit.online/blog/mbbs-abroad-for-indian-students-2026-fees-nmc-rules"
"https://careerwithmohit.online/blog/mbbs-colleges-in-russia-2026","MBBS Colleges in Russia 2026 — Fees, Top Medical Universities & Admission Guide","mbbs colleges in russia 2026","720","Medical/MBBS","2026-07-21","Standard Post (720 words)","Retain URL & Optimize in Batches (AEO Snippets, Title, Meta, Schema, FAQs, Fact Verification)","https://careerwithmohit.online/blog/mbbs-colleges-in-russia-2026"
"https://careerwithmohit.online/blog/mbbs-management-quota-admission-2026-process-fees","Management Quota MBBS Admission 2026 — Process, Fees & Warning","management quota mbbs admission 2026","857","Medical/MBBS","2026-04-21","Standard Post (857 words)","Retain URL & Optimize in Batches (AEO Snippets, Title, Meta, Schema, FAQs, Fact Verification)","https://careerwithmohit.online/blog/mbbs-management-quota-admission-2026-process-fees"
"https://careerwithmohit.online/blog/mca-vs-mba-career-comparison-2027-29","MCA vs MBA 2027–29 — Which is Better for Your Career?","mca vs mba after bca","903","BCA/MCA","2026-04-21","Standard Post (903 words)","Retain URL & Optimize in Batches (AEO Snippets, Title, Meta, Schema, FAQs, Fact Verification)","https://careerwithmohit.online/blog/mca-vs-mba-career-comparison-2027-29"
"https://careerwithmohit.online/blog/mcgill-desautels-mba-review-2027-29","Desautels Faculty of Management (McGill) MBA Review 2027–29: Fees in INR, Placements & Admission","Desautels Faculty of Management (McGill) MBA 2027–29","897","Exams","2026-04-14","Standard Post (897 words)","Retain URL & Optimize in Batches (AEO Snippets, Title, Meta, Schema, FAQs, Fact Verification)","https://careerwithmohit.online/blog/mcgill-desautels-mba-review-2027-29"
"https://careerwithmohit.online/blog/mdi-gurgaon-pgdm-review-2027-fees-placements-cutoff","Management Development Institute (MDI) Review 2027: Fees, Placements, Cutoff, Ranking & Admission Verdict","management development institute (mdi) review 2027","1673","MBA","2026-09-10","Standard Post (1673 words)","Retain URL & Optimize in Batches (AEO Snippets, Title, Meta, Schema, FAQs, Fact Verification)","https://careerwithmohit.online/blog/mdi-gurgaon-pgdm-review-2027-fees-placements-cutoff"
"https://careerwithmohit.online/blog/mdi-gurgaon-review-2027-29","Management Development Institute (MDI), Gurugram Review 2027–29: Placements, Fees, Courses & Admission","MDI Gurgaon review 2027–29","1363","Jobs & Careers","2026-08-03","Standard Post (1363 words)","Retain URL & Optimize in Batches (AEO Snippets, Title, Meta, Schema, FAQs, Fact Verification)","https://careerwithmohit.online/blog/mdi-gurgaon-review-2027-29"
"https://careerwithmohit.online/blog/melbourne-business-school-mba-review-2027-29","Melbourne Business School MBA Review 2027–29: Fees in INR, Placements & Admission","Melbourne Business School MBA 2027–29","883","Exams","2026-04-14","Standard Post (883 words)","Retain URL & Optimize in Batches (AEO Snippets, Title, Meta, Schema, FAQs, Fact Verification)","https://careerwithmohit.online/blog/melbourne-business-school-mba-review-2027-29"
"https://careerwithmohit.online/blog/met-mumbai-review-2027-29","MET Institute of Management Mumbai Review 2027–29: Fees, Placements, Cutoffs & ROI Analysis","MET Institute of Management Mumbai review 2027–29","1351","Exams","2026-08-03","Standard Post (1351 words)","Retain URL & Optimize in Batches (AEO Snippets, Title, Meta, Schema, FAQs, Fact Verification)","https://careerwithmohit.online/blog/met-mumbai-review-2027-29"
"https://careerwithmohit.online/blog/mgm-university-navi-mumbai-review-2027-29","MGM University of Health Sciences / MGM Institute, Navi Mumbai Review 2027–29: Placements, Fees, Courses & Admission","MGM University Navi Mumbai review 2027–29","1602","Exams","2026-08-03","Standard Post (1602 words)","Retain URL & Optimize in Batches (AEO Snippets, Title, Meta, Schema, FAQs, Fact Verification)","https://careerwithmohit.online/blog/mgm-university-navi-mumbai-review-2027-29"
"https://careerwithmohit.online/blog/mgmcri-puducherry-mbbs-admission-2026-process-cutoff-fee","Mahatma Gandhi Medical College and Research Institute (MGMCRI), Puducherry MBBS Admission 2026: Process, NEET Cutoff & Fee Structure","MGMCRI Puducherry MBBS admission 2026","1070","Medical/MBBS","2026-07-21","Standard Post (1070 words)","Retain URL & Optimize in Batches (AEO Snippets, Title, Meta, Schema, FAQs, Fact Verification)","https://careerwithmohit.online/blog/mgmcri-puducherry-mbbs-admission-2026-process-cutoff-fee"
"https://careerwithmohit.online/blog/mhcet-mba-2026-answer-key-out-check-link-objection-window","MHCET MBA 2027–29 Answer Key Out: Check Phase 1 Response Sheet Link & Objection Window","MHCET MBA 2027–29 answer key out","793","Online Degrees","2026-05-02","Standard Post (793 words)","Retain URL & Optimize in Batches (AEO Snippets, Title, Meta, Schema, FAQs, Fact Verification)","https://careerwithmohit.online/blog/mhcet-mba-2026-answer-key-out-check-link-objection-window"
"https://careerwithmohit.online/blog/mhcet-mba-2026-answer-key-released-soon-check-link","MHCET MBA 2027–29 Answer Key Released Soon: How to Download PDF & Get Colleges List","MHCET MBA 2027–29 answer key","763","Exams","2026-04-12","Standard Post (763 words)","Retain URL & Optimize in Batches (AEO Snippets, Title, Meta, Schema, FAQs, Fact Verification)","https://careerwithmohit.online/blog/mhcet-mba-2026-answer-key-released-soon-check-link"
"https://careerwithmohit.online/blog/mhcet-mba-accepting-colleges-2026-fees-cutoff-process","MHCET MBA Accepting Colleges 2027–29: Names, Fees, Cutoff & Admission Process","MHCET MBA accepting colleges","967","Online Degrees","2026-04-18","Standard Post (967 words)","Retain URL & Optimize in Batches (AEO Snippets, Title, Meta, Schema, FAQs, Fact Verification)","https://careerwithmohit.online/blog/mhcet-mba-accepting-colleges-2026-fees-cutoff-process"
"https://careerwithmohit.online/blog/mica-ahmedabad-pgdm-c-review-2027-fees-placements-cutoff","MICA Ahmedabad MBA Admission 2027: Fees, Cutoff & ROI","mica ahmedabad mba admission 2027","1364","MBA","2026-09-26","Standard Post (1364 words)","Retain URL & Optimize in Batches (AEO Snippets, Title, Meta, Schema, FAQs, Fact Verification)","https://careerwithmohit.online/blog/mica-ahmedabad-pgdm-c-review-2027-fees-placements-cutoff"
"https://careerwithmohit.online/blog/mica-ahmedabad-review-2027-29","MICA Ahmedabad Review 2027–29: Placements, Fees, MICAT Cutoffs & ROI Analysis","MICA Ahmedabad review 2027–29","1829","Exams","2026-09-04","Standard Post (1829 words)","Retain URL & Optimize in Batches (AEO Snippets, Title, Meta, Schema, FAQs, Fact Verification)","https://careerwithmohit.online/blog/mica-ahmedabad-review-2027-29"
"https://careerwithmohit.online/blog/mid-career-pivot-switch-industries-online-mba","Mid-Career Pivot: How to Switch Industries with an Online MBA Without Quitting Your Job","switch industries online MBA","669","Online Degrees","2026-06-02","Standard Post (669 words)","Retain URL & Optimize in Batches (AEO Snippets, Title, Meta, Schema, FAQs, Fact Verification)","https://careerwithmohit.online/blog/mid-career-pivot-switch-industries-online-mba"
"https://careerwithmohit.online/blog/minimum-marks-stream-eligibility-bba-delhi-ncr-2026","Minimum Marks & Stream Eligibility for BBA in Delhi NCR Colleges 2026","bba eligibility 2026","703","BBA","2026-05-21","Standard Post (703 words)","Retain URL & Optimize in Batches (AEO Snippets, Title, Meta, Schema, FAQs, Fact Verification)","https://careerwithmohit.online/blog/minimum-marks-stream-eligibility-bba-delhi-ncr-2026"
"https://careerwithmohit.online/blog/mit-sloan-mba-review-2027-29","MIT Sloan School of Management MBA Review 2027–29: Fees in INR, Placements & Admission","MIT Sloan School of Management MBA 2027–29","896","Exams","2026-04-14","Standard Post (896 words)","Retain URL & Optimize in Batches (AEO Snippets, Title, Meta, Schema, FAQs, Fact Verification)","https://careerwithmohit.online/blog/mit-sloan-mba-review-2027-29"
"https://careerwithmohit.online/blog/mit-wpu-pune-btech-admission-2026-fees-review","MIT-WPU Pune B.Tech Admission 2026: Fees, Cutoffs & Placement Review","MIT-WPU Pune BTech admission 2026","644","B.Tech","2026-03-24","Standard Post (644 words)","Retain URL & Optimize in Batches (AEO Snippets, Title, Meta, Schema, FAQs, Fact Verification)","https://careerwithmohit.online/blog/mit-wpu-pune-btech-admission-2026-fees-review"
"https://careerwithmohit.online/blog/mit-wpu-pune-executive-mba-review","MIT World Peace University (MIT-WPU), Pune Executive MBA Review","MIT World Peace University (MIT-WPU), Pune executive mba","633","Exams","2026-07-22","Standard Post (633 words)","Retain URL & Optimize in Batches (AEO Snippets, Title, Meta, Schema, FAQs, Fact Verification)","https://careerwithmohit.online/blog/mit-wpu-pune-executive-mba-review"
"https://careerwithmohit.online/blog/mit-wpu-pune-review-2027-29","MIT World Peace University (MIT-WPU) Review 2027–29: Placements, Fees, Courses & Admission","MIT-WPU Pune review 2027–29","1337","Jobs & Careers","2026-08-03","Standard Post (1337 words)","Retain URL & Optimize in Batches (AEO Snippets, Title, Meta, Schema, FAQs, Fact Verification)","https://careerwithmohit.online/blog/mit-wpu-pune-review-2027-29"
"https://careerwithmohit.online/blog/mnit-jaipur-btech-admission-2026-cutoff-fees-review","MNIT Jaipur B.Tech Admission 2026: Cutoffs, Fees, Placements & JoSAA Process","[MNIT Jaipur](/colleges/mnit-jaipur/) BTech admission 2026","685","B.Tech","2026-03-24","Standard Post (685 words)","Retain URL & Optimize in Batches (AEO Snippets, Title, Meta, Schema, FAQs, Fact Verification)","https://careerwithmohit.online/blog/mnit-jaipur-btech-admission-2026-cutoff-fees-review"
"https://careerwithmohit.online/blog/mnit-jaipur-executive-mba-review","Malaviya National Institute of Technology (MNIT), Jaipur Executive MBA Review","Malaviya National Institute of Technology (MNIT), Jaipur executive mba","633","Exams","2026-07-22","Standard Post (633 words)","Retain URL & Optimize in Batches (AEO Snippets, Title, Meta, Schema, FAQs, Fact Verification)","https://careerwithmohit.online/blog/mnit-jaipur-executive-mba-review"
"https://careerwithmohit.online/blog/mody-university-online-review-2027-29","Mody University Online Review (2026-2027): Real Placements, Fees & Cutoffs–29: MBA, MCA, BBA & BCA Fee Structure","Mody University Online review 2027–29","843","Online Degrees","2026-04-05","Standard Post (843 words)","Retain URL & Optimize in Batches (AEO Snippets, Title, Meta, Schema, FAQs, Fact Verification)","https://careerwithmohit.online/blog/mody-university-online-review-2027-29"
"https://careerwithmohit.online/blog/ms-ramaiah-medical-college-bengaluru-mbbs-admission-2026","MS Ramaiah Medical College, Bengaluru MBBS Admission 2026: Process, NEET Cutoff & Fee Structure","MS Ramaiah Medical College MBBS admission 2026","1124","Medical/MBBS","2026-07-21","Standard Post (1124 words)","Retain URL & Optimize in Batches (AEO Snippets, Title, Meta, Schema, FAQs, Fact Verification)","https://careerwithmohit.online/blog/ms-ramaiah-medical-college-bengaluru-mbbs-admission-2026"
"https://careerwithmohit.online/blog/ms-ramaiah-university-msruas-btech-admission-2026-fees-review","MS Ramaiah University (MSRUAS) B.Tech Admission 2026: Fees, Review & Placements","MS Ramaiah University Bangalore BTech admission 2026","626","Online Degrees","2026-03-24","Standard Post (626 words)","Retain URL & Optimize in Batches (AEO Snippets, Title, Meta, Schema, FAQs, Fact Verification)","https://careerwithmohit.online/blog/ms-ramaiah-university-msruas-btech-admission-2026-fees-review"
"https://careerwithmohit.online/blog/mtech-for-working-professionals-2026-fees-admission-syllabus","M.Tech for Working Professionals 2026 – Top Colleges, Fees, Syllabus & Admission Guide","M.Tech for working professionals 2026","864","Online Degrees","2026-04-25","Standard Post (864 words)","Retain URL & Optimize in Batches (AEO Snippets, Title, Meta, Schema, FAQs, Fact Verification)","https://careerwithmohit.online/blog/mtech-for-working-professionals-2026-fees-admission-syllabus"
"https://careerwithmohit.online/blog/mumbai-dabbawalas-six-sigma-operations-coding-system","Mumbai Dabbawalas Case Study: Six Sigma Operations & Genius Manual Coding System","Mumbai Dabbawalas case study","1386","Online Degrees","2026-05-28","Standard Post (1386 words)","Retain URL & Optimize in Batches (AEO Snippets, Title, Meta, Schema, FAQs, Fact Verification)","https://careerwithmohit.online/blog/mumbai-dabbawalas-six-sigma-operations-coding-system"
"https://careerwithmohit.online/blog/mumbai-mba-admission-2027-nmat-exam-xat-cat-colleges","Top MBA Colleges in Mumbai Admission 2027: NMAT Exam, XAT & CAT 2027–29 Cutoffs, Fees & Placements","nmat exam","607","Exams","2026-09-03","Standard Post (607 words)","Retain URL & Optimize in Batches (AEO Snippets, Title, Meta, Schema, FAQs, Fact Verification)","https://careerwithmohit.online/blog/mumbai-mba-admission-2027-nmat-exam-xat-cat-colleges"
"https://careerwithmohit.online/blog/mutual-funds-vs-fd-best-investment-comparison-2027-29","Mutual Funds vs. Fixed Deposits (FD) 2026 — Which is Better for Your Savings?","mutual funds vs fd 2026","793","Jobs & Careers","2026-04-21","Standard Post (793 words)","Retain URL & Optimize in Batches (AEO Snippets, Title, Meta, Schema, FAQs, Fact Verification)","https://careerwithmohit.online/blog/mutual-funds-vs-fd-best-investment-comparison-2027-29"
"https://careerwithmohit.online/blog/myra-school-of-business-mysuru-review-2027-29","Mysore Royal Academy (MYRA School of Business), Mysuru Review 2027–29: Placements, Fees, Courses & Admission","MYRA School of Business Mysuru review 2027–29","1427","Jobs & Careers","2026-08-03","Standard Post (1427 words)","Retain URL & Optimize in Batches (AEO Snippets, Title, Meta, Schema, FAQs, Fact Verification)","https://careerwithmohit.online/blog/myra-school-of-business-mysuru-review-2027-29"
"https://careerwithmohit.online/blog/ndiit-delhi-pgdm-review-2027-29","NDIIT Delhi PGDM Review 2027–29: Fees, Placements & Honest Reality Check","NDIIT Delhi review 2027–29","764","Jobs & Careers","2026-05-05","Standard Post (764 words)","Retain URL & Optimize in Batches (AEO Snippets, Title, Meta, Schema, FAQs, Fact Verification)","https://careerwithmohit.online/blog/ndiit-delhi-pgdm-review-2027-29"
"https://careerwithmohit.online/blog/ndim-application-open-2027-29-pgdm-process-cutoff","NDIM Application Open 2027-29: PGDM Complete Admission Process, Eligibility, Exam Cutoffs, Fees & GD-PI Guide","NDIM application open 2027-29","2701","Exams","2026-09-22","Standard Post (2701 words)","Retain URL & Optimize in Batches (AEO Snippets, Title, Meta, Schema, FAQs, Fact Verification)","https://careerwithmohit.online/blog/ndim-application-open-2027-29-pgdm-process-cutoff"
"https://careerwithmohit.online/blog/ndim-delhi-pgdm-mba-2027-29-fee-admission-process","NDIM Delhi PGDM / MBA Admission 2027-29: Fees, Eligibility, Selection Process, Cutoffs & Placements","NDIM Delhi PGDM admission 2027-29","2414","Exams","2026-09-18","Standard Post (2414 words)","Retain URL & Optimize in Batches (AEO Snippets, Title, Meta, Schema, FAQs, Fact Verification)","https://careerwithmohit.online/blog/ndim-delhi-pgdm-mba-2027-29-fee-admission-process"
"https://careerwithmohit.online/blog/ndim-delhi-vs-fostiima-business-school-comparison-2027-29","NDIM Delhi vs FOSTIIMA: Which is Better for PGDM in 2027?","ndim vs fostiima","1586","MBA","2026-10-07","Standard Post (1586 words)","Retain URL & Optimize in Batches (AEO Snippets, Title, Meta, Schema, FAQs, Fact Verification)","https://careerwithmohit.online/blog/ndim-delhi-vs-fostiima-business-school-comparison-2027-29"
"https://careerwithmohit.online/blog/ndim-vs-delhi-school-of-business-dsb-comparison-2027-29","NDIM vs Delhi School of Business (DSB): Why the NDIM Legacy Wins in 2026","NDIM vs DSB Delhi","736","Exams","2026-03-25","Standard Post (736 words)","Retain URL & Optimize in Batches (AEO Snippets, Title, Meta, Schema, FAQs, Fact Verification)","https://careerwithmohit.online/blog/ndim-vs-delhi-school-of-business-dsb-comparison-2027-29"
"https://careerwithmohit.online/blog/neet-2026-admit-card-download-link-process","NEET UG 2026 Admit Card: Direct Download Link, Release Date & Process","NEET 2026 admit card download","756","Medical/MBBS","2026-04-26","Standard Post (756 words)","Retain URL & Optimize in Batches (AEO Snippets, Title, Meta, Schema, FAQs, Fact Verification)","https://careerwithmohit.online/blog/neet-2026-admit-card-download-link-process"
"https://careerwithmohit.online/blog/neet-2026-exam-strategy-guide","NEET UG 2026 — Exam Dates, Syllabus & Preparation Strategy","neet 2026 preparation strategy","776","Medical/MBBS","2026-04-21","Standard Post (776 words)","Retain URL & Optimize in Batches (AEO Snippets, Title, Meta, Schema, FAQs, Fact Verification)","https://careerwithmohit.online/blog/neet-2026-exam-strategy-guide"
"https://careerwithmohit.online/blog/neet-2026-paper-analysis-review","NEET UG 2026 Paper Analysis: Difficulty Level, Section-wise Review & Expected Cutoff","neet 2026 paper analysis","812","Medical/MBBS","2026-05-03","Standard Post (812 words)","Retain URL & Optimize in Batches (AEO Snippets, Title, Meta, Schema, FAQs, Fact Verification)","https://careerwithmohit.online/blog/neet-2026-paper-analysis-review"
"https://careerwithmohit.online/blog/neet-2026-re-exam-date-announced-june-21","NEET UG 2026 Re-Exam Date Announced: NTA Sets June 21 for Medical Entrance Test","neet ug 2026 re exam date","690","Medical/MBBS","2026-05-16","Standard Post (690 words)","Retain URL & Optimize in Batches (AEO Snippets, Title, Meta, Schema, FAQs, Fact Verification)","https://careerwithmohit.online/blog/neet-2026-re-exam-date-announced-june-21"
"https://careerwithmohit.online/blog/neet-ug-2026-exam-cancelled-nta-re-test-official-updates","NEET UG 2026 Exam Cancelled: NTA Announces Re-Test Due to Irregularities – Latest Updates","neet ug 2026 cancelled","725","Medical/MBBS","2026-05-12","Standard Post (725 words)","Retain URL & Optimize in Batches (AEO Snippets, Title, Meta, Schema, FAQs, Fact Verification)","https://careerwithmohit.online/blog/neet-ug-2026-exam-cancelled-nta-re-test-official-updates"
"https://careerwithmohit.online/blog/neet-ug-2026-re-test-strategy-tips-how-to-refocus","NEET UG 2026 Re-Test Strategy: How to Refocus and Score High After Cancellation","neet ug 2026 re-test strategy","808","Medical/MBBS","2026-05-12","Standard Post (808 words)","Retain URL & Optimize in Batches (AEO Snippets, Title, Meta, Schema, FAQs, Fact Verification)","https://careerwithmohit.online/blog/neet-ug-2026-re-test-strategy-tips-how-to-refocus"
"https://careerwithmohit.online/blog/neet-ug-result-2026-merit-list-declared","NEET UG Result 2026 Declared: NTA Releases Merit List & Category Cutoffs","neet ug result declare","953","Medical/MBBS","2026-07-16","Standard Post (953 words)","Retain URL & Optimize in Batches (AEO Snippets, Title, Meta, Schema, FAQs, Fact Verification)","https://careerwithmohit.online/blog/neet-ug-result-2026-merit-list-declared"
"https://careerwithmohit.online/blog/nimcet-2026-exam-strategy-guide","NIMCET 2026 — Exam Dates, Syllabus & Preparation Strategy","nimcet 2026 preparation strategy","683","B.Tech","2026-04-21","Standard Post (683 words)","Retain URL & Optimize in Batches (AEO Snippets, Title, Meta, Schema, FAQs, Fact Verification)","https://careerwithmohit.online/blog/nimcet-2026-exam-strategy-guide"
"https://careerwithmohit.online/blog/nimcet-2026-registration-closing-dates-guide","NIMCET 2026 Registration Closing Soon: Last Date, Apply Online & Top MCA Colleges","NIMCET 2026 registration last date","766","BCA/MCA","2026-04-20","Standard Post (766 words)","Retain URL & Optimize in Batches (AEO Snippets, Title, Meta, Schema, FAQs, Fact Verification)","https://careerwithmohit.online/blog/nimcet-2026-registration-closing-dates-guide"
"https://careerwithmohit.online/blog/nims-jaipur-mba-pgdm-review-2027-fees-placements-cutoff","NIMS University PGDM 2027: Fees, Cutoff & Placements ROI","nims university (institute of management & commerce), jaipur pgdm admission 2027","1151","MBA Admissions","2026-09-27","Standard Post (1151 words)","Retain URL & Optimize in Batches (AEO Snippets, Title, Meta, Schema, FAQs, Fact Verification)","https://careerwithmohit.online/blog/nims-jaipur-mba-pgdm-review-2027-fees-placements-cutoff"
"https://careerwithmohit.online/blog/nims-university-jaipur-review-2027-29","NIMS University, Jaipur Review 2027–29: Placements, Fees, Courses & Admission","NIMS University Rajasthan review 2027–29","1317","Jobs & Careers","2026-08-03","Standard Post (1317 words)","Retain URL & Optimize in Batches (AEO Snippets, Title, Meta, Schema, FAQs, Fact Verification)","https://careerwithmohit.online/blog/nims-university-jaipur-review-2027-29"
"https://careerwithmohit.online/blog/nios-board-2026-admission-exam-dates-results","NIOS Board 2026: Admission, Exam Dates & Results Guide","NIOS board 2026","849","B.Tech","2026-03-25","Standard Post (849 words)","Retain URL & Optimize in Batches (AEO Snippets, Title, Meta, Schema, FAQs, Fact Verification)","https://careerwithmohit.online/blog/nios-board-2026-admission-exam-dates-results"
"https://careerwithmohit.online/blog/nirf-rank-mba-colleges-list-2027-29","NIRF Rank MBA Colleges List 2027–29: Top 50 Management Institutes, Fees, Placements & ROI","nirf rank mba colleges list","2670","MBA","2026-09-04","Standard Post (2670 words)","Retain URL & Optimize in Batches (AEO Snippets, Title, Meta, Schema, FAQs, Fact Verification)","https://careerwithmohit.online/blog/nirf-rank-mba-colleges-list-2027-29"
"https://careerwithmohit.online/blog/nirf-ranking-colleges-mba-pgdm-without-entrance-exam-2027-29","NIRF Ranked MBA & PGDM Colleges Without Entrance Exam 2027–29: Direct Admission, Fees & Placements","nirf ranking college of mba without entrance exam","1840","Online Degrees","2026-08-23","Standard Post (1840 words)","Retain URL & Optimize in Batches (AEO Snippets, Title, Meta, Schema, FAQs, Fact Verification)","https://careerwithmohit.online/blog/nirf-ranking-colleges-mba-pgdm-without-entrance-exam-2027-29"
"https://careerwithmohit.online/blog/nirma-institute-of-management-mba-review-2027-fees-placements-cutoff","Institute of Management, Nirma University (IMNU) Review 2027: Fees, Placements, Cutoff, Ranking & Admission Verdict","institute of management, nirma university (imnu) review 2027","1364","MBA","2026-09-15","Standard Post (1364 words)","Retain URL & Optimize in Batches (AEO Snippets, Title, Meta, Schema, FAQs, Fact Verification)","https://careerwithmohit.online/blog/nirma-institute-of-management-mba-review-2027-fees-placements-cutoff"
"https://careerwithmohit.online/blog/nit-delhi-btech-admission-2026-cutoff-fees","NIT Delhi B.Tech Admission 2026: Cutoffs, Fees & Placement Review","NIT Delhi BTech admission 2026","619","B.Tech","2026-03-24","Standard Post (619 words)","Retain URL & Optimize in Batches (AEO Snippets, Title, Meta, Schema, FAQs, Fact Verification)","https://careerwithmohit.online/blog/nit-delhi-btech-admission-2026-cutoff-fees"
"https://careerwithmohit.online/blog/niu-vs-galgotias-university-mba-placement-review-2027-29","NIU vs Galgotias for MBA 2027–29: Why NIU is the Smarter Choice for Serious Aspirants","NIU vs Galgotias MBA","940","Law","2026-03-25","Standard Post (940 words)","Retain URL & Optimize in Batches (AEO Snippets, Title, Meta, Schema, FAQs, Fact Verification)","https://careerwithmohit.online/blog/niu-vs-galgotias-university-mba-placement-review-2027-29"
"https://careerwithmohit.online/blog/nmat-2026-27-attempt-strategy-nmims-mumbai","NMAT 2026-27 Attempt Strategy: Maximizing Scores Across 3 Retakes for NMIMS Mumbai","NMAT 2026 attempt strategy","2448","Exams","2026-08-28","Standard Post (2448 words)","Retain URL & Optimize in Batches (AEO Snippets, Title, Meta, Schema, FAQs, Fact Verification)","https://careerwithmohit.online/blog/nmat-2026-27-attempt-strategy-nmims-mumbai"
"https://careerwithmohit.online/blog/nmat-2026-application-form-open-date","NMAT 2026 Application Form Open Date: Schedule, Registration & Retakes","NMAT 2026 application form open date","853","Exams","2026-07-25","Standard Post (853 words)","Retain URL & Optimize in Batches (AEO Snippets, Title, Meta, Schema, FAQs, Fact Verification)","https://careerwithmohit.online/blog/nmat-2026-application-form-open-date"
"https://careerwithmohit.online/blog/nmat-2026-go-to-backup-cat-xat-aspirants","Why NMAT 2026 Is Becoming the Go‑To Backup for CAT & XAT Aspirants","NMAT backup exam","857","Exams","2026-05-21","Standard Post (857 words)","Retain URL & Optimize in Batches (AEO Snippets, Title, Meta, Schema, FAQs, Fact Verification)","https://careerwithmohit.online/blog/nmat-2026-go-to-backup-cat-xat-aspirants"
"https://careerwithmohit.online/blog/nmat-2026-high-frequency-topics-quant-lr","Top High‑Frequency Topics in NMAT 2026 Quant & LR (Most Asked in Recent Years)","NMAT high-frequency topics","815","Exams","2026-05-21","Standard Post (815 words)","Retain URL & Optimize in Batches (AEO Snippets, Title, Meta, Schema, FAQs, Fact Verification)","https://careerwithmohit.online/blog/nmat-2026-high-frequency-topics-quant-lr"
"https://careerwithmohit.online/blog/nmat-2026-preparation-strategy-240-score","How to Crack NMAT 2026: 90-Day Strategy for a 240+ Score","NMAT 2026 preparation strategy","675","Exams","2026-05-12","Standard Post (675 words)","Retain URL & Optimize in Batches (AEO Snippets, Title, Meta, Schema, FAQs, Fact Verification)","https://careerwithmohit.online/blog/nmat-2026-preparation-strategy-240-score"
"https://careerwithmohit.online/blog/nmat-2026-speed-accuracy-trends-3-attempts-prep-strategy","NMAT 2026 Speed & Accuracy Trends: How 3 Attempts Are Changing Prep Strategy","NMAT exam 2026","914","Exams","2026-05-21","Standard Post (914 words)","Retain URL & Optimize in Batches (AEO Snippets, Title, Meta, Schema, FAQs, Fact Verification)","https://careerwithmohit.online/blog/nmat-2026-speed-accuracy-trends-3-attempts-prep-strategy"
"https://careerwithmohit.online/blog/nmat-exam-2026-last-date-of-registration","NMAT Exam 2026 Last Date of Registration: Deadline, Retake Window, Fees & How to Apply","nmat exam 2026 last date of registration","1437","Exams","2026-09-10","Standard Post (1437 words)","Retain URL & Optimize in Batches (AEO Snippets, Title, Meta, Schema, FAQs, Fact Verification)","https://careerwithmohit.online/blog/nmat-exam-2026-last-date-of-registration"
"https://careerwithmohit.online/blog/nmims-bangalore-review-2027-29","NMIMS Bangalore Review 2027–29: Fees, Placements, Cutoffs & ROI Analysis","NMIMS Bangalore review 2027–29","1286","Exams","2026-08-03","Standard Post (1286 words)","Retain URL & Optimize in Batches (AEO Snippets, Title, Meta, Schema, FAQs, Fact Verification)","https://careerwithmohit.online/blog/nmims-bangalore-review-2027-29"
"https://careerwithmohit.online/blog/nmims-mumbai-executive-mba-review","NMIMS School of Business Management, Mumbai Executive MBA Review","NMIMS School of Business Management, Mumbai executive mba","636","Exams","2026-07-22","Standard Post (636 words)","Retain URL & Optimize in Batches (AEO Snippets, Title, Meta, Schema, FAQs, Fact Verification)","https://careerwithmohit.online/blog/nmims-mumbai-executive-mba-review"
"https://careerwithmohit.online/blog/nmims-mumbai-mba-review-2027-fees-placements-cutoff","NMIMS Mumbai MBA Admission 2027: Fees, Cutoff & ROI","nmims school of business management (sbm mumbai) mba admission 2027","1361","MBA","2026-09-26","Standard Post (1361 words)","Retain URL & Optimize in Batches (AEO Snippets, Title, Meta, Schema, FAQs, Fact Verification)","https://careerwithmohit.online/blog/nmims-mumbai-mba-review-2027-fees-placements-cutoff"
"https://careerwithmohit.online/blog/nmims-mumbai-university-review-2027-29","SVKM’s NMIMS (Narsee Monjee Institute of Management Studies) Review 2027–29: Placements, Fees, Courses & Admission","NMIMS Mumbai review 2027–29","1554","Exams","2026-08-03","Standard Post (1554 words)","Retain URL & Optimize in Batches (AEO Snippets, Title, Meta, Schema, FAQs, Fact Verification)","https://careerwithmohit.online/blog/nmims-mumbai-university-review-2027-29"
"https://careerwithmohit.online/blog/nmims-online-mba-fee-structure-2027","NMIMS Online MBA Fee Structure 2027: Semester Fees, EMI Plans & Payment Breakdown","nmims online mba fee structure 2027","715","Online Degrees","2026-08-24","Standard Post (715 words)","Retain URL & Optimize in Batches (AEO Snippets, Title, Meta, Schema, FAQs, Fact Verification)","https://careerwithmohit.online/blog/nmims-online-mba-fee-structure-2027"
"https://careerwithmohit.online/blog/nmims-online-mba-review-2027-29","NMIMS Online MBA Review 2027–29: Placements, Fees & Admission","NMIMS Online MBA review 2027–29","1090","Online Degrees","2026-03-27","Standard Post (1090 words)","Retain URL & Optimize in Batches (AEO Snippets, Title, Meta, Schema, FAQs, Fact Verification)","https://careerwithmohit.online/blog/nmims-online-mba-review-2027-29"
"https://careerwithmohit.online/blog/noida-international-university-niu-mba-admission-2027-29","Noida International University (NIU) MBA / PGDM Admission 2027-29: Fees, Approvals, Placements, PPO, Certifications & Faculty Review","Noida International University (NIU) admission 2027-29","1246","Exams","2026-09-18","Standard Post (1246 words)","Retain URL & Optimize in Batches (AEO Snippets, Title, Meta, Schema, FAQs, Fact Verification)","https://careerwithmohit.online/blog/noida-international-university-niu-mba-admission-2027-29"
"https://careerwithmohit.online/blog/nsut-delhi-btech-cutoff-2026-expected-ranks","NSUT Delhi B.Tech Cutoff 2026: Expected Ranks, Fees & Branch-wise Analysis","NSUT Delhi BTech cutoff 2026","748","B.Tech","2026-05-06","Standard Post (748 words)","Retain URL & Optimize in Batches (AEO Snippets, Title, Meta, Schema, FAQs, Fact Verification)","https://careerwithmohit.online/blog/nsut-delhi-btech-cutoff-2026-expected-ranks"
"https://careerwithmohit.online/blog/ntu-nanyang-mba-review-2027-29","Nanyang Business School (NTU) MBA Review 2027–29: Fees in INR, Placements & Admission","Nanyang Business School (NTU) MBA 2027–29","890","Exams","2026-04-14","Standard Post (890 words)","Retain URL & Optimize in Batches (AEO Snippets, Title, Meta, Schema, FAQs, Fact Verification)","https://careerwithmohit.online/blog/ntu-nanyang-mba-review-2027-29"
"https://careerwithmohit.online/blog/nus-singapore-mba-review-2027-29","National University of Singapore (NUS) MBA Review 2027–29: Fees in INR, Placements & Admission","National University of Singapore (NUS) MBA 2027–29","897","Exams","2026-04-14","Standard Post (897 words)","Retain URL & Optimize in Batches (AEO Snippets, Title, Meta, Schema, FAQs, Fact Verification)","https://careerwithmohit.online/blog/nus-singapore-mba-review-2027-29"
"https://careerwithmohit.online/blog/ohio-university-usa-admission-guide-2027-29","Ohio University Admission Guide 2026: Fees, Placements & Requirements","Ohio University admission 2026","778","Jobs & Careers","2026-06-11","Standard Post (778 words)","Retain URL & Optimize in Batches (AEO Snippets, Title, Meta, Schema, FAQs, Fact Verification)","https://careerwithmohit.online/blog/ohio-university-usa-admission-guide-2027-29"
"https://careerwithmohit.online/blog/online-bba-digital-marketing-vs-business-analytics","Online BBA in Digital Marketing vs. Business Analytics: Salary, Scope, and Career Paths","online BBA digital marketing vs business analytics","604","BBA","2026-06-02","Standard Post (604 words)","Retain URL & Optimize in Batches (AEO Snippets, Title, Meta, Schema, FAQs, Fact Verification)","https://careerwithmohit.online/blog/online-bba-digital-marketing-vs-business-analytics"
"https://careerwithmohit.online/blog/online-bba-vs-regular-bba-right-choice-after-class-12","Online BBA vs. Regular BBA: Making the Right Choice After Class 12","online BBA vs regular BBA","662","BBA","2026-06-02","Standard Post (662 words)","Retain URL & Optimize in Batches (AEO Snippets, Title, Meta, Schema, FAQs, Fact Verification)","https://careerwithmohit.online/blog/online-bba-vs-regular-bba-right-choice-after-class-12"
"https://careerwithmohit.online/blog/online-mba-india-2027-29","Online MBA in India 2027–29: Top Programs, Fees, ROI & Is It Worth It?","Online MBA India 2027–29","1266","Online Degrees","2026-03-13","Standard Post (1266 words)","Retain URL & Optimize in Batches (AEO Snippets, Title, Meta, Schema, FAQs, Fact Verification)","https://careerwithmohit.online/blog/online-mba-india-2027-29"
"https://careerwithmohit.online/blog/online-mba-vs-distance-mba-vs-executive-mba-which-is-best-2027","Online MBA vs Distance MBA vs Executive MBA: Which is Best for Working Professionals in 2027?","difference between online mba distance mba executive mba","917","Online Degrees","2026-09-17","Standard Post (917 words)","Retain URL & Optimize in Batches (AEO Snippets, Title, Meta, Schema, FAQs, Fact Verification)","https://careerwithmohit.online/blog/online-mba-vs-distance-mba-vs-executive-mba-which-is-best-2027"
"https://careerwithmohit.online/blog/online-mca-courses-2026-fees-syllabus-admission-top-colleges","Online MCA Courses 2026 – Top Colleges, Fees, Syllabus, Eligibility & Admission Guide","online MCA 2026","1474","Online Degrees","2026-04-25","Standard Post (1474 words)","Retain URL & Optimize in Batches (AEO Snippets, Title, Meta, Schema, FAQs, Fact Verification)","https://careerwithmohit.online/blog/online-mca-courses-2026-fees-syllabus-admission-top-colleges"
"https://careerwithmohit.online/blog/online-msc-courses-2026-fees-syllabus-admission-top-colleges","Online M.Sc Courses 2026 – Top Colleges, Fees, Syllabus, Eligibility & Admission Guide","online MSc 2026","1380","Online Degrees","2026-04-25","Standard Post (1380 words)","Retain URL & Optimize in Batches (AEO Snippets, Title, Meta, Schema, FAQs, Fact Verification)","https://careerwithmohit.online/blog/online-msc-courses-2026-fees-syllabus-admission-top-colleges"
"https://careerwithmohit.online/blog/op-jindal-global-university-online-review-2027-29","OP Jindal Global University Online Review (2026-2027): Real Placements, Fees & Cutoffs–29: MBA & BBA Fee Structure","OP Jindal Global University Online review 2027–29","872","Online Degrees","2026-04-05","Standard Post (872 words)","Retain URL & Optimize in Batches (AEO Snippets, Title, Meta, Schema, FAQs, Fact Verification)","https://careerwithmohit.online/blog/op-jindal-global-university-online-review-2027-29"
"https://careerwithmohit.online/blog/op-jindal-global-university-sonipat-review-2027-29","O.P. Jindal Global University (Jindal Global Business School), Sonipat Review 2027–29: Placements, Fees, Courses & Admission","O.P. Jindal Global University (JGU Sonipat) review 2027–29","1651","Jobs & Careers","2026-08-03","Standard Post (1651 words)","Retain URL & Optimize in Batches (AEO Snippets, Title, Meta, Schema, FAQs, Fact Verification)","https://careerwithmohit.online/blog/op-jindal-global-university-sonipat-review-2027-29"
"https://careerwithmohit.online/blog/oxford-said-mba-review-2027-29","University of Oxford (Saïd) MBA Review 2027–29: Fees in INR, Placements & Admission","University of Oxford (Saïd) MBA 2027–29","890","Exams","2026-04-14","Standard Post (890 words)","Retain URL & Optimize in Batches (AEO Snippets, Title, Meta, Schema, FAQs, Fact Verification)","https://careerwithmohit.online/blog/oxford-said-mba-review-2027-29"
"https://careerwithmohit.online/blog/parents-guide-online-undergraduate-degrees-validity-placements-scope","The Parent’s Guide to Online Undergraduate Degrees: Validity, Placements, and Scope","parents guide to online degree","685","Online Degrees","2026-06-02","Standard Post (685 words)","Retain URL & Optimize in Batches (AEO Snippets, Title, Meta, Schema, FAQs, Fact Verification)","https://careerwithmohit.online/blog/parents-guide-online-undergraduate-degrees-validity-placements-scope"
"https://careerwithmohit.online/blog/parul-university-online-review-2027-29","Parul University Online Review (2026-2027): Real Placements, Fees & Cutoffs–29: MBA, MCA, BBA & BCA Fee Structure","Parul University Online review 2027–29","840","Online Degrees","2026-04-05","Standard Post (840 words)","Retain URL & Optimize in Batches (AEO Snippets, Title, Meta, Schema, FAQs, Fact Verification)","https://careerwithmohit.online/blog/parul-university-online-review-2027-29"
"https://careerwithmohit.online/blog/pdeu-gandhinagar-btech-admission-2026-fees-cutoff-review","PDEU Gandhinagar B.Tech Admission 2026: Cutoffs, Fees & Placement Review","PDEU Gandhinagar BTech admission 2026","699","B.Tech","2026-03-24","Standard Post (699 words)","Retain URL & Optimize in Batches (AEO Snippets, Title, Meta, Schema, FAQs, Fact Verification)","https://careerwithmohit.online/blog/pdeu-gandhinagar-btech-admission-2026-fees-cutoff-review"
"https://careerwithmohit.online/blog/pes-university-bangalore-review-2027-29","PES University, Bangalore Review 2027–29: Placements, Fees, Courses & Admission","PES University Bangalore review 2027–29","1351","Jobs & Careers","2026-08-03","Standard Post (1351 words)","Retain URL & Optimize in Batches (AEO Snippets, Title, Meta, Schema, FAQs, Fact Verification)","https://careerwithmohit.online/blog/pes-university-bangalore-review-2027-29"
"https://careerwithmohit.online/blog/pg-in-global-finance-and-ai-imarticus-review-2027-29","PG in Global Finance & AI Imarticus (ISFB) Review 2027–29: Fees, Placements, Curriculum & IIM Vizag Alumni Status","pg in global finance and ai","2125","Exams","2026-07-28","Standard Post (2125 words)","Retain URL & Optimize in Batches (AEO Snippets, Title, Meta, Schema, FAQs, Fact Verification)","https://careerwithmohit.online/blog/pg-in-global-finance-and-ai-imarticus-review-2027-29"
"https://careerwithmohit.online/blog/pgdm-colleges-under-6-lakhs-india-2027","Top PGDM & MBA Colleges Under 6 Lakhs Fees: Best ROI B-Schools 2027","low fee pgdm colleges in india 2027","848","MBA","2026-07-22","Standard Post (848 words)","Retain URL & Optimize in Batches (AEO Snippets, Title, Meta, Schema, FAQs, Fact Verification)","https://careerwithmohit.online/blog/pgdm-colleges-under-6-lakhs-india-2027"
"https://careerwithmohit.online/blog/pgdm-colleges-with-best-placement-delhi-ncr-2027","PGDM Colleges with Best Placements in Delhi NCR 2027: ROI & Packages","highest placement pgdm colleges delhi ncr 2027","1271","Jobs & Careers","2026-07-22","Standard Post (1271 words)","Retain URL & Optimize in Batches (AEO Snippets, Title, Meta, Schema, FAQs, Fact Verification)","https://careerwithmohit.online/blog/pgdm-colleges-with-best-placement-delhi-ncr-2027"
"https://careerwithmohit.online/blog/pimr-indore-mba-review-2027-fees-placements-cutoff","Prestige Institute of Management and Research (PIMR Indore) Review 2027: Fees, Placements, Cutoff, Ranking & Admission Verdict","prestige institute of management and research (pimr indore) review 2027","1424","Exams","2026-09-15","Standard Post (1424 words)","Retain URL & Optimize in Batches (AEO Snippets, Title, Meta, Schema, FAQs, Fact Verification)","https://careerwithmohit.online/blog/pimr-indore-mba-review-2027-fees-placements-cutoff"
"https://careerwithmohit.online/blog/plaksha-university-mohali-review-2027-29","Plaksha University, Mohali Review 2027–29: Placements, Fees, Courses & Admission","Plaksha University Mohali review 2027–29","1388","Jobs & Careers","2026-08-03","Standard Post (1388 words)","Retain URL & Optimize in Batches (AEO Snippets, Title, Meta, Schema, FAQs, Fact Verification)","https://careerwithmohit.online/blog/plaksha-university-mohali-review-2027-29"
"https://careerwithmohit.online/blog/poddar-jaipur-mba-pgdm-review-2027-fees-placements-cutoff","Poddar Business School, Jaipur PGDM 2027: Fees, Cutoff & Placements ROI","poddar business school, jaipur pgdm admission 2027","1111","MBA Admissions","2026-09-27","Standard Post (1111 words)","Retain URL & Optimize in Batches (AEO Snippets, Title, Meta, Schema, FAQs, Fact Verification)","https://careerwithmohit.online/blog/poddar-jaipur-mba-pgdm-review-2027-fees-placements-cutoff"
"https://careerwithmohit.online/blog/pondicherry-university-review-2027-29","Pondicherry University Review 2027–29: Fees, Placements & Admission Process","Pondicherry University admission 2026","612","Online Degrees","2026-05-24","Standard Post (612 words)","Retain URL & Optimize in Batches (AEO Snippets, Title, Meta, Schema, FAQs, Fact Verification)","https://careerwithmohit.online/blog/pondicherry-university-review-2027-29"
"https://careerwithmohit.online/blog/poornima-jaipur-mba-pgdm-review-2027-fees-placements-cutoff","Poornima University PGDM 2027: Fees, Cutoff & Placements ROI","poornima university (gcec jaipur) pgdm admission 2027","1101","MBA Admissions","2026-09-27","Standard Post (1101 words)","Retain URL & Optimize in Batches (AEO Snippets, Title, Meta, Schema, FAQs, Fact Verification)","https://careerwithmohit.online/blog/poornima-jaipur-mba-pgdm-review-2027-fees-placements-cutoff"
"https://careerwithmohit.online/blog/poornima-university-gcec-mba-review-2027-29","Poornima University GCEC MBA Review (2026-2027): Real Placements, Fees & Cutoffs–29: The Best ROI in Jaipur?","[Poornima University](/colleges/poornima-jaipur/) GCEC MBA review 2027–29","659","Jobs & Careers","2026-03-25","Standard Post (659 words)","Retain URL & Optimize in Batches (AEO Snippets, Title, Meta, Schema, FAQs, Fact Verification)","https://careerwithmohit.online/blog/poornima-university-gcec-mba-review-2027-29"
"https://careerwithmohit.online/blog/poornima-university-jaipur-review-2027-29","Poornima University, Jaipur Review 2027–29: Placements, Fees, Courses & Admission","Poornima University review 2027–29","1277","Jobs & Careers","2026-08-03","Standard Post (1277 words)","Retain URL & Optimize in Batches (AEO Snippets, Title, Meta, Schema, FAQs, Fact Verification)","https://careerwithmohit.online/blog/poornima-university-jaipur-review-2027-29"
"https://careerwithmohit.online/blog/poornima-university-mba-review-2027-29","Poornima University Jaipur MBA Review 2027–29: Placements, Fees & Cutoff","[Poornima University](/colleges/poornima-jaipur/) Jaipur MBA review","839","Online Degrees","2026-03-20","Standard Post (839 words)","Retain URL & Optimize in Batches (AEO Snippets, Title, Meta, Schema, FAQs, Fact Verification)","https://careerwithmohit.online/blog/poornima-university-mba-review-2027-29"
"https://careerwithmohit.online/blog/presidency-university-bangalore-review-2027-29","Presidency University, Bangalore Review 2027–29: Placements, Fees, Courses & Admission","Presidency University Bangalore review 2027–29","1313","Jobs & Careers","2026-08-03","Standard Post (1313 words)","Retain URL & Optimize in Batches (AEO Snippets, Title, Meta, Schema, FAQs, Fact Verification)","https://careerwithmohit.online/blog/presidency-university-bangalore-review-2027-29"
"https://careerwithmohit.online/blog/private-mba-colleges-under-10-lakhs-delhi-ncr","Top Private MBA Colleges in Delhi NCR Under 10 Lakhs (2027–29): Fees & ROI","MBA colleges in Delhi under 10 lakhs","1082","Jobs & Careers","2026-03-17","Standard Post (1082 words)","Retain URL & Optimize in Batches (AEO Snippets, Title, Meta, Schema, FAQs, Fact Verification)","https://careerwithmohit.online/blog/private-mba-colleges-under-10-lakhs-delhi-ncr"
"https://careerwithmohit.online/blog/private-pgdm-colleges-under-10-lakhs-delhi-ncr","Top AICTE Approved PGDM Colleges in Delhi NCR Under 10 Lakhs (2027–29)","career counselling","1001","Jobs & Careers","2026-03-17","Standard Post (1001 words)","Retain URL & Optimize in Batches (AEO Snippets, Title, Meta, Schema, FAQs, Fact Verification)","https://careerwithmohit.online/blog/private-pgdm-colleges-under-10-lakhs-delhi-ncr"
"https://careerwithmohit.online/blog/profile-evaluation-for-iim-calls-cat-85-percentile","Profile Evaluation for IIM Calls at CAT 85 Percentile: Composite Score, Cutoffs & B-School Matrix","profile evaluation for iim calls cat 85 percentile","846","MBA","2026-09-12","Standard Post (846 words)","Retain URL & Optimize in Batches (AEO Snippets, Title, Meta, Schema, FAQs, Fact Verification)","https://careerwithmohit.online/blog/profile-evaluation-for-iim-calls-cat-85-percentile"
"https://careerwithmohit.online/blog/psg-college-institute-of-management-coimbatore-review-2027-29","PSG College of Technology / PSG Institute of Management, Coimbatore Review 2027–29: Placements, Fees, Courses & Admission","PSG Tech & PSGIM Coimbatore review 2027–29","1621","Exams","2026-08-03","Standard Post (1621 words)","Retain URL & Optimize in Batches (AEO Snippets, Title, Meta, Schema, FAQs, Fact Verification)","https://careerwithmohit.online/blog/psg-college-institute-of-management-coimbatore-review-2027-29"
"https://careerwithmohit.online/blog/psg-institute-of-management-mba-review-2027-fees-placements-cutoff","PSG Institute of Management (PSGIM) Review 2027: Fees, Placements, Cutoff, Ranking & Admission Verdict","psg institute of management (psgim) review 2027","1341","MBA","2026-09-15","Standard Post (1341 words)","Retain URL & Optimize in Batches (AEO Snippets, Title, Meta, Schema, FAQs, Fact Verification)","https://careerwithmohit.online/blog/psg-institute-of-management-mba-review-2027-fees-placements-cutoff"
"https://careerwithmohit.online/blog/psg-medical-college-coimbatore-mbbs-admission-2027-29","PSG Institute of Medical Sciences & Research, Coimbatore MBBS Admission 2026: Process, NEET Cutoff & Fee Structure","PSG Medical College Coimbatore MBBS admission 2026","1340","Medical/MBBS","2026-07-21","Standard Post (1340 words)","Retain URL & Optimize in Batches (AEO Snippets, Title, Meta, Schema, FAQs, Fact Verification)","https://careerwithmohit.online/blog/psg-medical-college-coimbatore-mbbs-admission-2027-29"
"https://careerwithmohit.online/blog/pumba-pune-university-executive-mba-review","Department of Management Sciences (PUMBA), Savitribai Phule Pune University Executive MBA Review","Department of Management Sciences (PUMBA), Savitribai Phule Pune University executive mba","645","Exams","2026-07-22","Standard Post (645 words)","Retain URL & Optimize in Batches (AEO Snippets, Title, Meta, Schema, FAQs, Fact Verification)","https://careerwithmohit.online/blog/pumba-pune-university-executive-mba-review"
"https://careerwithmohit.online/blog/pune-pgdm-admission-2027-fees-placements-cat-2026-xat-exam","Top PGDM Colleges in Pune Admission 2027: Fees, Placements & CAT 2027–29 / XAT Exam Cutoffs","pgdm admission 2027","637","Exams","2026-09-03","Standard Post (637 words)","Retain URL & Optimize in Batches (AEO Snippets, Title, Meta, Schema, FAQs, Fact Verification)","https://careerwithmohit.online/blog/pune-pgdm-admission-2027-fees-placements-cat-2026-xat-exam"
"https://careerwithmohit.online/blog/rajagiri-business-school-kochi-review-2027-29","Rajagiri Business School / Rajagiri College of Social Sciences, Kochi Review 2027–29: Placements, Fees, Courses & Admission","Rajagiri Business School Kochi review 2027–29","1659","Jobs & Careers","2026-08-03","Standard Post (1659 words)","Retain URL & Optimize in Batches (AEO Snippets, Title, Meta, Schema, FAQs, Fact Verification)","https://careerwithmohit.online/blog/rajagiri-business-school-kochi-review-2027-29"
"https://careerwithmohit.online/blog/rajagiri-centre-for-business-studies-mba-review-2027-fees-placements-cutoff","Rajagiri Centre for Business Studies (RCBS Kochi) Review 2027: Fees, Placements, Cutoff, Ranking & Admission Verdict","rajagiri centre for business studies (rcbs kochi) review 2027","1392","Exams","2026-09-15","Standard Post (1392 words)","Retain URL & Optimize in Batches (AEO Snippets, Title, Meta, Schema, FAQs, Fact Verification)","https://careerwithmohit.online/blog/rajagiri-centre-for-business-studies-mba-review-2027-fees-placements-cutoff"
"https://careerwithmohit.online/blog/ramaiah-institute-of-management-bangalore-executive-mba-review","Ramaiah Institute of Management, Bangalore Executive MBA Review","Ramaiah Institute of Management, Bangalore executive mba","625","Exams","2026-07-22","Standard Post (625 words)","Retain URL & Optimize in Batches (AEO Snippets, Title, Meta, Schema, FAQs, Fact Verification)","https://careerwithmohit.online/blog/ramaiah-institute-of-management-bangalore-executive-mba-review"
"https://careerwithmohit.online/blog/ramaiah-university-ruas-bangalore-review-2027-29","Ramaiah University of Applied Sciences (RUAS), Bangalore Review 2027–29: Placements, Fees, Courses & Admission","Ramaiah University (RUAS) review 2027–29","1343","Jobs & Careers","2026-08-03","Standard Post (1343 words)","Retain URL & Optimize in Batches (AEO Snippets, Title, Meta, Schema, FAQs, Fact Verification)","https://careerwithmohit.online/blog/ramaiah-university-ruas-bangalore-review-2027-29"
"https://careerwithmohit.online/blog/rbi-young-professional-recruitment-2027-29","RBI Young Professional Recruitment 2026: Apply Without Exam for 12 Posts","RBI Young Professional hiring without exam","928","Jobs & Careers","2026-06-27","Standard Post (928 words)","Retain URL & Optimize in Batches (AEO Snippets, Title, Meta, Schema, FAQs, Fact Verification)","https://careerwithmohit.online/blog/rbi-young-professional-recruitment-2027-29"
"https://careerwithmohit.online/blog/rbse-10th-result-2026-declared-check-link","RBSE 10th Result 2026 Declared: Check Rajasthan Board Class 10 Result at rajresults.nic.in","RBSE 10th result 2026 declared","622","Jobs & Careers","2026-03-24","Standard Post (622 words)","Retain URL & Optimize in Batches (AEO Snippets, Title, Meta, Schema, FAQs, Fact Verification)","https://careerwithmohit.online/blog/rbse-10th-result-2026-declared-check-link"
"https://careerwithmohit.online/blog/rbse-12th-result-2026-declared-check-link","RBSE 12th Result 2026 Declared: How to Check Rajasthan Board Class 12 Science, Commerce, and Arts Marks","RBSE 12th result 2026 declared","673","Jobs & Careers","2026-04-01","Standard Post (673 words)","Retain URL & Optimize in Batches (AEO Snippets, Title, Meta, Schema, FAQs, Fact Verification)","https://careerwithmohit.online/blog/rbse-12th-result-2026-declared-check-link"
"https://careerwithmohit.online/blog/rbse-12th-result-2026-expected-date","RBSE 12th Result 2026 Expected Date: Rajasthan Board Class 12 Result Tomorrow at 10 AM","RBSE 12th result 2026 expected date","644","Jobs & Careers","2026-03-30","Standard Post (644 words)","Retain URL & Optimize in Batches (AEO Snippets, Title, Meta, Schema, FAQs, Fact Verification)","https://careerwithmohit.online/blog/rbse-12th-result-2026-expected-date"
"https://careerwithmohit.online/blog/rbse-12th-scrutiny-rechecking-2026-process","RBSE 12th Rechecking & Scrutiny 2026: How to Apply Online, Fees, and Last Date","RBSE 12th rechecking 2026","714","Jobs & Careers","2026-04-01","Standard Post (714 words)","Retain URL & Optimize in Batches (AEO Snippets, Title, Meta, Schema, FAQs, Fact Verification)","https://careerwithmohit.online/blog/rbse-12th-scrutiny-rechecking-2026-process"
"https://careerwithmohit.online/blog/reap-counselling-2026-rajasthan-btech-admission","REAP Counselling 2026: Dates, Registration, Fees & Process (Rajasthan B.Tech Admission)","REAP Counselling 2026 dates","680","B.Tech","2026-03-24","Standard Post (680 words)","Retain URL & Optimize in Batches (AEO Snippets, Title, Meta, Schema, FAQs, Fact Verification)","https://careerwithmohit.online/blog/reap-counselling-2026-rajasthan-btech-admission"
"https://careerwithmohit.online/blog/reap-final-counselling-cutoff-college-list-2027-29","REAP Final Counselling Cutoff & College List 2026: Expected Cutoffs & Admission Guide","REAP final cutoff 2027–29","1451","B.Tech","2026-07-12","Standard Post (1451 words)","Retain URL & Optimize in Batches (AEO Snippets, Title, Meta, Schema, FAQs, Fact Verification)","https://careerwithmohit.online/blog/reap-final-counselling-cutoff-college-list-2027-29"
"https://careerwithmohit.online/blog/reva-university-bangalore-review-2027-29","REVA University, Bangalore Review 2027–29: Placements, Fees, Courses & Admission","REVA University Bangalore review 2027–29","1325","Jobs & Careers","2026-08-03","Standard Post (1325 words)","Retain URL & Optimize in Batches (AEO Snippets, Title, Meta, Schema, FAQs, Fact Verification)","https://careerwithmohit.online/blog/reva-university-bangalore-review-2027-29"
"https://careerwithmohit.online/blog/rit-roorkee-mba-pgdm-review-2027-fees-placements-cutoff","Roorkee Institute of Technology PGDM 2027: Fees, Cutoff & Placements ROI","roorkee institute of technology (rit roorkee) pgdm admission 2027","1107","MBA Admissions","2026-09-27","Standard Post (1107 words)","Retain URL & Optimize in Batches (AEO Snippets, Title, Meta, Schema, FAQs, Fact Verification)","https://careerwithmohit.online/blog/rit-roorkee-mba-pgdm-review-2027-fees-placements-cutoff"
"https://careerwithmohit.online/blog/rotman-school-of-management-mba-review-2027-29","Rotman School of Management MBA Review 2027–29: Fees in INR, Placements & Admission","Rotman School of Management MBA 2027–29","890","Exams","2026-04-14","Standard Post (890 words)","Retain URL & Optimize in Batches (AEO Snippets, Title, Meta, Schema, FAQs, Fact Verification)","https://careerwithmohit.online/blog/rotman-school-of-management-mba-review-2027-29"
"https://careerwithmohit.online/blog/rv-university-bangalore-btech-admission-2026-fees-review","RV University (RVU) Bangalore B.Tech Admission 2026: Fees, Review & Placements","RV University Bangalore BTech admission 2026","630","Online Degrees","2026-03-24","Standard Post (630 words)","Retain URL & Optimize in Batches (AEO Snippets, Title, Meta, Schema, FAQs, Fact Verification)","https://careerwithmohit.online/blog/rv-university-bangalore-btech-admission-2026-fees-review"
"https://careerwithmohit.online/blog/sanskriti-university-online-mba-review-2027-29","Sanskriti University Online MBA Review 2027–29: Placements, Fees & Admission","Sanskriti University online MBA review","859","Online Degrees","2026-03-26","Standard Post (859 words)","Retain URL & Optimize in Batches (AEO Snippets, Title, Meta, Schema, FAQs, Fact Verification)","https://careerwithmohit.online/blog/sanskriti-university-online-mba-review-2027-29"
"https://careerwithmohit.online/blog/sastra-university-online-review-2027-29","SASTRA University Online Review (2026-2027): Real Placements, Fees & Cutoffs–29: MBA, MCA, M.Com & B.Com Fee Structure","SASTRA University Online review 2027–29","869","Online Degrees","2026-04-05","Standard Post (869 words)","Retain URL & Optimize in Batches (AEO Snippets, Title, Meta, Schema, FAQs, Fact Verification)","https://careerwithmohit.online/blog/sastra-university-online-review-2027-29"
"https://careerwithmohit.online/blog/sathyabama-institute-chennai-review-2027-29","Sathyabama Institute of Science and Technology, Chennai Review 2027–29: Placements, Fees, Courses & Admission","Sathyabama University Chennai review 2027–29","1401","Jobs & Careers","2026-08-03","Standard Post (1401 words)","Retain URL & Optimize in Batches (AEO Snippets, Title, Meta, Schema, FAQs, Fact Verification)","https://careerwithmohit.online/blog/sathyabama-institute-chennai-review-2027-29"
"https://careerwithmohit.online/blog/save-income-tax-india-80c-80d-guide-2027-29","How to Save Tax Under Section 80C & 80D — 2026 Ultimate Guide","how to save tax in india 2026","828","Jobs & Careers","2026-04-21","Standard Post (828 words)","Retain URL & Optimize in Batches (AEO Snippets, Title, Meta, Schema, FAQs, Fact Verification)","https://careerwithmohit.online/blog/save-income-tax-india-80c-80d-guide-2027-29"
"https://careerwithmohit.online/blog/sbi-po-vacancy-process-2027-29","SBI PO Vacancy Process 2026: Notification, Exam Pattern & Selection Stages","SBI PO vacancy process 2026","1216","Exams","2026-06-27","Standard Post (1216 words)","Retain URL & Optimize in Batches (AEO Snippets, Title, Meta, Schema, FAQs, Fact Verification)","https://careerwithmohit.online/blog/sbi-po-vacancy-process-2027-29"
"https://careerwithmohit.online/blog/scaler-school-of-technology-btech-honest-review-cons","Scaler School of Technology B.Tech Review: 5 Negative Points You Must Know","scaler school of technology review","787","Online Degrees","2026-05-03","Standard Post (787 words)","Retain URL & Optimize in Batches (AEO Snippets, Title, Meta, Schema, FAQs, Fact Verification)","https://careerwithmohit.online/blog/scaler-school-of-technology-btech-honest-review-cons"
"https://careerwithmohit.online/blog/scaler-vs-newton-school-of-technology-negative-review","Scaler vs Newton School of Technology: 7 Negative Points No One Tells You","scaler school of technology negative review","1002","B.Tech","2026-04-14","Standard Post (1002 words)","Retain URL & Optimize in Batches (AEO Snippets, Title, Meta, Schema, FAQs, Fact Verification)","https://careerwithmohit.online/blog/scaler-vs-newton-school-of-technology-negative-review"
"https://careerwithmohit.online/blog/scaling-coaching-for-global-students-branded-app","Scaling for Global Students 2026 — Serving International Markets via Branded Apps","scale coaching business globally 2026","774","Jobs & Careers","2026-04-21","Standard Post (774 words)","Retain URL & Optimize in Batches (AEO Snippets, Title, Meta, Schema, FAQs, Fact Verification)","https://careerwithmohit.online/blog/scaling-coaching-for-global-students-branded-app"
"https://careerwithmohit.online/blog/scdl-symbiosis-online-review-2027-29","Symbiosis Centre for Distance Learning (SCDL) Review (2026-2027): Real Placements, Fees & Cutoffs–29: PGDBA & MBA Fee Structure","SCDL review 2027–29","886","Online Degrees","2026-04-05","Standard Post (886 words)","Retain URL & Optimize in Batches (AEO Snippets, Title, Meta, Schema, FAQs, Fact Verification)","https://careerwithmohit.online/blog/scdl-symbiosis-online-review-2027-29"
"https://careerwithmohit.online/blog/schulich-school-of-business-mba-review-2027-29","Schulich School of Business MBA Review 2027–29: Fees in INR, Placements & Admission","Schulich School of Business MBA 2027–29","890","Exams","2026-04-14","Standard Post (890 words)","Retain URL & Optimize in Batches (AEO Snippets, Title, Meta, Schema, FAQs, Fact Verification)","https://careerwithmohit.online/blog/schulich-school-of-business-mba-review-2027-29"
"https://careerwithmohit.online/blog/scmhrd-pune-executive-mba-review","Symbiosis Centre for Management and Human Resource Development (SCMHRD), Pune Executive MBA Review","Symbiosis Centre for Management and Human Resource Development (SCMHRD), Pune executive mba","642","Exams","2026-07-22","Standard Post (642 words)","Retain URL & Optimize in Batches (AEO Snippets, Title, Meta, Schema, FAQs, Fact Verification)","https://careerwithmohit.online/blog/scmhrd-pune-executive-mba-review"
"https://careerwithmohit.online/blog/scms-cochin-school-of-business-kochi-review-2027-29","SCMS Group of Institutions (SCMS Cochin School of Business), Kochi Review 2027–29: Placements, Fees, Courses & Admission","SCMS Cochin School of Business review 2027–29","1432","Jobs & Careers","2026-08-03","Standard Post (1432 words)","Retain URL & Optimize in Batches (AEO Snippets, Title, Meta, Schema, FAQs, Fact Verification)","https://careerwithmohit.online/blog/scms-cochin-school-of-business-kochi-review-2027-29"
"https://careerwithmohit.online/blog/sda-bocconi-mba-review-2027-29","SDA Bocconi MBA Review 2027–29: Fees in INR, Placements & Admission","SDA Bocconi MBA 2027–29","876","Exams","2026-04-14","Standard Post (876 words)","Retain URL & Optimize in Batches (AEO Snippets, Title, Meta, Schema, FAQs, Fact Verification)","https://careerwithmohit.online/blog/sda-bocconi-mba-review-2027-29"
"https://careerwithmohit.online/blog/sda-bocconi-mumbai-imb-review-2027-fees-placements-cutoff","SDA Bocconi Mumbai MBA Admission 2027: Fees, Cutoff & ROI","sda bocconi asia center mba admission 2027","1393","MBA","2026-09-26","Standard Post (1393 words)","Retain URL & Optimize in Batches (AEO Snippets, Title, Meta, Schema, FAQs, Fact Verification)","https://careerwithmohit.online/blog/sda-bocconi-mumbai-imb-review-2027-fees-placements-cutoff"
"https://careerwithmohit.online/blog/september-mat-exam-2026-mba-admission-2027-cutoffs-strategy","September MAT Exam 2026: MBA Admission 2027 Cutoffs, Fees & Strategy","september mat exam 2026","840","MBA","2026-09-29","Standard Post (840 words)","Retain URL & Optimize in Batches (AEO Snippets, Title, Meta, Schema, FAQs, Fact Verification)","https://careerwithmohit.online/blog/september-mat-exam-2026-mba-admission-2027-cutoffs-strategy"
"https://careerwithmohit.online/blog/sgt-university-gurugram-review-2027-29","SGT University, Gurugram Review 2027–29: Placements, Fees, Courses & Admission","SGT University review 2027–29","1322","Jobs & Careers","2026-08-03","Standard Post (1322 words)","Retain URL & Optimize in Batches (AEO Snippets, Title, Meta, Schema, FAQs, Fact Verification)","https://careerwithmohit.online/blog/sgt-university-gurugram-review-2027-29"
"https://careerwithmohit.online/blog/sharda-university-greater-noida-executive-mba-review","Sharda University, Greater Noida Executive MBA Review","Sharda University, Greater Noida executive mba","639","Exams","2026-07-22","Standard Post (639 words)","Retain URL & Optimize in Batches (AEO Snippets, Title, Meta, Schema, FAQs, Fact Verification)","https://careerwithmohit.online/blog/sharda-university-greater-noida-executive-mba-review"
"https://careerwithmohit.online/blog/sharda-university-greater-noida-review-2027-29","Sharda University, Greater Noida Review 2027–29: Placements, Fees, Courses & Admission","Sharda University review 2027–29","1316","Jobs & Careers","2026-08-03","Standard Post (1316 words)","Retain URL & Optimize in Batches (AEO Snippets, Title, Meta, Schema, FAQs, Fact Verification)","https://careerwithmohit.online/blog/sharda-university-greater-noida-review-2027-29"
"https://careerwithmohit.online/blog/sharda-university-medical-college-greater-noida-mbbs-admission-2026","Sharda University (School of Medical Sciences & Research - SMSR), Greater Noida MBBS Admission 2026: Process, NEET Cutoff & Fee Structure","Sharda Medical College Greater Noida MBBS admission 2026","1213","Medical/MBBS","2026-07-21","Standard Post (1213 words)","Retain URL & Optimize in Batches (AEO Snippets, Title, Meta, Schema, FAQs, Fact Verification)","https://careerwithmohit.online/blog/sharda-university-medical-college-greater-noida-mbbs-admission-2026"
"https://careerwithmohit.online/blog/sharda-university-online-mba-review-2027-29","Sharda University Online MBA Review 2027–29: Placements, Fees & Admission","[Sharda University](/colleges/sharda-greater-noida/) online MBA review","842","Online Degrees","2026-03-26","Standard Post (842 words)","Retain URL & Optimize in Batches (AEO Snippets, Title, Meta, Schema, FAQs, Fact Verification)","https://careerwithmohit.online/blog/sharda-university-online-mba-review-2027-29"
"https://careerwithmohit.online/blog/shiv-nadar-university-greater-noida-review-2027-29","Shiv Nadar University, Greater Noida Review 2027–29: Placements, Fees, Courses & Admission","Shiv Nadar University (SNU) review 2027–29","1328","Jobs & Careers","2026-08-03","Standard Post (1328 words)","Retain URL & Optimize in Batches (AEO Snippets, Title, Meta, Schema, FAQs, Fact Verification)","https://careerwithmohit.online/blog/shiv-nadar-university-greater-noida-review-2027-29"
"https://careerwithmohit.online/blog/shiv-nadar-university-snu-greater-noida-executive-mba-review","Shiv Nadar University (SNU), Greater Noida Executive MBA Review","Shiv Nadar University (SNU), Greater Noida executive mba","640","Exams","2026-07-22","Standard Post (640 words)","Retain URL & Optimize in Batches (AEO Snippets, Title, Meta, Schema, FAQs, Fact Verification)","https://careerwithmohit.online/blog/shiv-nadar-university-snu-greater-noida-executive-mba-review"
"https://careerwithmohit.online/blog/shoolini-university-online-review-2027-29","Shoolini University Online Review (2026-2027): Real Placements, Fees & Cutoffs–29: MBA, MCA, BBA & BCA Fee Structure","Shoolini University Online review 2027–29","852","Online Degrees","2026-04-05","Standard Post (852 words)","Retain URL & Optimize in Batches (AEO Snippets, Title, Meta, Schema, FAQs, Fact Verification)","https://careerwithmohit.online/blog/shoolini-university-online-review-2027-29"
"https://careerwithmohit.online/blog/shoolini-university-solan-mba-review-2027-fees-placements-cutoff","Faculty of Management Sciences, Shoolini University Review 2027: Fees, Placements, Cutoff, Ranking & Admission Verdict","faculty of management sciences, shoolini university review 2027","1382","Exams","2026-09-15","Standard Post (1382 words)","Retain URL & Optimize in Batches (AEO Snippets, Title, Meta, Schema, FAQs, Fact Verification)","https://careerwithmohit.online/blog/shoolini-university-solan-mba-review-2027-fees-placements-cutoff"
"https://careerwithmohit.online/blog/shri-venkateshwara-university-online-mba-review-2027-29","Shri Venkateshwara University Online MBA Review 2027–29: Placements, Fees & Admission","Shri Venkateshwara University online MBA review","868","Online Degrees","2026-03-26","Standard Post (868 words)","Retain URL & Optimize in Batches (AEO Snippets, Title, Meta, Schema, FAQs, Fact Verification)","https://careerwithmohit.online/blog/shri-venkateshwara-university-online-mba-review-2027-29"
"https://careerwithmohit.online/blog/sibm-noida-review-2027-29","SIBM Noida Review 2027–29: Fees, Placements, Cutoffs & ROI Analysis","SIBM Noida review 2027–29","1286","Exams","2026-08-03","Standard Post (1286 words)","Retain URL & Optimize in Batches (AEO Snippets, Title, Meta, Schema, FAQs, Fact Verification)","https://careerwithmohit.online/blog/sibm-noida-review-2027-29"
"https://careerwithmohit.online/blog/sibm-pune-executive-mba-review","Symbiosis Institute of Business Management (SIBM), Pune Executive MBA Review","Symbiosis Institute of Business Management (SIBM), Pune executive mba","653","Exams","2026-07-22","Standard Post (653 words)","Retain URL & Optimize in Batches (AEO Snippets, Title, Meta, Schema, FAQs, Fact Verification)","https://careerwithmohit.online/blog/sibm-pune-executive-mba-review"
"https://careerwithmohit.online/blog/sibm-pune-mba-review-2027-fees-placements-cutoff","SIBM Pune MBA Admission 2027: Fees, Cutoff & Placements ROI","sibm pune mba admission 2027","1315","MBA","2026-09-26","Standard Post (1315 words)","Retain URL & Optimize in Batches (AEO Snippets, Title, Meta, Schema, FAQs, Fact Verification)","https://careerwithmohit.online/blog/sibm-pune-mba-review-2027-fees-placements-cutoff"
"https://careerwithmohit.online/blog/sies-navi-mumbai-review-2027-29","SIES College of Management Studies Navi Mumbai Review 2027–29: Fees, Placements, Cutoffs & ROI Analysis","SIES College of Management Studies Navi Mumbai review 2027–29","1398","Exams","2026-08-03","Standard Post (1398 words)","Retain URL & Optimize in Batches (AEO Snippets, Title, Meta, Schema, FAQs, Fact Verification)","https://careerwithmohit.online/blog/sies-navi-mumbai-review-2027-29"
"https://careerwithmohit.online/blog/sikkim-manipal-university-online-mba-review-2027-29","Sikkim Manipal University Online MBA Review (2026-2027): Real Placements, Fees & Cutoffs–29: Fees ₹1,00,000-₹1,20,000 | SMU DDE","Sikkim Manipal University online MBA review 2027–29","1268","Online Degrees","2026-05-10","Standard Post (1268 words)","Retain URL & Optimize in Batches (AEO Snippets, Title, Meta, Schema, FAQs, Fact Verification)","https://careerwithmohit.online/blog/sikkim-manipal-university-online-mba-review-2027-29"
"https://careerwithmohit.online/blog/sims-pune-executive-mba-review","Symbiosis Institute of Management Studies (SIMS), Pune Executive MBA Review","Symbiosis Institute of Management Studies (SIMS), Pune executive mba","655","Exams","2026-07-22","Standard Post (655 words)","Retain URL & Optimize in Batches (AEO Snippets, Title, Meta, Schema, FAQs, Fact Verification)","https://careerwithmohit.online/blog/sims-pune-executive-mba-review"
"https://careerwithmohit.online/blog/sims-pune-mba-review-2027-fees-placements-cutoff","SIMS Pune MBA Admission 2027: Fees, Cutoff & Placements ROI","sims pune mba admission 2027","1313","MBA","2026-09-26","Standard Post (1313 words)","Retain URL & Optimize in Batches (AEO Snippets, Title, Meta, Schema, FAQs, Fact Verification)","https://careerwithmohit.online/blog/sims-pune-mba-review-2027-fees-placements-cutoff"
"https://careerwithmohit.online/blog/simsree-mumbai-review-2027-29","SIMSREE Mumbai (Sydenham Institute of Management Studies) Review 2027–29: Fees, Placements, Cutoffs & ROI Analysis","SIMSREE Mumbai (Sydenham Institute of Management Studies) review 2027–29","1371","Exams","2026-08-03","Standard Post (1371 words)","Retain URL & Optimize in Batches (AEO Snippets, Title, Meta, Schema, FAQs, Fact Verification)","https://careerwithmohit.online/blog/simsree-mumbai-review-2027-29"
"https://careerwithmohit.online/blog/sjmsom-iit-bombay-executive-mba-review","Shailesh J. Mehta School of Management (SJMSOM), IIT Bombay Executive MBA Review","Shailesh J. Mehta School of Management (SJMSOM), IIT Bombay executive mba","679","Exams","2026-07-22","Standard Post (679 words)","Retain URL & Optimize in Batches (AEO Snippets, Title, Meta, Schema, FAQs, Fact Verification)","https://careerwithmohit.online/blog/sjmsom-iit-bombay-executive-mba-review"
"https://careerwithmohit.online/blog/sjmsom-iit-bombay-mba-placement-report-2027-29","SJMSOM, IIT Bombay MBA Placement Report 2027–29: Average CTC ₹25.82 LPA, Highest ₹53.80 LPA & Top Recruiters","sjmsom iit bombay mba placement report 2027–29","605","Exams","2026-08-15","Standard Post (605 words)","Retain URL & Optimize in Batches (AEO Snippets, Title, Meta, Schema, FAQs, Fact Verification)","https://careerwithmohit.online/blog/sjmsom-iit-bombay-mba-placement-report-2027-29"
"https://careerwithmohit.online/blog/skills-to-become-entrepreneur-after-bba","Essential Skills to Become an Entrepreneur After BBA","entrepreneur skills after BBA","1047","BBA","2026-05-16","Standard Post (1047 words)","Retain URL & Optimize in Batches (AEO Snippets, Title, Meta, Schema, FAQs, Fact Verification)","https://careerwithmohit.online/blog/skills-to-become-entrepreneur-after-bba"
"https://careerwithmohit.online/blog/smith-school-of-business-queens-mba-review-2027-29","Smith School of Business MBA Review 2027–29: Fees in INR, Placements & Admission","Smith School of Business MBA 2027–29","890","Exams","2026-04-14","Standard Post (890 words)","Retain URL & Optimize in Batches (AEO Snippets, Title, Meta, Schema, FAQs, Fact Verification)","https://careerwithmohit.online/blog/smith-school-of-business-queens-mba-review-2027-29"
"https://careerwithmohit.online/blog/snap-2026-27-speed-accuracy-blueprint-sibm-pune","SNAP 2026-27 Speed & Accuracy Blueprint: Crack SIBM Pune & SCMHRD in 60 Minutes","SNAP 2026 speed and accuracy blueprint","1569","Exams","2026-08-28","Standard Post (1569 words)","Retain URL & Optimize in Batches (AEO Snippets, Title, Meta, Schema, FAQs, Fact Verification)","https://careerwithmohit.online/blog/snap-2026-27-speed-accuracy-blueprint-sibm-pune"
"https://careerwithmohit.online/blog/snap-2026-application-form-notification-registration-dates-fees-guide","SNAP 2026 Application Form Notification Out: Registration Dates, Eligibility, Fees & Step-by-Step Apply Guide","SNAP application form notification","2147","Exams","2026-08-19","Standard Post (2147 words)","Retain URL & Optimize in Batches (AEO Snippets, Title, Meta, Schema, FAQs, Fact Verification)","https://careerwithmohit.online/blog/snap-2026-application-form-notification-registration-dates-fees-guide"
"https://careerwithmohit.online/blog/snap-2026-application-form-open-date","SNAP 2026 Application Form Open Date: Registration, Test Dates & Fees","SNAP 2026 application form open date","784","Exams","2026-07-25","Standard Post (784 words)","Retain URL & Optimize in Batches (AEO Snippets, Title, Meta, Schema, FAQs, Fact Verification)","https://careerwithmohit.online/blog/snap-2026-application-form-open-date"
"https://careerwithmohit.online/blog/snap-2026-arithmetic-heavy-quant-repeating-questions","Arithmetic‑Heavy SNAP Quant 2026: Questions That Are Repeating Every Year","SNAP Quant prep","856","Exams","2026-05-21","Standard Post (856 words)","Retain URL & Optimize in Batches (AEO Snippets, Title, Meta, Schema, FAQs, Fact Verification)","https://careerwithmohit.online/blog/snap-2026-arithmetic-heavy-quant-repeating-questions"
"https://careerwithmohit.online/blog/snap-2026-multiple-attempts-maximize-best-score","How to Use Multiple Attempts in SNAP 2026 to Maximize Your Best Score","SNAP multiple attempts","798","Exams","2026-05-21","Standard Post (798 words)","Retain URL & Optimize in Batches (AEO Snippets, Title, Meta, Schema, FAQs, Fact Verification)","https://careerwithmohit.online/blog/snap-2026-multiple-attempts-maximize-best-score"
"https://careerwithmohit.online/blog/snap-2026-section-wise-trends-which-sections-attempt-first","SNAP 2026 Section‑Wise Trends: Which 60‑Second Sections to Attempt First","SNAP exam 2026","817","Exams","2026-05-21","Standard Post (817 words)","Retain URL & Optimize in Batches (AEO Snippets, Title, Meta, Schema, FAQs, Fact Verification)","https://careerwithmohit.online/blog/snap-2026-section-wise-trends-which-sections-attempt-first"
"https://careerwithmohit.online/blog/snap-exam-updated-syllabus-2027-29","SNAP Exam Updated Syllabus 2026: Topic-Wise Weightage, Exam Pattern & Changes","SNAP exam updated syllabus 2026","1368","Exams","2026-08-21","Standard Post (1368 words)","Retain URL & Optimize in Batches (AEO Snippets, Title, Meta, Schema, FAQs, Fact Verification)","https://careerwithmohit.online/blog/snap-exam-updated-syllabus-2027-29"
"https://careerwithmohit.online/blog/snap-vs-nmat-which-exam-is-easier-for-15-lpa-mba","SNAP vs NMAT: Which Exam is Easier to Crack for a 15+ LPA MBA in 2027–29?","snap vs nmat which exam is easier for 15 lpa mba","842","Exams","2026-09-12","Standard Post (842 words)","Retain URL & Optimize in Batches (AEO Snippets, Title, Meta, Schema, FAQs, Fact Verification)","https://careerwithmohit.online/blog/snap-vs-nmat-which-exam-is-easier-for-15-lpa-mba"
"https://careerwithmohit.online/blog/soil-gurgaon-1-year-pgpm-vs-2-year-pgdm-roi-fees","SOIL Gurgaon 1-Year PGPM vs 2-Year PGDM: Fees, Placement Packages & ROI Compared","soil gurgaon 1 year pgpm vs 2 year pgdm roi fees","788","MBA","2026-09-12","Standard Post (788 words)","Retain URL & Optimize in Batches (AEO Snippets, Title, Meta, Schema, FAQs, Fact Verification)","https://careerwithmohit.online/blog/soil-gurgaon-1-year-pgpm-vs-2-year-pgdm-roi-fees"
"https://careerwithmohit.online/blog/soil-gurgaon-application-form-open-2027-29-complete-review","SOIL Gurgaon Application Form Open for 2027–29: Complete Review, Fees, Placements, Cutoffs & Selection Process","SOIL Gurgaon application form open 2027-29","2255","Exams","2026-08-19","Standard Post (2255 words)","Retain URL & Optimize in Batches (AEO Snippets, Title, Meta, Schema, FAQs, Fact Verification)","https://careerwithmohit.online/blog/soil-gurgaon-application-form-open-2027-29-complete-review"
"https://careerwithmohit.online/blog/soil-gurgaon-fee-structure-2027-29","SOIL Gurgaon Fee Structure 2027–29: PGDM & PGPM Course Fees, Hostel Charges, Scholarships & ROI Analysis","SOIL Gurgaon fee structure 2027-29","2121","Exams","2026-08-19","Standard Post (2121 words)","Retain URL & Optimize in Batches (AEO Snippets, Title, Meta, Schema, FAQs, Fact Verification)","https://careerwithmohit.online/blog/soil-gurgaon-fee-structure-2027-29"
"https://careerwithmohit.online/blog/soil-gurgaon-mba-pgdm-review-2027-fees-placements-cutoff","SOIL PGDM 2027: Fees, Cutoff & Placements ROI","soil institute of management (soil) pgdm admission 2027","1327","MBA Admissions","2026-09-27","Standard Post (1327 words)","Retain URL & Optimize in Batches (AEO Snippets, Title, Meta, Schema, FAQs, Fact Verification)","https://careerwithmohit.online/blog/soil-gurgaon-mba-pgdm-review-2027-fees-placements-cutoff"
"https://careerwithmohit.online/blog/southwest-airlines-indigo-ultra-fast-turnaround-fleet-standardization","Southwest & IndiGo: Ultra-Fast Turnaround Time & Fleet Standardization Secrets","Southwest Airlines fleet standardization","1255","MBA","2026-05-28","Standard Post (1255 words)","Retain URL & Optimize in Batches (AEO Snippets, Title, Meta, Schema, FAQs, Fact Verification)","https://careerwithmohit.online/blog/southwest-airlines-indigo-ultra-fast-turnaround-fleet-standardization"
"https://careerwithmohit.online/blog/sparsh-global-greater-noida-mba-pgdm-review-2027-fees-placements-cutoff","SGBS PGDM 2027: Fees, Cutoff & Placements ROI","sparsh global business school (sgbs) pgdm admission 2027","1320","MBA Admissions","2026-09-27","Standard Post (1320 words)","Retain URL & Optimize in Batches (AEO Snippets, Title, Meta, Schema, FAQs, Fact Verification)","https://careerwithmohit.online/blog/sparsh-global-greater-noida-mba-pgdm-review-2027-fees-placements-cutoff"
"https://careerwithmohit.online/blog/spjimr-mumbai-executive-mba-review","SP Jain Institute of Management and Research (SPJIMR), Mumbai Executive MBA Review","SP Jain Institute of Management and Research (SPJIMR), Mumbai executive mba","668","Exams","2026-07-22","Standard Post (668 words)","Retain URL & Optimize in Batches (AEO Snippets, Title, Meta, Schema, FAQs, Fact Verification)","https://careerwithmohit.online/blog/spjimr-mumbai-executive-mba-review"
"https://careerwithmohit.online/blog/spjimr-mumbai-pgdm-review-2027-fees-placements-cutoff","SPJIMR MBA Admission 2027: Fees, Cutoff & ROI","spjimr mumbai mba admission 2027","1362","MBA","2026-09-26","Standard Post (1362 words)","Retain URL & Optimize in Batches (AEO Snippets, Title, Meta, Schema, FAQs, Fact Verification)","https://careerwithmohit.online/blog/spjimr-mumbai-pgdm-review-2027-fees-placements-cutoff"
"https://careerwithmohit.online/blog/spjimr-mumbai-review-2027-29","S.P. Jain Institute of Management and Research (SPJIMR) Review 2027–29: Placements, Fees, Courses & Admission","SPJIMR Mumbai review 2027–29","1542","Exams","2026-08-03","Standard Post (1542 words)","Retain URL & Optimize in Batches (AEO Snippets, Title, Meta, Schema, FAQs, Fact Verification)","https://careerwithmohit.online/blog/spjimr-mumbai-review-2027-29"
"https://careerwithmohit.online/blog/sriher-chennai-mbbs-admission-2026-process-cutoff-fee","Sri Ramachandra Institute of Higher Education and Research (SRIHER), Chennai MBBS Admission 2026: Process, NEET Cutoff & Fee Structure","Sri Ramachandra Medical College MBBS admission 2026","1106","Medical/MBBS","2026-07-21","Standard Post (1106 words)","Retain URL & Optimize in Batches (AEO Snippets, Title, Meta, Schema, FAQs, Fact Verification)","https://careerwithmohit.online/blog/sriher-chennai-mbbs-admission-2026-process-cutoff-fee"
"https://careerwithmohit.online/blog/srm-btech-admission-2026-campuses-fees-cutoff-review","SRM B.Tech Admission 2026: All Campuses, SRMJEEE Cutoffs, Fees & Placements","SRM BTech admission 2026","792","B.Tech","2026-03-24","Standard Post (792 words)","Retain URL & Optimize in Batches (AEO Snippets, Title, Meta, Schema, FAQs, Fact Verification)","https://careerwithmohit.online/blog/srm-btech-admission-2026-campuses-fees-cutoff-review"
"https://careerwithmohit.online/blog/srm-medical-college-chennai-mbbs-admission-2026","SRM Medical College Hospital & Research Centre, Chennai MBBS Admission 2026: Process, NEET Cutoff & Fee Structure","SRM Medical College Chennai MBBS admission 2026","1098","Medical/MBBS","2026-07-21","Standard Post (1098 words)","Retain URL & Optimize in Batches (AEO Snippets, Title, Meta, Schema, FAQs, Fact Verification)","https://careerwithmohit.online/blog/srm-medical-college-chennai-mbbs-admission-2026"
"https://careerwithmohit.online/blog/srm-university-online-mba-review-2027-29","SRM University Online MBA Review (2026-2027): Real Placements, Fees & Cutoffs–29: Fees ₹1,89,000 | Specializations & Placement","SRM University online MBA review 2027–29","1179","Online Degrees","2026-05-10","Standard Post (1179 words)","Retain URL & Optimize in Batches (AEO Snippets, Title, Meta, Schema, FAQs, Fact Verification)","https://careerwithmohit.online/blog/srm-university-online-mba-review-2027-29"
"https://careerwithmohit.online/blog/srm-vs-vit-btech-comparison-2026","SRM vs VIT for B.Tech 2026: Fees, Placements, Rankings & Honest Verdict","SRM vs VIT","1901","B.Tech","2026-04-27","Standard Post (1901 words)","Retain URL & Optimize in Batches (AEO Snippets, Title, Meta, Schema, FAQs, Fact Verification)","https://careerwithmohit.online/blog/srm-vs-vit-btech-comparison-2026"
"https://careerwithmohit.online/blog/srmist-chennai-review-2027-29","SRM Institute of Science and Technology (SRMIST), Kattankulathur Review 2027–29: Placements, Fees, Courses & Admission","SRM University Chennai (SRMIST) review 2027–29","1463","Jobs & Careers","2026-08-03","Standard Post (1463 words)","Retain URL & Optimize in Batches (AEO Snippets, Title, Meta, Schema, FAQs, Fact Verification)","https://careerwithmohit.online/blog/srmist-chennai-review-2027-29"
"https://careerwithmohit.online/blog/srmjeee-2026-result-date-declared-check-link","SRMJEEE 2026 Result Date: When Will SRM JEE Result Be Declared?","SRMJEEE 2026 result date","875","B.Tech","2026-04-29","Standard Post (875 words)","Retain URL & Optimize in Batches (AEO Snippets, Title, Meta, Schema, FAQs, Fact Verification)","https://careerwithmohit.online/blog/srmjeee-2026-result-date-declared-check-link"
"https://careerwithmohit.online/blog/st-johns-medical-college-bengaluru-mbbs-admission-2026","St. John’s Medical College, Bengaluru MBBS Admission 2026: Process, NEET Cutoff & Fee Structure","St. John's Medical College MBBS admission 2026","1122","Medical/MBBS","2026-07-21","Standard Post (1122 words)","Retain URL & Optimize in Batches (AEO Snippets, Title, Meta, Schema, FAQs, Fact Verification)","https://careerwithmohit.online/blog/st-johns-medical-college-bengaluru-mbbs-admission-2026"
"https://careerwithmohit.online/blog/stanford-gsb-mba-review-2027-29","Stanford Graduate School of Business MBA Review 2027–29: Fees in INR, Placements & Admission","Stanford Graduate School of Business MBA 2027–29","896","Exams","2026-04-14","Standard Post (896 words)","Retain URL & Optimize in Batches (AEO Snippets, Title, Meta, Schema, FAQs, Fact Verification)","https://careerwithmohit.online/blog/stanford-gsb-mba-review-2027-29"
"https://careerwithmohit.online/blog/stock-market-investing-beginners-guide-2027-29","Stock Market for Beginners 2026 — How to Start Investing Safely","stock market for beginners 2026","704","Jobs & Careers","2026-04-21","Standard Post (704 words)","Retain URL & Optimize in Batches (AEO Snippets, Title, Meta, Schema, FAQs, Fact Verification)","https://careerwithmohit.online/blog/stock-market-investing-beginners-guide-2027-29"
"https://careerwithmohit.online/blog/sunstone-bba-colleges-fees-placements-india-2026","Sunstone BBA Colleges in India 2026: Fees, Campuses & Placement Assurances","Sunstone BBA colleges in India","957","BBA","2026-04-16","Standard Post (957 words)","Retain URL & Optimize in Batches (AEO Snippets, Title, Meta, Schema, FAQs, Fact Verification)","https://careerwithmohit.online/blog/sunstone-bba-colleges-fees-placements-india-2026"
"https://careerwithmohit.online/blog/suresh-gyan-vihar-university-jaipur-review-2027-29","Suresh Gyan Vihar University (SGVU), Jaipur Review 2027–29: Placements, Fees, Courses & Admission","Suresh Gyan Vihar University (SGVU) review 2027–29","1368","Jobs & Careers","2026-08-03","Standard Post (1368 words)","Retain URL & Optimize in Batches (AEO Snippets, Title, Meta, Schema, FAQs, Fact Verification)","https://careerwithmohit.online/blog/suresh-gyan-vihar-university-jaipur-review-2027-29"
"https://careerwithmohit.online/blog/sushant-university-ansal-gurugram-review-2027-29","Ansal University (Sushant University), Gurugram Review 2027–29: Placements, Fees, Courses & Admission","Sushant University (Ansal) Gurugram review 2027–29","1388","Jobs & Careers","2026-08-03","Standard Post (1388 words)","Retain URL & Optimize in Batches (AEO Snippets, Title, Meta, Schema, FAQs, Fact Verification)","https://careerwithmohit.online/blog/sushant-university-ansal-gurugram-review-2027-29"
"https://careerwithmohit.online/blog/symbiosis-international-university-pune-review-2027-29","Symbiosis International (Deemed University) (SIBM Pune, SCMHRD, SIIB) Review 2027–29: Placements, Fees, Courses & Admission","Symbiosis International University (SIU Pune) review 2027–29","1436","Jobs & Careers","2026-08-03","Standard Post (1436 words)","Retain URL & Optimize in Batches (AEO Snippets, Title, Meta, Schema, FAQs, Fact Verification)","https://careerwithmohit.online/blog/symbiosis-international-university-pune-review-2027-29"
"https://careerwithmohit.online/blog/symbiosis-skills-university-pune-btech-admission-2026","Symbiosis Skills & Professional University (SSPU) Pune B.Tech Admission 2026: Fees & Review","SSPU Pune BTech admission 2026","675","Online Degrees","2026-03-24","Standard Post (675 words)","Retain URL & Optimize in Batches (AEO Snippets, Title, Meta, Schema, FAQs, Fact Verification)","https://careerwithmohit.online/blog/symbiosis-skills-university-pune-btech-admission-2026"
"https://careerwithmohit.online/blog/taxila-business-school-jaipur-executive-mba-review","Taxila Business School, Jaipur Executive MBA Review","Taxila Business School, Jaipur executive mba","627","Exams","2026-07-22","Standard Post (627 words)","Retain URL & Optimize in Batches (AEO Snippets, Title, Meta, Schema, FAQs, Fact Verification)","https://careerwithmohit.online/blog/taxila-business-school-jaipur-executive-mba-review"
"https://careerwithmohit.online/blog/taxila-business-school-jaipur-pgdm-admission-2027-29","Taxila Business School (TBS) MBA / PGDM Admission 2027-29: Fees, Approvals, Placements, PPO, Certifications & Faculty Review","Taxila Business School (TBS) admission 2027-29","1303","Exams","2026-09-18","Standard Post (1303 words)","Retain URL & Optimize in Batches (AEO Snippets, Title, Meta, Schema, FAQs, Fact Verification)","https://careerwithmohit.online/blog/taxila-business-school-jaipur-pgdm-admission-2027-29"
"https://careerwithmohit.online/blog/tezpur-university-management-mba-review-2027-fees-placements-cutoff","Department of Business Administration, Tezpur University Review 2027: Fees, Placements, Cutoff, Ranking & Admission Verdict","department of business administration, tezpur university review 2027","1355","Exams","2026-09-15","Standard Post (1355 words)","Retain URL & Optimize in Batches (AEO Snippets, Title, Meta, Schema, FAQs, Fact Verification)","https://careerwithmohit.online/blog/tezpur-university-management-mba-review-2027-fees-placements-cutoff"
"https://careerwithmohit.online/blog/thapar-institute-lm-thapar-school-of-management-review-2027-29","Thapar Institute of Engineering and Technology (LM Thapar School of Management), Dera Bassi Review 2027–29: Placements, Fees, Courses & Admission","LM Thapar School of Management (TIET) review 2027–29","1492","Jobs & Careers","2026-08-03","Standard Post (1492 words)","Retain URL & Optimize in Batches (AEO Snippets, Title, Meta, Schema, FAQs, Fact Verification)","https://careerwithmohit.online/blog/thapar-institute-lm-thapar-school-of-management-review-2027-29"
"https://careerwithmohit.online/blog/thapar-university-patiala-btech-review-2026","Thapar University Patiala B.Tech Review 2026: Fees, Placements & Direct Admission","Thapar University BTech review","850","Online Degrees","2026-04-02","Standard Post (850 words)","Retain URL & Optimize in Batches (AEO Snippets, Title, Meta, Schema, FAQs, Fact Verification)","https://careerwithmohit.online/blog/thapar-university-patiala-btech-review-2026"
"https://careerwithmohit.online/blog/titan-company-case-study-tanishq-fastrack-business-strategy","Titan Company Case Study: Strategic Disruption in Watches, Jewelry (Tanishq) & Retail","Titan Company case study","1383","MBA","2026-08-22","Standard Post (1383 words)","Retain URL & Optimize in Batches (AEO Snippets, Title, Meta, Schema, FAQs, Fact Verification)","https://careerwithmohit.online/blog/titan-company-case-study-tanishq-fastrack-business-strategy"
"https://careerwithmohit.online/blog/top-10-bba-colleges-bangalore-2026","Top 10 BBA Colleges in Bangalore 2026: Fees, Placements & Admission","top 10 bba colleges in Bangalore 2026","769","BBA","2026-05-10","Standard Post (769 words)","Retain URL & Optimize in Batches (AEO Snippets, Title, Meta, Schema, FAQs, Fact Verification)","https://careerwithmohit.online/blog/top-10-bba-colleges-bangalore-2026"
"https://careerwithmohit.online/blog/top-10-bba-colleges-chandigarh-2026","Top 10 BBA Colleges in Chandigarh 2026: Fees, Placements & Admission","top 10 bba colleges in Chandigarh 2026","793","BBA","2026-05-10","Standard Post (793 words)","Retain URL & Optimize in Batches (AEO Snippets, Title, Meta, Schema, FAQs, Fact Verification)","https://careerwithmohit.online/blog/top-10-bba-colleges-chandigarh-2026"
"https://careerwithmohit.online/blog/top-10-bba-colleges-chennai-2026","Top 10 BBA Colleges in Chennai 2026: Fees, Placements & Admission","top 10 bba colleges in Chennai 2026","778","BBA","2026-05-10","Standard Post (778 words)","Retain URL & Optimize in Batches (AEO Snippets, Title, Meta, Schema, FAQs, Fact Verification)","https://careerwithmohit.online/blog/top-10-bba-colleges-chennai-2026"
"https://careerwithmohit.online/blog/top-10-bba-colleges-dehradun-2026","Top 10 BBA Colleges in Dehradun 2026: Fees, Placements & Admission","top 10 bba colleges in Dehradun 2026","769","BBA","2026-05-10","Standard Post (769 words)","Retain URL & Optimize in Batches (AEO Snippets, Title, Meta, Schema, FAQs, Fact Verification)","https://careerwithmohit.online/blog/top-10-bba-colleges-dehradun-2026"
"https://careerwithmohit.online/blog/top-10-bba-colleges-delhi-2026","Top 10 BBA Colleges in Delhi 2026: Fees, Placements & Admission","top 10 bba colleges in Delhi 2026","801","BBA","2026-05-10","Standard Post (801 words)","Retain URL & Optimize in Batches (AEO Snippets, Title, Meta, Schema, FAQs, Fact Verification)","https://careerwithmohit.online/blog/top-10-bba-colleges-delhi-2026"
"https://careerwithmohit.online/blog/top-10-bba-colleges-delhi-ncr-2026","Top 15 BBA Colleges in Delhi NCR (2026-27): Real Fees, Cutoffs & Direct Admission","top 10 bba colleges in Delhi NCR 2026","1179","BBA","2026-05-21","Standard Post (1179 words)","Retain URL & Optimize in Batches (AEO Snippets, Title, Meta, Schema, FAQs, Fact Verification)","https://careerwithmohit.online/blog/top-10-bba-colleges-delhi-ncr-2026"
"https://careerwithmohit.online/blog/top-10-bba-colleges-ghaziabad-2026","Top 10 BBA Colleges in Ghaziabad 2026: Fees, Placements & Admission","top 10 bba colleges in Ghaziabad 2026","779","BBA","2026-05-10","Standard Post (779 words)","Retain URL & Optimize in Batches (AEO Snippets, Title, Meta, Schema, FAQs, Fact Verification)","https://careerwithmohit.online/blog/top-10-bba-colleges-ghaziabad-2026"
"https://careerwithmohit.online/blog/top-10-bba-colleges-greater-noida-2026","Top 10 BBA Colleges in Greater Noida 2026: Fees, Placements & Admission","top 10 bba colleges in Greater Noida 2026","783","BBA","2026-05-10","Standard Post (783 words)","Retain URL & Optimize in Batches (AEO Snippets, Title, Meta, Schema, FAQs, Fact Verification)","https://careerwithmohit.online/blog/top-10-bba-colleges-greater-noida-2026"
"https://careerwithmohit.online/blog/top-10-bba-colleges-gurgaon-2026","Top 10 BBA Colleges in Gurgaon 2026: Fees, Placements & Admission","top 10 bba colleges in Gurgaon 2026","776","BBA","2026-05-10","Standard Post (776 words)","Retain URL & Optimize in Batches (AEO Snippets, Title, Meta, Schema, FAQs, Fact Verification)","https://careerwithmohit.online/blog/top-10-bba-colleges-gurgaon-2026"
"https://careerwithmohit.online/blog/top-10-bba-colleges-indore-2026","Top 10 BBA Colleges in Indore 2026: Fees, Placements & Admission","top 10 bba colleges in Indore 2026","773","BBA","2026-05-10","Standard Post (773 words)","Retain URL & Optimize in Batches (AEO Snippets, Title, Meta, Schema, FAQs, Fact Verification)","https://careerwithmohit.online/blog/top-10-bba-colleges-indore-2026"
"https://careerwithmohit.online/blog/top-10-bba-colleges-jaipur-2026","Top 10 BBA Colleges in Jaipur 2026: Fees, Placements & Admission","top 10 bba colleges in Jaipur 2026","772","BBA","2026-05-10","Standard Post (772 words)","Retain URL & Optimize in Batches (AEO Snippets, Title, Meta, Schema, FAQs, Fact Verification)","https://careerwithmohit.online/blog/top-10-bba-colleges-jaipur-2026"
"https://careerwithmohit.online/blog/top-10-bba-colleges-kolkata-2026","Top 10 BBA Colleges in Kolkata 2026: Fees, Placements & Admission","top 10 bba colleges in Kolkata 2026","754","BBA","2026-05-10","Standard Post (754 words)","Retain URL & Optimize in Batches (AEO Snippets, Title, Meta, Schema, FAQs, Fact Verification)","https://careerwithmohit.online/blog/top-10-bba-colleges-kolkata-2026"
"https://careerwithmohit.online/blog/top-10-bba-colleges-mumbai-2027-29","Top 10 BBA Colleges in Mumbai 2026: Fees, Placements & Admission","top 10 bba colleges in Mumbai 2026","859","Online Degrees","2026-05-10","Standard Post (859 words)","Retain URL & Optimize in Batches (AEO Snippets, Title, Meta, Schema, FAQs, Fact Verification)","https://careerwithmohit.online/blog/top-10-bba-colleges-mumbai-2027-29"
"https://careerwithmohit.online/blog/top-10-bba-colleges-noida-2026","Top 10 BBA Colleges in Noida 2026: Fees, Placements & Admission","top 10 bba colleges in Noida 2026","793","BBA","2026-05-10","Standard Post (793 words)","Retain URL & Optimize in Batches (AEO Snippets, Title, Meta, Schema, FAQs, Fact Verification)","https://careerwithmohit.online/blog/top-10-bba-colleges-noida-2026"
"https://careerwithmohit.online/blog/top-10-bba-colleges-pune-2026","Top 10 BBA Colleges in Pune 2026: Fees, Placements & Admission","top 10 bba colleges in Pune 2026","803","BBA","2026-05-10","Standard Post (803 words)","Retain URL & Optimize in Batches (AEO Snippets, Title, Meta, Schema, FAQs, Fact Verification)","https://careerwithmohit.online/blog/top-10-bba-colleges-pune-2026"
"https://careerwithmohit.online/blog/top-10-bba-colleges-rajasthan-2026","Top 10 BBA Colleges in Rajasthan 2026: Fees, Placements & Admission","top 10 bba colleges in Rajasthan 2026","784","BBA","2026-05-10","Standard Post (784 words)","Retain URL & Optimize in Batches (AEO Snippets, Title, Meta, Schema, FAQs, Fact Verification)","https://careerwithmohit.online/blog/top-10-bba-colleges-rajasthan-2026"
"https://careerwithmohit.online/blog/top-10-cmat-colleges-cutoff-fees-placements-2027-29","Top 10 CMAT Colleges & Cutoff 2027–29: Fees, Placements & Admission Guide","top cmat colleges 2026","1612","Exams","2026-05-12","Standard Post (1612 words)","Retain URL & Optimize in Batches (AEO Snippets, Title, Meta, Schema, FAQs, Fact Verification)","https://careerwithmohit.online/blog/top-10-cmat-colleges-cutoff-fees-placements-2027-29"
"https://careerwithmohit.online/blog/top-10-engineering-colleges-india-2026","Top 10 Engineering Colleges in India 2026 — NIRF, Placements & Fees","top 10 engineering colleges in india 2026","1346","B.Tech","2026-04-20","Standard Post (1346 words)","Retain URL & Optimize in Batches (AEO Snippets, Title, Meta, Schema, FAQs, Fact Verification)","https://careerwithmohit.online/blog/top-10-engineering-colleges-india-2026"
"https://careerwithmohit.online/blog/top-10-high-yield-cat-topics-2026-varc-dilr-qa","Top 10 High‑Yield CAT Topics 2026 (VARC, DILR, QA that Guarantee 90+ Percentile)","high-yield CAT topics","1283","Exams","2026-05-21","Standard Post (1283 words)","Retain URL & Optimize in Batches (AEO Snippets, Title, Meta, Schema, FAQs, Fact Verification)","https://careerwithmohit.online/blog/top-10-high-yield-cat-topics-2026-varc-dilr-qa"
"https://careerwithmohit.online/blog/top-10-mba-colleges-delhi-ncr-2027-29","Top 10 MBA Colleges in Delhi NCR 2027–29: Fees, Cutoffs, and Placements","top 10 mba colleges in delhi ncr 2027–29","1131","Exams","2026-05-10","Standard Post (1131 words)","Retain URL & Optimize in Batches (AEO Snippets, Title, Meta, Schema, FAQs, Fact Verification)","https://careerwithmohit.online/blog/top-10-mba-colleges-delhi-ncr-2027-29"
"https://careerwithmohit.online/blog/top-10-online-mca-colleges-in-india-2027-fees-placements-ai-data-science","Top 10 Online MCA Colleges in India (2027 Fees & Placements): AI, Cloud & Data Science Specializations","best online mca colleges in india 2027 fees","935","Online Degrees","2026-09-17","Standard Post (935 words)","Retain URL & Optimize in Batches (AEO Snippets, Title, Meta, Schema, FAQs, Fact Verification)","https://careerwithmohit.online/blog/top-10-online-mca-colleges-in-india-2027-fees-placements-ai-data-science"
"https://careerwithmohit.online/blog/top-15-affordable-bschools-india-fees-under-10-lakhs-2027-29","Top 15 Affordable B-Schools in India (Fees Under ₹10 Lakhs) with 8+ LPA Average Placements (2027-29)","Affordable MBA Colleges in India 2027-29","615","Exams","2026-08-22","Standard Post (615 words)","Retain URL & Optimize in Batches (AEO Snippets, Title, Meta, Schema, FAQs, Fact Verification)","https://careerwithmohit.online/blog/top-15-affordable-bschools-india-fees-under-10-lakhs-2027-29"
"https://careerwithmohit.online/blog/top-15-pgdm-colleges-delhi-ncr-70-80-percentile-cat-mat-2027-29","Top 15 PGDM Colleges in Delhi NCR Accepting 70-80 Percentile in CAT / MAT (2027-29)","Top 15 PGDM Colleges in Delhi NCR 70-80 Percentile CAT MAT","2646","Certifications & Skills","2026-09-03","Standard Post (2646 words)","Retain URL & Optimize in Batches (AEO Snippets, Title, Meta, Schema, FAQs, Fact Verification)","https://careerwithmohit.online/blog/top-15-pgdm-colleges-delhi-ncr-70-80-percentile-cat-mat-2027-29"
"https://careerwithmohit.online/blog/top-44-mba-pgdm-colleges-2027-29-fees-placements-approvals","Top 44 MBA & PGDM Colleges in India 2027-29: Fees, MBA vs PGDM, Approvals, Placements, PPO, Certifications, Faculty & ROI Guide","Top MBA colleges 2027-29","8786","Jobs & Careers","2026-09-18","Standard Post (8786 words)","Retain URL & Optimize in Batches (AEO Snippets, Title, Meta, Schema, FAQs, Fact Verification)","https://careerwithmohit.online/blog/top-44-mba-pgdm-colleges-2027-29-fees-placements-approvals"
"https://careerwithmohit.online/blog/top-5-ggsipu-private-colleges-delhi-ncr-2027-29","Top 5 GGSIPU Private Colleges in Delhi NCR 2026: Fees, Placements & Admission Review","top 5 ggsipu private colleges in delhi ncr","2060","B.Tech","2026-08-08","Standard Post (2060 words)","Retain URL & Optimize in Batches (AEO Snippets, Title, Meta, Schema, FAQs, Fact Verification)","https://careerwithmohit.online/blog/top-5-ggsipu-private-colleges-delhi-ncr-2027-29"
"https://careerwithmohit.online/blog/top-5-private-btech-colleges-under-ggsipu-2026","Top 5 Private B.Tech Colleges under GGSIPU 2026: Fees & Placements","top private btech colleges under ggsipu","1127","B.Tech","2026-07-15","Standard Post (1127 words)","Retain URL & Optimize in Batches (AEO Snippets, Title, Meta, Schema, FAQs, Fact Verification)","https://careerwithmohit.online/blog/top-5-private-btech-colleges-under-ggsipu-2026"
"https://careerwithmohit.online/blog/top-9-budget-mba-pgdm-colleges-pune-2027-29","Top 9 Budget MBA/PGDM Colleges in Pune 2027–29 — Fees, Placements & Honest Comparison","budget MBA colleges Pune 2027–29","1147","Exams","2026-05-04","Standard Post (1147 words)","Retain URL & Optimize in Batches (AEO Snippets, Title, Meta, Schema, FAQs, Fact Verification)","https://careerwithmohit.online/blog/top-9-budget-mba-pgdm-colleges-pune-2027-29"
"https://careerwithmohit.online/blog/top-aicte-approved-pgdm-colleges-india-2027","Top AICTE Approved PGDM Colleges in India 2027: Compare Fees & Intake","aicte approved pgdm colleges india 2027","1100","Exams","2026-07-22","Standard Post (1100 words)","Retain URL & Optimize in Batches (AEO Snippets, Title, Meta, Schema, FAQs, Fact Verification)","https://careerwithmohit.online/blog/top-aicte-approved-pgdm-colleges-india-2027"
"https://careerwithmohit.online/blog/top-bams-bhms-colleges-india-2026-salary-scope","Top BAMS & BHMS Colleges in India 2026 — Salary, Scope & Admission","top bams colleges in india 2026","857","Medical/MBBS","2026-04-21","Standard Post (857 words)","Retain URL & Optimize in Batches (AEO Snippets, Title, Meta, Schema, FAQs, Fact Verification)","https://careerwithmohit.online/blog/top-bams-bhms-colleges-india-2026-salary-scope"
"https://careerwithmohit.online/blog/top-bba-colleges-ahmedabad-2026","Top BBA Colleges in Ahmedabad 2026 — Fees, Admissions & Placements","top bba colleges in ahmedabad 2026","775","BBA","2026-04-21","Standard Post (775 words)","Retain URL & Optimize in Batches (AEO Snippets, Title, Meta, Schema, FAQs, Fact Verification)","https://careerwithmohit.online/blog/top-bba-colleges-ahmedabad-2026"
"https://careerwithmohit.online/blog/top-bba-colleges-bangalore-2026","Top BBA Colleges in Bangalore 2026 — Fees, Admissions & Placements","top bba colleges in bangalore 2026","739","BBA","2026-04-21","Standard Post (739 words)","Retain URL & Optimize in Batches (AEO Snippets, Title, Meta, Schema, FAQs, Fact Verification)","https://careerwithmohit.online/blog/top-bba-colleges-bangalore-2026"
"https://careerwithmohit.online/blog/top-bba-colleges-delhi-ncr-2026","Top 15 BBA Colleges in Delhi NCR (2026-27): Real Fees, Cutoffs & Direct Admission","top bba colleges in delhi ncr 2026","815","BBA","2026-05-23","Standard Post (815 words)","Retain URL & Optimize in Batches (AEO Snippets, Title, Meta, Schema, FAQs, Fact Verification)","https://careerwithmohit.online/blog/top-bba-colleges-delhi-ncr-2026"
"https://careerwithmohit.online/blog/top-bba-colleges-finance-digital-marketing-specialization","Top BBA Specializations 2026 — Finance, Marketing & Digital Business","best bba specializations for future 2026","662","BBA","2026-04-21","Standard Post (662 words)","Retain URL & Optimize in Batches (AEO Snippets, Title, Meta, Schema, FAQs, Fact Verification)","https://careerwithmohit.online/blog/top-bba-colleges-finance-digital-marketing-specialization"
"https://careerwithmohit.online/blog/top-bba-colleges-india-2026","Top BBA Colleges in India 2026 — Rankings, Fees & Placements","top bba colleges in india 2026","963","BBA","2026-04-21","Standard Post (963 words)","Retain URL & Optimize in Batches (AEO Snippets, Title, Meta, Schema, FAQs, Fact Verification)","https://careerwithmohit.online/blog/top-bba-colleges-india-2026"
"https://careerwithmohit.online/blog/top-bba-colleges-indore-2026","Top BBA Colleges in Indore 2026 — Fees, Admissions & Placements","top bba colleges in indore 2026","804","BBA","2026-04-21","Standard Post (804 words)","Retain URL & Optimize in Batches (AEO Snippets, Title, Meta, Schema, FAQs, Fact Verification)","https://careerwithmohit.online/blog/top-bba-colleges-indore-2026"
"https://careerwithmohit.online/blog/top-bba-colleges-lucknow-2026","Top BBA Colleges in Lucknow 2026 — Fees, Admissions & Placements","top bba colleges in lucknow 2026","785","BBA","2026-04-21","Standard Post (785 words)","Retain URL & Optimize in Batches (AEO Snippets, Title, Meta, Schema, FAQs, Fact Verification)","https://careerwithmohit.online/blog/top-bba-colleges-lucknow-2026"
"https://careerwithmohit.online/blog/top-bba-colleges-mumbai-2027-29","Top BBA Colleges in Mumbai 2026 — Fees, Admissions & Placements","top bba colleges in mumbai 2026","1015","BBA","2026-04-21","Standard Post (1015 words)","Retain URL & Optimize in Batches (AEO Snippets, Title, Meta, Schema, FAQs, Fact Verification)","https://careerwithmohit.online/blog/top-bba-colleges-mumbai-2027-29"
"https://careerwithmohit.online/blog/top-bba-colleges-pune-2026","Top BBA Colleges in Pune 2026 — Fees, Admissions & Placements","top bba colleges in pune 2026","818","BBA","2026-04-21","Standard Post (818 words)","Retain URL & Optimize in Batches (AEO Snippets, Title, Meta, Schema, FAQs, Fact Verification)","https://careerwithmohit.online/blog/top-bba-colleges-pune-2026"
"https://careerwithmohit.online/blog/top-bca-colleges-bangalore-2027-29","Top BCA Colleges in Bangalore 2026 — Fees, Placements & Admission","top bca colleges in bangalore 2026","804","BCA/MCA","2026-04-21","Standard Post (804 words)","Retain URL & Optimize in Batches (AEO Snippets, Title, Meta, Schema, FAQs, Fact Verification)","https://careerwithmohit.online/blog/top-bca-colleges-bangalore-2027-29"
"https://careerwithmohit.online/blog/top-bca-colleges-chandigarh-2027-29","Top BCA Colleges in Chandigarh 2026 — Fees, Placements & Admission","top bca colleges in chandigarh 2026","793","BCA/MCA","2026-04-21","Standard Post (793 words)","Retain URL & Optimize in Batches (AEO Snippets, Title, Meta, Schema, FAQs, Fact Verification)","https://careerwithmohit.online/blog/top-bca-colleges-chandigarh-2027-29"
"https://careerwithmohit.online/blog/top-bca-colleges-data-science-ai-specialization-2027-29","Top BCA Colleges for Data Science & AI Specialization 2026","best bca colleges for data science india 2026","718","BCA/MCA","2026-04-21","Standard Post (718 words)","Retain URL & Optimize in Batches (AEO Snippets, Title, Meta, Schema, FAQs, Fact Verification)","https://careerwithmohit.online/blog/top-bca-colleges-data-science-ai-specialization-2027-29"
"https://careerwithmohit.online/blog/top-bca-colleges-delhi-ncr-2027-29","Top BCA Colleges in Delhi NCR 2026 — Fees, Placements & Admission","top bca colleges in delhi ncr 2026","848","B.Tech","2026-04-21","Standard Post (848 words)","Retain URL & Optimize in Batches (AEO Snippets, Title, Meta, Schema, FAQs, Fact Verification)","https://careerwithmohit.online/blog/top-bca-colleges-delhi-ncr-2027-29"
"https://careerwithmohit.online/blog/top-bca-colleges-hyderabad-2027-29","Top BCA Colleges in Hyderabad 2026 — Fees, Placements & Admission","top bca colleges in hyderabad 2026","790","BCA/MCA","2026-04-21","Standard Post (790 words)","Retain URL & Optimize in Batches (AEO Snippets, Title, Meta, Schema, FAQs, Fact Verification)","https://careerwithmohit.online/blog/top-bca-colleges-hyderabad-2027-29"
"https://careerwithmohit.online/blog/top-bca-colleges-india-nirf-ranking-2027-29","Top BCA Colleges in India 2026 — NIRF, Placements & Fees","top bca colleges in india 2026","871","B.Tech","2026-04-21","Standard Post (871 words)","Retain URL & Optimize in Batches (AEO Snippets, Title, Meta, Schema, FAQs, Fact Verification)","https://careerwithmohit.online/blog/top-bca-colleges-india-nirf-ranking-2027-29"
"https://careerwithmohit.online/blog/top-bca-colleges-jaipur-2027-29","Top BCA Colleges in Jaipur 2026 — Fees, Placements & Admission","top bca colleges in jaipur 2026","753","BCA/MCA","2026-04-21","Standard Post (753 words)","Retain URL & Optimize in Batches (AEO Snippets, Title, Meta, Schema, FAQs, Fact Verification)","https://careerwithmohit.online/blog/top-bca-colleges-jaipur-2027-29"
"https://careerwithmohit.online/blog/top-bca-colleges-kolkata-2027-29","Top BCA Colleges in Kolkata 2026 — Fees, Placements & Admission","top bca colleges in kolkata 2026","786","BCA/MCA","2026-04-21","Standard Post (786 words)","Retain URL & Optimize in Batches (AEO Snippets, Title, Meta, Schema, FAQs, Fact Verification)","https://careerwithmohit.online/blog/top-bca-colleges-kolkata-2027-29"
"https://careerwithmohit.online/blog/top-bca-colleges-lucknow-2027-29","Top BCA Colleges in Lucknow 2026 — Fees, Placements & Admission","top bca colleges in lucknow 2026","771","BCA/MCA","2026-04-21","Standard Post (771 words)","Retain URL & Optimize in Batches (AEO Snippets, Title, Meta, Schema, FAQs, Fact Verification)","https://careerwithmohit.online/blog/top-bca-colleges-lucknow-2027-29"
"https://careerwithmohit.online/blog/top-bca-colleges-mumbai-2027-29","Top BCA Colleges in Mumbai 2026 — Fees, Placements & Admission","top bca colleges in mumbai 2026","854","BCA/MCA","2026-04-21","Standard Post (854 words)","Retain URL & Optimize in Batches (AEO Snippets, Title, Meta, Schema, FAQs, Fact Verification)","https://careerwithmohit.online/blog/top-bca-colleges-mumbai-2027-29"
"https://careerwithmohit.online/blog/top-bca-colleges-pune-2027-29","Top BCA Colleges in Pune 2026 — Fees, Placements & Admission","top bca colleges in pune 2026","807","BCA/MCA","2026-04-21","Standard Post (807 words)","Retain URL & Optimize in Batches (AEO Snippets, Title, Meta, Schema, FAQs, Fact Verification)","https://careerwithmohit.online/blog/top-bca-colleges-pune-2027-29"
"https://careerwithmohit.online/blog/top-bds-dental-colleges-india-2026-salary-scope","Top BDS (Dental) Colleges in India 2026 — Fees, Cutoffs & Admission","top bds colleges in india 2026","947","Medical/MBBS","2026-04-21","Standard Post (947 words)","Retain URL & Optimize in Batches (AEO Snippets, Title, Meta, Schema, FAQs, Fact Verification)","https://careerwithmohit.online/blog/top-bds-dental-colleges-india-2026-salary-scope"
"https://careerwithmohit.online/blog/top-bjmc-mass-communication-colleges-delhi-ncr-2027-29","Top BJMC & Mass Communication Colleges in Delhi NCR 2026","Top BJMC colleges Delhi NCR 2026","917","Jobs & Careers","2026-04-14","Standard Post (917 words)","Retain URL & Optimize in Batches (AEO Snippets, Title, Meta, Schema, FAQs, Fact Verification)","https://careerwithmohit.online/blog/top-bjmc-mass-communication-colleges-delhi-ncr-2027-29"
"https://careerwithmohit.online/blog/top-bschools-hyderabad-2027-29-fee-placements-non-cat","Top B-Schools in Hyderabad for 2027-29: Fee Structure, Placement Stats & Non-CAT Options","Top B Schools in Hyderabad 2027-29","690","Exams","2026-08-22","Standard Post (690 words)","Retain URL & Optimize in Batches (AEO Snippets, Title, Meta, Schema, FAQs, Fact Verification)","https://careerwithmohit.online/blog/top-bschools-hyderabad-2027-29-fee-placements-non-cat"
"https://careerwithmohit.online/blog/top-btech-colleges-ahmedabad-2026","Top B.Tech Colleges in Ahmedabad 2026 — Fees, Cutoff & Placements","top btech colleges in ahmedabad","995","B.Tech","2026-04-20","Standard Post (995 words)","Retain URL & Optimize in Batches (AEO Snippets, Title, Meta, Schema, FAQs, Fact Verification)","https://careerwithmohit.online/blog/top-btech-colleges-ahmedabad-2026"
"https://careerwithmohit.online/blog/top-btech-colleges-bangalore-2026","Top B.Tech Colleges in Bangalore 2026: Fees, Placements & Admission Guide","top B.Tech colleges in Bangalore 2026","729","B.Tech","2026-03-30","Standard Post (729 words)","Retain URL & Optimize in Batches (AEO Snippets, Title, Meta, Schema, FAQs, Fact Verification)","https://careerwithmohit.online/blog/top-btech-colleges-bangalore-2026"
"https://careerwithmohit.online/blog/top-btech-colleges-bhopal-2026","Top B.Tech Colleges in Bhopal 2026 — Fees, Cutoff & Placements","top btech colleges in bhopal","848","B.Tech","2026-04-20","Standard Post (848 words)","Retain URL & Optimize in Batches (AEO Snippets, Title, Meta, Schema, FAQs, Fact Verification)","https://careerwithmohit.online/blog/top-btech-colleges-bhopal-2026"
"https://careerwithmohit.online/blog/top-btech-colleges-chandigarh-2026","Top B.Tech Colleges in Chandigarh 2026 — Fees, Cutoff & Placements","top btech colleges in chandigarh","968","B.Tech","2026-04-20","Standard Post (968 words)","Retain URL & Optimize in Batches (AEO Snippets, Title, Meta, Schema, FAQs, Fact Verification)","https://careerwithmohit.online/blog/top-btech-colleges-chandigarh-2026"
"https://careerwithmohit.online/blog/top-btech-colleges-chennai-2026","Top B.Tech Colleges in Chennai 2026 — Fees, Cutoff & Placements","top btech colleges in chennai","1210","B.Tech","2026-04-20","Standard Post (1210 words)","Retain URL & Optimize in Batches (AEO Snippets, Title, Meta, Schema, FAQs, Fact Verification)","https://careerwithmohit.online/blog/top-btech-colleges-chennai-2026"
"https://careerwithmohit.online/blog/top-btech-colleges-coimbatore-2027-29","Top B.Tech Colleges in Coimbatore 2026 — Fees, Cutoff & Placements","top btech colleges coimbatore 2026","826","Medical/MBBS","2026-04-21","Standard Post (826 words)","Retain URL & Optimize in Batches (AEO Snippets, Title, Meta, Schema, FAQs, Fact Verification)","https://careerwithmohit.online/blog/top-btech-colleges-coimbatore-2027-29"
"https://careerwithmohit.online/blog/top-btech-colleges-dehradun-2026","Top B.Tech Colleges in Dehradun 2026 — Fees, Cutoff & Placements","top btech colleges in dehradun","981","B.Tech","2026-04-20","Standard Post (981 words)","Retain URL & Optimize in Batches (AEO Snippets, Title, Meta, Schema, FAQs, Fact Verification)","https://careerwithmohit.online/blog/top-btech-colleges-dehradun-2026"
"https://careerwithmohit.online/blog/top-btech-colleges-delhi-ncr-2026","Top B.Tech Colleges in Delhi NCR 2026: IIT, DTU, NSUT & Best Private Options","Top B.Tech colleges Delhi NCR 2026","697","B.Tech","2026-04-13","Standard Post (697 words)","Retain URL & Optimize in Batches (AEO Snippets, Title, Meta, Schema, FAQs, Fact Verification)","https://careerwithmohit.online/blog/top-btech-colleges-delhi-ncr-2026"
"https://careerwithmohit.online/blog/top-btech-colleges-girls-kolkata-2026","Top B.Tech Colleges in Kolkata for Girls 2026 — Fees, Safety & Placements","top btech colleges for girls kolkata 2026","755","B.Tech","2026-04-21","Standard Post (755 words)","Retain URL & Optimize in Batches (AEO Snippets, Title, Meta, Schema, FAQs, Fact Verification)","https://careerwithmohit.online/blog/top-btech-colleges-girls-kolkata-2026"
"https://careerwithmohit.online/blog/top-btech-colleges-gurgaon-2026","Top B.Tech Colleges in Gurgaon (Gurugram) 2026: Fees, Placements & Admission","top B.Tech colleges in Gurgaon 2026","918","B.Tech","2026-03-19","Standard Post (918 words)","Retain URL & Optimize in Batches (AEO Snippets, Title, Meta, Schema, FAQs, Fact Verification)","https://careerwithmohit.online/blog/top-btech-colleges-gurgaon-2026"
"https://careerwithmohit.online/blog/top-btech-colleges-hyderabad-2026","Top B.Tech Colleges in Hyderabad 2026 — Fees, Cutoff & Placements","top btech colleges in hyderabad","1205","B.Tech","2026-04-20","Standard Post (1205 words)","Retain URL & Optimize in Batches (AEO Snippets, Title, Meta, Schema, FAQs, Fact Verification)","https://careerwithmohit.online/blog/top-btech-colleges-hyderabad-2026"
"https://careerwithmohit.online/blog/top-btech-colleges-india-nirf-ranking-2026","Top B.Tech Colleges in India — NIRF Ranking 2026 (IITs, NITs, Private)","top btech colleges in india","1332","B.Tech","2026-04-20","Standard Post (1332 words)","Retain URL & Optimize in Batches (AEO Snippets, Title, Meta, Schema, FAQs, Fact Verification)","https://careerwithmohit.online/blog/top-btech-colleges-india-nirf-ranking-2026"
"https://careerwithmohit.online/blog/top-btech-colleges-indore-2026","Top B.Tech Colleges in Indore 2026 — Fees, Cutoff & Placements","top btech colleges in indore","916","B.Tech","2026-04-20","Standard Post (916 words)","Retain URL & Optimize in Batches (AEO Snippets, Title, Meta, Schema, FAQs, Fact Verification)","https://careerwithmohit.online/blog/top-btech-colleges-indore-2026"
"https://careerwithmohit.online/blog/top-btech-colleges-jaipur-2026","Top B.Tech Colleges in Jaipur 2026 — Fees, Cutoff & Placements","top btech colleges in jaipur","995","B.Tech","2026-04-20","Standard Post (995 words)","Retain URL & Optimize in Batches (AEO Snippets, Title, Meta, Schema, FAQs, Fact Verification)","https://careerwithmohit.online/blog/top-btech-colleges-jaipur-2026"
"https://careerwithmohit.online/blog/top-btech-colleges-kolkata-2026","Top B.Tech Colleges in Kolkata 2026 — Fees, Cutoff & Placements","top btech colleges in kolkata","916","B.Tech","2026-04-20","Standard Post (916 words)","Retain URL & Optimize in Batches (AEO Snippets, Title, Meta, Schema, FAQs, Fact Verification)","https://careerwithmohit.online/blog/top-btech-colleges-kolkata-2026"
"https://careerwithmohit.online/blog/top-btech-colleges-kota-direct-admission-2026","Top B.Tech Colleges in Kota: Admission, Fees, and Counseling 2026","B.Tech colleges in Kota","755","B.Tech","2026-04-03","Standard Post (755 words)","Retain URL & Optimize in Batches (AEO Snippets, Title, Meta, Schema, FAQs, Fact Verification)","https://careerwithmohit.online/blog/top-btech-colleges-kota-direct-admission-2026"
"https://careerwithmohit.online/blog/top-btech-colleges-lucknow-2026","Top B.Tech Colleges in Lucknow 2026 — Fees, AKTU Cutoff & Placements","top btech colleges in lucknow","896","B.Tech","2026-04-20","Standard Post (896 words)","Retain URL & Optimize in Batches (AEO Snippets, Title, Meta, Schema, FAQs, Fact Verification)","https://careerwithmohit.online/blog/top-btech-colleges-lucknow-2026"
"https://careerwithmohit.online/blog/top-btech-colleges-mumbai-2027-29","Top B.Tech Colleges in Mumbai 2026 — Fees, Cutoff & Placements","top btech colleges in mumbai","1377","B.Tech","2026-04-20","Standard Post (1377 words)","Retain URL & Optimize in Batches (AEO Snippets, Title, Meta, Schema, FAQs, Fact Verification)","https://careerwithmohit.online/blog/top-btech-colleges-mumbai-2027-29"
"https://careerwithmohit.online/blog/top-btech-colleges-nagpur-2026","Top B.Tech Colleges in Nagpur 2026 — Fees, Cutoff & Placements","top btech colleges in nagpur","834","B.Tech","2026-04-20","Standard Post (834 words)","Retain URL & Optimize in Batches (AEO Snippets, Title, Meta, Schema, FAQs, Fact Verification)","https://careerwithmohit.online/blog/top-btech-colleges-nagpur-2026"
"https://careerwithmohit.online/blog/top-btech-colleges-noida-2026","Top B.Tech Colleges in Noida 2026 — Fees, Cutoff & Placements","top btech colleges in noida","1234","B.Tech","2026-04-20","Standard Post (1234 words)","Retain URL & Optimize in Batches (AEO Snippets, Title, Meta, Schema, FAQs, Fact Verification)","https://careerwithmohit.online/blog/top-btech-colleges-noida-2026"
"https://careerwithmohit.online/blog/top-btech-colleges-pune","Top B.Tech Colleges in Pune 2026 — Fees, MHT CET Cutoff & Placements","top btech colleges in pune 2026","781","B.Tech","2026-04-21","Standard Post (781 words)","Retain URL & Optimize in Batches (AEO Snippets, Title, Meta, Schema, FAQs, Fact Verification)","https://careerwithmohit.online/blog/top-btech-colleges-pune"
"https://careerwithmohit.online/blog/top-cuet-ug-colleges-delhi-ncr","Top CUET UG Colleges in Delhi NCR 2026: List, Rankings, and Admission Guide","top CUET UG colleges Delhi NCR","762","BBA","2026-03-15","Standard Post (762 words)","Retain URL & Optimize in Batches (AEO Snippets, Title, Meta, Schema, FAQs, Fact Verification)","https://careerwithmohit.online/blog/top-cuet-ug-colleges-delhi-ncr"
"https://careerwithmohit.online/blog/top-drcc-approved-mba-colleges","Top DRCC Approved MBA Colleges in India: Region-Wise List (2026-2027)","top DRCC approved MBA colleges 2027–29","1171","MBA","2026-03-16","Standard Post (1171 words)","Retain URL & Optimize in Batches (AEO Snippets, Title, Meta, Schema, FAQs, Fact Verification)","https://careerwithmohit.online/blog/top-drcc-approved-mba-colleges"
"https://careerwithmohit.online/blog/top-engineering-colleges-in-delhi-2026","Top Engineering Colleges in Delhi 2026: Ranking, Fees, Courses, Admission, Placements","top engineering colleges in delhi","1088","B.Tech","2026-04-25","Standard Post (1088 words)","Retain URL & Optimize in Batches (AEO Snippets, Title, Meta, Schema, FAQs, Fact Verification)","https://careerwithmohit.online/blog/top-engineering-colleges-in-delhi-2026"
"https://careerwithmohit.online/blog/top-global-mba-programs","Top Global MBA Programs 2027–29: Fees, ROI & GMAT Cutoffs","career counselling","639","Online Degrees","2026-03-18","Standard Post (639 words)","Retain URL & Optimize in Batches (AEO Snippets, Title, Meta, Schema, FAQs, Fact Verification)","https://careerwithmohit.online/blog/top-global-mba-programs"
"https://careerwithmohit.online/blog/top-healthcare-management-colleges-india-2027-29","Top 13 Healthcare Management Colleges in India (2026): Fees, Placements & Career Scope","Healthcare Management MBA India 2027–29","1077","Exams","2026-03-10","Standard Post (1077 words)","Retain URL & Optimize in Batches (AEO Snippets, Title, Meta, Schema, FAQs, Fact Verification)","https://careerwithmohit.online/blog/top-healthcare-management-colleges-india-2027-29"
"https://careerwithmohit.online/blog/top-iims-offering-bba-ipm-2027-29","Top IIMs Offering BBA (IPM) in 2026: Fees, Placements, and Admission Process","top iim offering bba","1227","BBA","2026-05-20","Standard Post (1227 words)","Retain URL & Optimize in Batches (AEO Snippets, Title, Meta, Schema, FAQs, Fact Verification)","https://careerwithmohit.online/blog/top-iims-offering-bba-ipm-2027-29"
"https://careerwithmohit.online/blog/top-law-colleges-bangalore-2027-29","Top Law Colleges in Bangalore 2026 — Fees, Placements & Admission","top law colleges in bangalore 2026","850","Law","2026-04-21","Standard Post (850 words)","Retain URL & Optimize in Batches (AEO Snippets, Title, Meta, Schema, FAQs, Fact Verification)","https://careerwithmohit.online/blog/top-law-colleges-bangalore-2027-29"
"https://careerwithmohit.online/blog/top-law-colleges-delhi-ncr-2027-29","Top Law Colleges in Delhi NCR 2026 — Fees, Placements & Admission","top law colleges in delhi ncr 2026","830","Law","2026-04-21","Standard Post (830 words)","Retain URL & Optimize in Batches (AEO Snippets, Title, Meta, Schema, FAQs, Fact Verification)","https://careerwithmohit.online/blog/top-law-colleges-delhi-ncr-2027-29"
"https://careerwithmohit.online/blog/top-law-colleges-hyderabad-2027-29","Top Law Colleges in Hyderabad 2026 — Fees, Placements & Admission","top law colleges in hyderabad 2026","861","Law","2026-04-21","Standard Post (861 words)","Retain URL & Optimize in Batches (AEO Snippets, Title, Meta, Schema, FAQs, Fact Verification)","https://careerwithmohit.online/blog/top-law-colleges-hyderabad-2027-29"
"https://careerwithmohit.online/blog/top-law-colleges-india-nirf-ranking-2027-29","Top Law Colleges in India 2026 — NIRF Rankings & NLUs","top law colleges in india 2026","830","BBA","2026-04-21","Standard Post (830 words)","Retain URL & Optimize in Batches (AEO Snippets, Title, Meta, Schema, FAQs, Fact Verification)","https://careerwithmohit.online/blog/top-law-colleges-india-nirf-ranking-2027-29"
"https://careerwithmohit.online/blog/top-law-colleges-kolkata-2027-29","Top Law Colleges in Kolkata 2026 — Fees, Placements & Admission","top law colleges in kolkata 2026","873","Law","2026-04-21","Standard Post (873 words)","Retain URL & Optimize in Batches (AEO Snippets, Title, Meta, Schema, FAQs, Fact Verification)","https://careerwithmohit.online/blog/top-law-colleges-kolkata-2027-29"
"https://careerwithmohit.online/blog/top-law-colleges-mumbai-2027-29","Top Law Colleges in Mumbai 2026 — Fees, Placements & Admission","top law colleges in mumbai 2026","920","Law","2026-04-21","Standard Post (920 words)","Retain URL & Optimize in Batches (AEO Snippets, Title, Meta, Schema, FAQs, Fact Verification)","https://careerwithmohit.online/blog/top-law-colleges-mumbai-2027-29"
"https://careerwithmohit.online/blog/top-law-colleges-pune-2027-29","Top Law Colleges in Pune 2026 — Fees, Placements & Admission","top law colleges in pune 2026","813","Law","2026-04-21","Standard Post (813 words)","Retain URL & Optimize in Batches (AEO Snippets, Title, Meta, Schema, FAQs, Fact Verification)","https://careerwithmohit.online/blog/top-law-colleges-pune-2027-29"
"https://careerwithmohit.online/blog/top-llb-law-colleges-delhi-ncr-2026","Top LLB & Law Colleges in Delhi NCR 2026: NLU Delhi, DU Faculty of Law & Best Private Schools","Top Law colleges Delhi NCR 2026","720","BBA","2026-04-13","Standard Post (720 words)","Retain URL & Optimize in Batches (AEO Snippets, Title, Meta, Schema, FAQs, Fact Verification)","https://careerwithmohit.online/blog/top-llb-law-colleges-delhi-ncr-2026"
"https://careerwithmohit.online/blog/top-mba-agri-business-management-colleges-india","Top 20 MBA in Agri-Business Management Colleges in India: Placements, Packages & Career Roles","MBA Agri-Business Management India 2027–29","1145","Online Degrees","2026-03-12","Standard Post (1145 words)","Retain URL & Optimize in Batches (AEO Snippets, Title, Meta, Schema, FAQs, Fact Verification)","https://careerwithmohit.online/blog/top-mba-agri-business-management-colleges-india"
"https://careerwithmohit.online/blog/top-mba-colleges-accepting-cat-score-70-to-80-percentile-2027-29","Top MBA Colleges for CAT 70-80 Percentile 2027–29 — Placements & Fees","colleges for 70 percentile cat 2026","762","Exams","2026-04-21","Standard Post (762 words)","Retain URL & Optimize in Batches (AEO Snippets, Title, Meta, Schema, FAQs, Fact Verification)","https://careerwithmohit.online/blog/top-mba-colleges-accepting-cat-score-70-to-80-percentile-2027-29"
"https://careerwithmohit.online/blog/top-mba-colleges-chennai-2027-29","Top MBA Colleges in Chennai 2027–29 — Fees, Placements & ROI","top mba colleges in chennai 2027–29","838","Exams","2026-04-21","Standard Post (838 words)","Retain URL & Optimize in Batches (AEO Snippets, Title, Meta, Schema, FAQs, Fact Verification)","https://careerwithmohit.online/blog/top-mba-colleges-chennai-2027-29"
"https://careerwithmohit.online/blog/top-mba-colleges-cuet-pg","Top MBA Colleges Accepting CUET PG 2027–29: Fees, Cutoffs, and Placements","CUET PG MBA colleges 2027–29","727","Online Degrees","2026-03-24","Standard Post (727 words)","Retain URL & Optimize in Batches (AEO Snippets, Title, Meta, Schema, FAQs, Fact Verification)","https://careerwithmohit.online/blog/top-mba-colleges-cuet-pg"
"https://careerwithmohit.online/blog/top-mba-colleges-delhi-ncr-admission-2027-2029-fees-placements","Top MBA & PGDM Colleges in Delhi NCR 2027–2029: Fees, Cutoffs, Placements & Admission Process","Top MBA Colleges Delhi NCR 2027-2029","851","Exams","2026-09-06","Standard Post (851 words)","Retain URL & Optimize in Batches (AEO Snippets, Title, Meta, Schema, FAQs, Fact Verification)","https://careerwithmohit.online/blog/top-mba-colleges-delhi-ncr-admission-2027-2029-fees-placements"
"https://careerwithmohit.online/blog/top-mba-colleges-for-50-60-percentile-in-cat-2027-29","Top MBA Colleges for 50-60 Percentile in CAT [2026] — Best ROI, Direct Admission & Fees","Top MBA Colleges for 50-60 Percentile in CAT","1089","Exams","2026-08-14","Standard Post (1089 words)","Retain URL & Optimize in Batches (AEO Snippets, Title, Meta, Schema, FAQs, Fact Verification)","https://careerwithmohit.online/blog/top-mba-colleges-for-50-60-percentile-in-cat-2027-29"
"https://careerwithmohit.online/blog/top-mba-colleges-for-finance-specialization-india-2027-29","Top MBA Colleges for Finance in India 2027–29 — Placements & Fees","top mba colleges for finance in india 2027–29","919","Exams","2026-04-21","Standard Post (919 words)","Retain URL & Optimize in Batches (AEO Snippets, Title, Meta, Schema, FAQs, Fact Verification)","https://careerwithmohit.online/blog/top-mba-colleges-for-finance-specialization-india-2027-29"
"https://careerwithmohit.online/blog/top-mba-colleges-for-marketing-specialization-india-2027-29","Top MBA Colleges for Marketing in India 2027–29 — Placements & Fees","top mba colleges for marketing in india 2027–29","855","Jobs & Careers","2026-04-21","Standard Post (855 words)","Retain URL & Optimize in Batches (AEO Snippets, Title, Meta, Schema, FAQs, Fact Verification)","https://careerwithmohit.online/blog/top-mba-colleges-for-marketing-specialization-india-2027-29"
"https://careerwithmohit.online/blog/top-mba-colleges-hyderabad-2027-29","Top MBA Colleges in Hyderabad 2027–29 — Fees, Placements & ROI","top mba colleges in hyderabad 2027–29","790","Exams","2026-04-21","Standard Post (790 words)","Retain URL & Optimize in Batches (AEO Snippets, Title, Meta, Schema, FAQs, Fact Verification)","https://careerwithmohit.online/blog/top-mba-colleges-hyderabad-2027-29"
"https://careerwithmohit.online/blog/top-mba-colleges-in-ahmedabad-2027","Top MBA Colleges in Ahmedabad 2027: Fees, Cutoff & Placements ROI","top mba college in ahmedabad","859","MBA","2026-09-25","Standard Post (859 words)","Retain URL & Optimize in Batches (AEO Snippets, Title, Meta, Schema, FAQs, Fact Verification)","https://careerwithmohit.online/blog/top-mba-colleges-in-ahmedabad-2027"
"https://careerwithmohit.online/blog/top-mba-colleges-in-bangalore-2027","Top MBA Colleges in Bangalore 2027: Fees, Cutoff & Placements","top mba college in bangalore","946","Jobs & Careers","2026-09-25","Standard Post (946 words)","Retain URL & Optimize in Batches (AEO Snippets, Title, Meta, Schema, FAQs, Fact Verification)","https://careerwithmohit.online/blog/top-mba-colleges-in-bangalore-2027"
"https://careerwithmohit.online/blog/top-mba-colleges-in-chennai-2027","Top MBA Colleges in Chennai 2027: Fees, Cutoff & Placements ROI","top mba college in chennai","782","MBA","2026-09-25","Standard Post (782 words)","Retain URL & Optimize in Batches (AEO Snippets, Title, Meta, Schema, FAQs, Fact Verification)","https://careerwithmohit.online/blog/top-mba-colleges-in-chennai-2027"
"https://careerwithmohit.online/blog/top-mba-colleges-in-delhi-2027","Top MBA Colleges in Delhi 2027: Fees, Cutoff & Placements ROI","top mba college in delhi","1047","MBA","2026-09-25","Standard Post (1047 words)","Retain URL & Optimize in Batches (AEO Snippets, Title, Meta, Schema, FAQs, Fact Verification)","https://careerwithmohit.online/blog/top-mba-colleges-in-delhi-2027"
"https://careerwithmohit.online/blog/top-mba-colleges-in-delhi-ncr-2027","Top MBA Colleges in Delhi NCR 2027: Fees, Ranking & Cutoffs","top mba college in delhi ncr","1015","Exams","2026-09-25","Standard Post (1015 words)","Retain URL & Optimize in Batches (AEO Snippets, Title, Meta, Schema, FAQs, Fact Verification)","https://careerwithmohit.online/blog/top-mba-colleges-in-delhi-ncr-2027"
"https://careerwithmohit.online/blog/top-mba-colleges-in-delhi-ncr-accepting-cat-score-2027-29","Top MBA Colleges in Delhi NCR Accepting CAT Score [2026] — Tier-Wise Rankings, Fees & Placements","Top MBA Colleges in Delhi NCR Accepting CAT Score","1230","MBA","2026-08-14","Standard Post (1230 words)","Retain URL & Optimize in Batches (AEO Snippets, Title, Meta, Schema, FAQs, Fact Verification)","https://careerwithmohit.online/blog/top-mba-colleges-in-delhi-ncr-accepting-cat-score-2027-29"
"https://careerwithmohit.online/blog/top-mba-colleges-in-ghaziabad-2027","Top MBA Colleges in Ghaziabad 2027: Fees, Cutoff & Placements ROI","top mba college in ghaziabad","887","MBA","2026-09-25","Standard Post (887 words)","Retain URL & Optimize in Batches (AEO Snippets, Title, Meta, Schema, FAQs, Fact Verification)","https://careerwithmohit.online/blog/top-mba-colleges-in-ghaziabad-2027"
"https://careerwithmohit.online/blog/top-mba-colleges-in-greater-noida-2027","Top MBA Colleges in Greater Noida 2027: Fees, Cutoff & Placements","top mba college in greater noida","947","MBA","2026-09-25","Standard Post (947 words)","Retain URL & Optimize in Batches (AEO Snippets, Title, Meta, Schema, FAQs, Fact Verification)","https://careerwithmohit.online/blog/top-mba-colleges-in-greater-noida-2027"
"https://careerwithmohit.online/blog/top-mba-colleges-in-gurgaon-2027","Top MBA Colleges in Gurgaon 2027: Fees, Cutoff & Placements ROI","top mba college in gurgaon","984","MBA","2026-09-25","Standard Post (984 words)","Retain URL & Optimize in Batches (AEO Snippets, Title, Meta, Schema, FAQs, Fact Verification)","https://careerwithmohit.online/blog/top-mba-colleges-in-gurgaon-2027"
"https://careerwithmohit.online/blog/top-mba-colleges-in-india-2027","Top MBA Colleges in India 2027: Fees, Cutoff & Placements ROI","top mba college in india","1285","MBA","2026-09-25","Standard Post (1285 words)","Retain URL & Optimize in Batches (AEO Snippets, Title, Meta, Schema, FAQs, Fact Verification)","https://careerwithmohit.online/blog/top-mba-colleges-in-india-2027"
"https://careerwithmohit.online/blog/top-mba-colleges-in-jaipur-2027","Top MBA Colleges in Jaipur 2027: Fees, Cutoff & Placements ROI","top mba college in jaipur","750","MBA","2026-09-25","Standard Post (750 words)","Retain URL & Optimize in Batches (AEO Snippets, Title, Meta, Schema, FAQs, Fact Verification)","https://careerwithmohit.online/blog/top-mba-colleges-in-jaipur-2027"
"https://careerwithmohit.online/blog/top-mba-colleges-in-kolkata-2027","Top MBA Colleges in Kolkata 2027: Fees, Cutoff & Placements ROI","top mba college in kolkata","788","Jobs & Careers","2026-09-25","Standard Post (788 words)","Retain URL & Optimize in Batches (AEO Snippets, Title, Meta, Schema, FAQs, Fact Verification)","https://careerwithmohit.online/blog/top-mba-colleges-in-kolkata-2027"
"https://careerwithmohit.online/blog/top-mba-colleges-in-mumbai-2027","Top MBA Colleges in Mumbai 2027: Fees, Cutoff & Placements ROI","top mba college in mumbai","971","MBA","2026-09-25","Standard Post (971 words)","Retain URL & Optimize in Batches (AEO Snippets, Title, Meta, Schema, FAQs, Fact Verification)","https://careerwithmohit.online/blog/top-mba-colleges-in-mumbai-2027"
"https://careerwithmohit.online/blog/top-mba-colleges-in-noida-2027","Top MBA Colleges in Noida 2027: Fees, Cutoff & Placements ROI","top mba college in noida","860","MBA","2026-09-25","Standard Post (860 words)","Retain URL & Optimize in Batches (AEO Snippets, Title, Meta, Schema, FAQs, Fact Verification)","https://careerwithmohit.online/blog/top-mba-colleges-in-noida-2027"
"https://careerwithmohit.online/blog/top-mba-colleges-in-pune-2027","Top MBA Colleges in Pune 2027: Fees, Cutoff & Placements ROI","top mba college in pune","954","Jobs & Careers","2026-09-25","Standard Post (954 words)","Retain URL & Optimize in Batches (AEO Snippets, Title, Meta, Schema, FAQs, Fact Verification)","https://careerwithmohit.online/blog/top-mba-colleges-in-pune-2027"
"https://careerwithmohit.online/blog/top-mba-colleges-india-accepting-gmat-2027-29","Top MBA Colleges in India Accepting GMAT Scores 2027–29: Cutoffs & Fees","MBA admission 2027–2029","963","Study Abroad","2026-05-06","Standard Post (963 words)","Retain URL & Optimize in Batches (AEO Snippets, Title, Meta, Schema, FAQs, Fact Verification)","https://careerwithmohit.online/blog/top-mba-colleges-india-accepting-gmat-2027-29"
"https://careerwithmohit.online/blog/top-mba-colleges-kolkata-2027-29","Top MBA Colleges in Kolkata 2027–29 — Fees, Placements & ROI","top mba colleges in kolkata 2027–29","799","Exams","2026-04-21","Standard Post (799 words)","Retain URL & Optimize in Batches (AEO Snippets, Title, Meta, Schema, FAQs, Fact Verification)","https://careerwithmohit.online/blog/top-mba-colleges-kolkata-2027-29"
"https://careerwithmohit.online/blog/top-mba-colleges-mat","Top MBA Colleges Accepting MAT 2027–29: Fees, Results, and Expected Cutoffs","MAT 2026 MBA colleges","846","Online Degrees","2026-03-12","Standard Post (846 words)","Retain URL & Optimize in Batches (AEO Snippets, Title, Meta, Schema, FAQs, Fact Verification)","https://careerwithmohit.online/blog/top-mba-colleges-mat"
"https://careerwithmohit.online/blog/top-mba-colleges-mumbai-2027-29","Top MBA Colleges in Mumbai 2027–29 — Fees, Placements & ROI","top mba colleges in mumbai 2027–29","777","Exams","2026-04-21","Standard Post (777 words)","Retain URL & Optimize in Batches (AEO Snippets, Title, Meta, Schema, FAQs, Fact Verification)","https://careerwithmohit.online/blog/top-mba-colleges-mumbai-2027-29"
"https://careerwithmohit.online/blog/top-mba-colleges-without-cat-accepting-other-exams-mat-cmat-xat-2027-29","Top MBA Colleges Without CAT / Accepting Other Exams (XAT, NMAT, SNAP, CMAT, MAT) [2026]","Top MBA Colleges Without CAT","1167","Exams","2026-08-14","Standard Post (1167 words)","Retain URL & Optimize in Batches (AEO Snippets, Title, Meta, Schema, FAQs, Fact Verification)","https://careerwithmohit.online/blog/top-mba-colleges-without-cat-accepting-other-exams-mat-cmat-xat-2027-29"
"https://careerwithmohit.online/blog/top-mba-entrance-exams-2026-guide","Top MBA Entrance Exams 2027–29: Dates, Fees, Placements & Application Guide","MBA entrance exams 2027–29","1107","Online Degrees","2026-03-14","Standard Post (1107 words)","Retain URL & Optimize in Batches (AEO Snippets, Title, Meta, Schema, FAQs, Fact Verification)","https://careerwithmohit.online/blog/top-mba-entrance-exams-2026-guide"
"https://careerwithmohit.online/blog/top-mba-pgdm-colleges-bangalore-2027","Top MBA & PGDM Colleges in Bangalore 2027: Fees, Placements & Rankings","top pgdm colleges bangalore 2027","987","Jobs & Careers","2026-07-22","Standard Post (987 words)","Retain URL & Optimize in Batches (AEO Snippets, Title, Meta, Schema, FAQs, Fact Verification)","https://careerwithmohit.online/blog/top-mba-pgdm-colleges-bangalore-2027"
"https://careerwithmohit.online/blog/top-mba-pgdm-colleges-delhi-ncr-roi-2027-29","Top MBA/PGDM Colleges in Delhi NCR with Best ROI: 2027-29 Cutoff, Fees & Placement Reports","Top MBA Colleges in Delhi NCR 2027-29","872","Exams","2026-08-22","Standard Post (872 words)","Retain URL & Optimize in Batches (AEO Snippets, Title, Meta, Schema, FAQs, Fact Verification)","https://careerwithmohit.online/blog/top-mba-pgdm-colleges-delhi-ncr-roi-2027-29"
"https://careerwithmohit.online/blog/top-mba-pgdm-colleges-kolkata-2027-29","Top MBA/PGDM Colleges in Kolkata (2027-29): Low Fees, High Placements & Admission Process","Top MBA Colleges in Kolkata 2027-29","653","Exams","2026-08-22","Standard Post (653 words)","Retain URL & Optimize in Batches (AEO Snippets, Title, Meta, Schema, FAQs, Fact Verification)","https://careerwithmohit.online/blog/top-mba-pgdm-colleges-kolkata-2027-29"
"https://careerwithmohit.online/blog/top-mba-pgdm-institutes-bangalore-2027-29","Top Ranked MBA/PGDM Institutes in Bangalore (2027-29): High ROI, MAT Cutoffs & Application Process","Top MBA Colleges in Bangalore 2027-29","734","Exams","2026-08-22","Standard Post (734 words)","Retain URL & Optimize in Batches (AEO Snippets, Title, Meta, Schema, FAQs, Fact Verification)","https://careerwithmohit.online/blog/top-mba-pgdm-institutes-bangalore-2027-29"
"https://careerwithmohit.online/blog/top-mbbs-colleges-india-nirf-ranking-2026","Top MBBS Colleges in India 2026 — NIRF & AIIMS Rankings","top mbbs colleges in india 2026","873","Medical/MBBS","2026-04-21","Standard Post (873 words)","Retain URL & Optimize in Batches (AEO Snippets, Title, Meta, Schema, FAQs, Fact Verification)","https://careerwithmohit.online/blog/top-mbbs-colleges-india-nirf-ranking-2026"
"https://careerwithmohit.online/blog/top-mca-colleges-bangalore-2026","Top MCA Colleges in Bangalore 2026 — Fees, Placements & Admission","top mca colleges in bangalore 2026","757","BCA/MCA","2026-04-21","Standard Post (757 words)","Retain URL & Optimize in Batches (AEO Snippets, Title, Meta, Schema, FAQs, Fact Verification)","https://careerwithmohit.online/blog/top-mca-colleges-bangalore-2026"
"https://careerwithmohit.online/blog/top-mca-colleges-chennai-2026","Top MCA Colleges in Chennai 2026 — Fees, Placements & Admission","top mca colleges in chennai 2026","790","BCA/MCA","2026-04-21","Standard Post (790 words)","Retain URL & Optimize in Batches (AEO Snippets, Title, Meta, Schema, FAQs, Fact Verification)","https://careerwithmohit.online/blog/top-mca-colleges-chennai-2026"
"https://careerwithmohit.online/blog/top-mca-colleges-data-science-ai-specialization-2026","Top MCA Colleges for Data Science & AI Specialization 2026","mca in data science colleges india 2026","776","BCA/MCA","2026-04-21","Standard Post (776 words)","Retain URL & Optimize in Batches (AEO Snippets, Title, Meta, Schema, FAQs, Fact Verification)","https://careerwithmohit.online/blog/top-mca-colleges-data-science-ai-specialization-2026"
"https://careerwithmohit.online/blog/top-mca-colleges-delhi-ncr-2026","Top MCA Colleges in Delhi NCR 2026 — Fees, Placements & Admission","top mca colleges in delhi ncr 2026","802","BCA/MCA","2026-04-21","Standard Post (802 words)","Retain URL & Optimize in Batches (AEO Snippets, Title, Meta, Schema, FAQs, Fact Verification)","https://careerwithmohit.online/blog/top-mca-colleges-delhi-ncr-2026"
"https://careerwithmohit.online/blog/top-mca-colleges-hyderabad-2026","Top MCA Colleges in Hyderabad 2026 — Fees, Placements & Admission","top mca colleges in hyderabad 2026","801","BCA/MCA","2026-04-21","Standard Post (801 words)","Retain URL & Optimize in Batches (AEO Snippets, Title, Meta, Schema, FAQs, Fact Verification)","https://careerwithmohit.online/blog/top-mca-colleges-hyderabad-2026"
"https://careerwithmohit.online/blog/top-mca-colleges-india-nirf-ranking-2026","Top MCA Colleges in India 2026 — NIRF & NIMCET Rankings","top mca colleges in india 2026","810","B.Tech","2026-04-21","Standard Post (810 words)","Retain URL & Optimize in Batches (AEO Snippets, Title, Meta, Schema, FAQs, Fact Verification)","https://careerwithmohit.online/blog/top-mca-colleges-india-nirf-ranking-2026"
"https://careerwithmohit.online/blog/top-mca-colleges-kolkata-2026","Top MCA Colleges in Kolkata 2026 — Fees, Placements & Admission","top mca colleges in kolkata 2026","809","BCA/MCA","2026-04-21","Standard Post (809 words)","Retain URL & Optimize in Batches (AEO Snippets, Title, Meta, Schema, FAQs, Fact Verification)","https://careerwithmohit.online/blog/top-mca-colleges-kolkata-2026"
"https://careerwithmohit.online/blog/top-mca-colleges-mumbai-2027-29","Top MCA Colleges in Mumbai 2026 — Fees, Placements & Admission","top mca colleges in mumbai 2026","859","BCA/MCA","2026-04-21","Standard Post (859 words)","Retain URL & Optimize in Batches (AEO Snippets, Title, Meta, Schema, FAQs, Fact Verification)","https://careerwithmohit.online/blog/top-mca-colleges-mumbai-2027-29"
"https://careerwithmohit.online/blog/top-mca-colleges-pune-2026","Top MCA Colleges in Pune 2026 — Fees, Placements & Admission","top mca colleges in pune 2026","802","BCA/MCA","2026-04-21","Standard Post (802 words)","Retain URL & Optimize in Batches (AEO Snippets, Title, Meta, Schema, FAQs, Fact Verification)","https://careerwithmohit.online/blog/top-mca-colleges-pune-2026"
"https://careerwithmohit.online/blog/top-medical-colleges-bangalore-2026","Top Medical Colleges in Bangalore 2026 — Fees, Cutoffs & Admission","top medical colleges in bangalore 2026","803","Medical/MBBS","2026-04-21","Standard Post (803 words)","Retain URL & Optimize in Batches (AEO Snippets, Title, Meta, Schema, FAQs, Fact Verification)","https://careerwithmohit.online/blog/top-medical-colleges-bangalore-2026"
"https://careerwithmohit.online/blog/top-medical-colleges-chennai-2026","Top Medical Colleges in Chennai 2026 — Fees, Cutoffs & Admission","top medical colleges in chennai 2026","829","Medical/MBBS","2026-04-21","Standard Post (829 words)","Retain URL & Optimize in Batches (AEO Snippets, Title, Meta, Schema, FAQs, Fact Verification)","https://careerwithmohit.online/blog/top-medical-colleges-chennai-2026"
"https://careerwithmohit.online/blog/top-medical-colleges-delhi-ncr-2026","Top Medical Colleges in Delhi NCR 2026 — Fees, Cutoffs & Admission","top medical colleges in delhi ncr 2026","892","Medical/MBBS","2026-04-21","Standard Post (892 words)","Retain URL & Optimize in Batches (AEO Snippets, Title, Meta, Schema, FAQs, Fact Verification)","https://careerwithmohit.online/blog/top-medical-colleges-delhi-ncr-2026"
"https://careerwithmohit.online/blog/top-medical-colleges-hyderabad-2026","Top Medical Colleges in Hyderabad 2026 — Fees, Cutoffs & Admission","top medical colleges in hyderabad 2026","833","Medical/MBBS","2026-04-21","Standard Post (833 words)","Retain URL & Optimize in Batches (AEO Snippets, Title, Meta, Schema, FAQs, Fact Verification)","https://careerwithmohit.online/blog/top-medical-colleges-hyderabad-2026"
"https://careerwithmohit.online/blog/top-medical-colleges-lucknow-2026","Top Medical Colleges in Lucknow 2026 — Fees, Cutoffs & Admission","top medical colleges in lucknow 2026","829","Medical/MBBS","2026-04-21","Standard Post (829 words)","Retain URL & Optimize in Batches (AEO Snippets, Title, Meta, Schema, FAQs, Fact Verification)","https://careerwithmohit.online/blog/top-medical-colleges-lucknow-2026"
"https://careerwithmohit.online/blog/top-medical-colleges-mumbai-2027-29","Top Medical Colleges in Mumbai 2026 — Fees, Cutoffs & Admission","top medical colleges in mumbai 2026","1041","Medical/MBBS","2026-04-21","Standard Post (1041 words)","Retain URL & Optimize in Batches (AEO Snippets, Title, Meta, Schema, FAQs, Fact Verification)","https://careerwithmohit.online/blog/top-medical-colleges-mumbai-2027-29"
"https://careerwithmohit.online/blog/top-medical-colleges-pune-2026","Top Medical Colleges in Pune 2026 — Fees, Cutoffs & Admission","top medical colleges in pune 2026","859","Medical/MBBS","2026-04-21","Standard Post (859 words)","Retain URL & Optimize in Batches (AEO Snippets, Title, Meta, Schema, FAQs, Fact Verification)","https://careerwithmohit.online/blog/top-medical-colleges-pune-2026"
"https://careerwithmohit.online/blog/top-mhcet-mba-colleges-mumbai-pune-2027-29","Top MAH MBA CET Colleges in Mumbai & Pune 2027–29: Cutoffs & ROI","MAH MBA CET colleges","984","Online Degrees","2026-04-04","Standard Post (984 words)","Retain URL & Optimize in Batches (AEO Snippets, Title, Meta, Schema, FAQs, Fact Verification)","https://careerwithmohit.online/blog/top-mhcet-mba-colleges-mumbai-pune-2027-29"
"https://careerwithmohit.online/blog/top-mhcet-mba-colleges-pune-2026-cutoffs-fees","Top MBA Colleges in Pune Accepting MAH MBA CET 2027–29: Expected Cutoffs & Fees","MAH MBA CET 2027–29 Pune cutoffs","857","MBA","2026-04-05","Standard Post (857 words)","Retain URL & Optimize in Batches (AEO Snippets, Title, Meta, Schema, FAQs, Fact Verification)","https://careerwithmohit.online/blog/top-mhcet-mba-colleges-pune-2026-cutoffs-fees"
"https://careerwithmohit.online/blog/top-msba-colleges-in-bangalore-2027","Top MSBA Colleges in Bangalore 2027: Fees, Cutoff & Placements ROI","top msba colleges in bangalore 2027","1273","MBA","2026-09-28","Standard Post (1273 words)","Retain URL & Optimize in Batches (AEO Snippets, Title, Meta, Schema, FAQs, Fact Verification)","https://careerwithmohit.online/blog/top-msba-colleges-in-bangalore-2027"
"https://careerwithmohit.online/blog/top-msba-colleges-in-delhi-ncr-2027","Top MSBA Colleges in Delhi NCR 2027: Fees, Cutoff & Placements ROI","top msba colleges in delhi ncr 2027","1362","MBA","2026-09-28","Standard Post (1362 words)","Retain URL & Optimize in Batches (AEO Snippets, Title, Meta, Schema, FAQs, Fact Verification)","https://careerwithmohit.online/blog/top-msba-colleges-in-delhi-ncr-2027"
"https://careerwithmohit.online/blog/top-msba-colleges-in-greater-noida-2027","Top MSBA Colleges in Greater Noida 2027: Fees, Cutoff & Placements ROI","top msba colleges in greater noida 2027","1269","MBA","2026-09-28","Standard Post (1269 words)","Retain URL & Optimize in Batches (AEO Snippets, Title, Meta, Schema, FAQs, Fact Verification)","https://careerwithmohit.online/blog/top-msba-colleges-in-greater-noida-2027"
"https://careerwithmohit.online/blog/top-msba-colleges-in-gurgaon-2027","Top MSBA Colleges in Gurgaon 2027: Fees, Cutoff & Placements ROI","top msba colleges in gurgaon 2027","1353","MBA","2026-09-28","Standard Post (1353 words)","Retain URL & Optimize in Batches (AEO Snippets, Title, Meta, Schema, FAQs, Fact Verification)","https://careerwithmohit.online/blog/top-msba-colleges-in-gurgaon-2027"
"https://careerwithmohit.online/blog/top-msba-colleges-in-jaipur-2027","Top MSBA Colleges in Jaipur 2027: Fees, Cutoff & Placements ROI","top msba colleges in jaipur 2027","1287","MBA","2026-09-28","Standard Post (1287 words)","Retain URL & Optimize in Batches (AEO Snippets, Title, Meta, Schema, FAQs, Fact Verification)","https://careerwithmohit.online/blog/top-msba-colleges-in-jaipur-2027"
"https://careerwithmohit.online/blog/top-msba-colleges-in-kolkata-2027","Top MSBA Colleges in Kolkata 2027: Fees, Cutoff & Placements ROI","top msba colleges in kolkata 2027","1290","MBA","2026-09-28","Standard Post (1290 words)","Retain URL & Optimize in Batches (AEO Snippets, Title, Meta, Schema, FAQs, Fact Verification)","https://careerwithmohit.online/blog/top-msba-colleges-in-kolkata-2027"
"https://careerwithmohit.online/blog/top-msba-colleges-in-mumbai-2027","Top MSBA Colleges in Mumbai 2027: Fees, Cutoff & Placements ROI","top msba colleges in mumbai 2027","1354","MBA","2026-09-28","Standard Post (1354 words)","Retain URL & Optimize in Batches (AEO Snippets, Title, Meta, Schema, FAQs, Fact Verification)","https://careerwithmohit.online/blog/top-msba-colleges-in-mumbai-2027"
"https://careerwithmohit.online/blog/top-msba-colleges-in-pune-2027","Top MSBA Colleges in Pune 2027: Fees, Cutoff & Placements ROI","top msba colleges in pune 2027","1448","MBA","2026-09-28","Standard Post (1448 words)","Retain URL & Optimize in Batches (AEO Snippets, Title, Meta, Schema, FAQs, Fact Verification)","https://careerwithmohit.online/blog/top-msba-colleges-in-pune-2027"
"https://careerwithmohit.online/blog/top-online-degree-colleges-in-delhi-ncr-2027","Top Online Degree Colleges in Delhi NCR 2027: UGC Approved Fees & Admission Guide","online degree in delhi ncr 2027","1213","Online Degrees","2026-08-24","Standard Post (1213 words)","Retain URL & Optimize in Batches (AEO Snippets, Title, Meta, Schema, FAQs, Fact Verification)","https://careerwithmohit.online/blog/top-online-degree-colleges-in-delhi-ncr-2027"
"https://careerwithmohit.online/blog/top-online-degrees-in-mumbai-pune-maharashtra-2027","Top Online Degree Colleges in Mumbai & Pune Maharashtra 2027: Fees & Review","online degree in mumbai pune maharashtra 2027","972","Online Degrees","2026-08-24","Standard Post (972 words)","Retain URL & Optimize in Batches (AEO Snippets, Title, Meta, Schema, FAQs, Fact Verification)","https://careerwithmohit.online/blog/top-online-degrees-in-mumbai-pune-maharashtra-2027"
"https://careerwithmohit.online/blog/top-pgdm-colleges-delhi-ncr-2027","Top PGDM Colleges in Delhi NCR 2027: Fees, Rankings & Placement ROI","top pgdm colleges in delhi ncr 2027","1358","Exams","2026-07-22","Standard Post (1358 words)","Retain URL & Optimize in Batches (AEO Snippets, Title, Meta, Schema, FAQs, Fact Verification)","https://careerwithmohit.online/blog/top-pgdm-colleges-delhi-ncr-2027"
"https://careerwithmohit.online/blog/top-pgdm-colleges-greater-noida-ghaziabad-admission-2027","Top PGDM Colleges in Greater Noida & Ghaziabad Admission 2027: Fees, Cutoff & Placements","pgdm admission 2027","725","Exams","2026-09-03","Standard Post (725 words)","Retain URL & Optimize in Batches (AEO Snippets, Title, Meta, Schema, FAQs, Fact Verification)","https://careerwithmohit.online/blog/top-pgdm-colleges-greater-noida-ghaziabad-admission-2027"
"https://careerwithmohit.online/blog/top-private-engineering-colleges-india-2026","Top Private Engineering Colleges in India 2026 — Fees, Placements & Rankings","top private engineering colleges india 2026","1300","B.Tech","2026-04-20","Standard Post (1300 words)","Retain URL & Optimize in Batches (AEO Snippets, Title, Meta, Schema, FAQs, Fact Verification)","https://careerwithmohit.online/blog/top-private-engineering-colleges-india-2026"
"https://careerwithmohit.online/blog/top-private-llb-colleges-india-2026","Top Private Law Colleges in India 2026 — Fees, Placements & Admission","top private law colleges in india 2026","776","Law","2026-04-21","Standard Post (776 words)","Retain URL & Optimize in Batches (AEO Snippets, Title, Meta, Schema, FAQs, Fact Verification)","https://careerwithmohit.online/blog/top-private-llb-colleges-india-2026"
"https://careerwithmohit.online/blog/top-private-ma-colleges-delhi-ncr-2027-29","Top Private MA Colleges in Delhi NCR 2026: Fees, Specializations & Placements","Private MA colleges Delhi NCR","783","Jobs & Careers","2026-04-13","Standard Post (783 words)","Retain URL & Optimize in Batches (AEO Snippets, Title, Meta, Schema, FAQs, Fact Verification)","https://careerwithmohit.online/blog/top-private-ma-colleges-delhi-ncr-2027-29"
"https://careerwithmohit.online/blog/top-recruiters-mba-pgdm-specialization","Top Recruiters in MBA & PGDM by Specialization 2027–29-27: Companies, Packages & Skills","MBA recruiters India 2027–29","1980","Online Degrees","2026-03-12","Standard Post (1980 words)","Retain URL & Optimize in Batches (AEO Snippets, Title, Meta, Schema, FAQs, Fact Verification)","https://careerwithmohit.online/blog/top-recruiters-mba-pgdm-specialization"
"https://careerwithmohit.online/blog/top-ugc-deb-approved-online-universities-in-india-2027-fees-list","Top UGC-DEB Approved Online Universities in India (2027 List): Fees, NAAC Grades & Admission Guide","ugc deb approved online universities list 2027","1118","Online Degrees","2026-09-17","Standard Post (1118 words)","Retain URL & Optimize in Batches (AEO Snippets, Title, Meta, Schema, FAQs, Fact Verification)","https://careerwithmohit.online/blog/top-ugc-deb-approved-online-universities-in-india-2027-fees-list"
"https://careerwithmohit.online/blog/top-universities-in-australia-for-indian-students-2026-fees-admission","Top Universities in Australia for Indian Students 2026: Fees in INR, CRICOS & Post-Study Work Rights","universities in Australia for Indian students 2026","1492","Study Abroad","2026-05-17","Standard Post (1492 words)","Retain URL & Optimize in Batches (AEO Snippets, Title, Meta, Schema, FAQs, Fact Verification)","https://careerwithmohit.online/blog/top-universities-in-australia-for-indian-students-2026-fees-admission"
"https://careerwithmohit.online/blog/top-universities-in-canada-for-indian-students-2026-fees-admission","Top Universities in Canada for Indian Students 2026: Fees in INR, PGWP & Admission Guide","universities in Canada for Indian students 2026","1009","Study Abroad","2026-05-17","Standard Post (1009 words)","Retain URL & Optimize in Batches (AEO Snippets, Title, Meta, Schema, FAQs, Fact Verification)","https://careerwithmohit.online/blog/top-universities-in-canada-for-indian-students-2026-fees-admission"
"https://careerwithmohit.online/blog/top-universities-in-denmark-for-indian-students-2026-fees-admission","Top Universities in Denmark for Indian Students 2026: Fees in INR, Innovation Hub & Admission Guide","universities in Denmark for Indian students 2026","797","Study Abroad","2026-05-17","Standard Post (797 words)","Retain URL & Optimize in Batches (AEO Snippets, Title, Meta, Schema, FAQs, Fact Verification)","https://careerwithmohit.online/blog/top-universities-in-denmark-for-indian-students-2026-fees-admission"
"https://careerwithmohit.online/blog/top-universities-in-finland-for-indian-students-2026-fees-admission","Top Universities in Finland for Indian Students 2026: Fees in INR, FINEEC Accredited & Scholarship Guide","universities in Finland for Indian students 2026","956","Study Abroad","2026-05-17","Standard Post (956 words)","Retain URL & Optimize in Batches (AEO Snippets, Title, Meta, Schema, FAQs, Fact Verification)","https://careerwithmohit.online/blog/top-universities-in-finland-for-indian-students-2026-fees-admission"
"https://careerwithmohit.online/blog/top-universities-in-france-for-indian-students-2026-fees-admission","Top Universities in France for Indian Students 2026: Fees in INR, Grandes Écoles & APS Visa Guide","universities in France for Indian students 2026","1472","Study Abroad","2026-05-17","Standard Post (1472 words)","Retain URL & Optimize in Batches (AEO Snippets, Title, Meta, Schema, FAQs, Fact Verification)","https://careerwithmohit.online/blog/top-universities-in-france-for-indian-students-2026-fees-admission"
"https://careerwithmohit.online/blog/top-universities-in-germany-for-indian-students-2026-fees-admission","Top Universities in Germany for Indian Students 2026: Fees in INR, Low-Cost Programs & Admission","universities in Germany for Indian students 2026","1081","Study Abroad","2026-05-17","Standard Post (1081 words)","Retain URL & Optimize in Batches (AEO Snippets, Title, Meta, Schema, FAQs, Fact Verification)","https://careerwithmohit.online/blog/top-universities-in-germany-for-indian-students-2026-fees-admission"
"https://careerwithmohit.online/blog/top-universities-in-hungary-for-indian-students-2026-fees-admission","Top Universities in Hungary for Indian Students 2026: Fees in INR, Stipendium Scholarship & Schengen Guide","universities in Hungary for Indian students 2026","853","Study Abroad","2026-05-17","Standard Post (853 words)","Retain URL & Optimize in Batches (AEO Snippets, Title, Meta, Schema, FAQs, Fact Verification)","https://careerwithmohit.online/blog/top-universities-in-hungary-for-indian-students-2026-fees-admission"
"https://careerwithmohit.online/blog/top-universities-in-ireland-for-indian-students-2026-fees-admission","Top Universities in Ireland for Indian Students 2026: Fees in INR, Programs & 2-Year Stay Back Visa","universities in Ireland for Indian students 2026","1038","Study Abroad","2026-05-17","Standard Post (1038 words)","Retain URL & Optimize in Batches (AEO Snippets, Title, Meta, Schema, FAQs, Fact Verification)","https://careerwithmohit.online/blog/top-universities-in-ireland-for-indian-students-2026-fees-admission"
"https://careerwithmohit.online/blog/top-universities-in-malaysia-for-indian-students-2026-fees-admission","Top Universities in Malaysia for Indian Students 2026: Fees in INR, MQA Accredited & Admission Guide","universities in Malaysia for Indian students 2026","937","Study Abroad","2026-05-17","Standard Post (937 words)","Retain URL & Optimize in Batches (AEO Snippets, Title, Meta, Schema, FAQs, Fact Verification)","https://careerwithmohit.online/blog/top-universities-in-malaysia-for-indian-students-2026-fees-admission"
"https://careerwithmohit.online/blog/top-universities-in-malta-for-indian-students-2026-fees-admission","Top Universities in Malta for Indian Students 2026: Fees in INR, MFHEA Accredited & English Medium Guide","universities in Malta for Indian students 2026","956","Study Abroad","2026-05-17","Standard Post (956 words)","Retain URL & Optimize in Batches (AEO Snippets, Title, Meta, Schema, FAQs, Fact Verification)","https://careerwithmohit.online/blog/top-universities-in-malta-for-indian-students-2026-fees-admission"
"https://careerwithmohit.online/blog/top-universities-in-netherlands-for-indian-students-2026-fees-admission","Top Universities in Netherlands for Indian Students 2026: Fees in INR, NVAO Accredited & Orientation Visa","universities in Netherlands for Indian students 2026","762","Study Abroad","2026-05-17","Standard Post (762 words)","Retain URL & Optimize in Batches (AEO Snippets, Title, Meta, Schema, FAQs, Fact Verification)","https://careerwithmohit.online/blog/top-universities-in-netherlands-for-indian-students-2026-fees-admission"
"https://careerwithmohit.online/blog/top-universities-in-new-zealand-for-indian-students-2026-fees-admission","Top Universities in New Zealand for Indian Students 2026: Fees in INR, NZQA & Post-Study Work Guide","universities in New Zealand for Indian students 2026","1180","Study Abroad","2026-05-17","Standard Post (1180 words)","Retain URL & Optimize in Batches (AEO Snippets, Title, Meta, Schema, FAQs, Fact Verification)","https://careerwithmohit.online/blog/top-universities-in-new-zealand-for-indian-students-2026-fees-admission"
"https://careerwithmohit.online/blog/top-universities-in-poland-for-indian-students-2026-fees-admission","Top Universities in Poland for Indian Students 2026: Fees in INR, Schengen & Affordable Europe Guide","universities in Poland for Indian students 2026","776","Study Abroad","2026-05-17","Standard Post (776 words)","Retain URL & Optimize in Batches (AEO Snippets, Title, Meta, Schema, FAQs, Fact Verification)","https://careerwithmohit.online/blog/top-universities-in-poland-for-indian-students-2026-fees-admission"
"https://careerwithmohit.online/blog/top-universities-in-spain-for-indian-students-2026-fees-admission","Top Universities in Spain for Indian Students 2026: Fees in INR, Programs & Admission Guide","universities in Spain for Indian students 2026","1084","Study Abroad","2026-05-17","Standard Post (1084 words)","Retain URL & Optimize in Batches (AEO Snippets, Title, Meta, Schema, FAQs, Fact Verification)","https://careerwithmohit.online/blog/top-universities-in-spain-for-indian-students-2026-fees-admission"
"https://careerwithmohit.online/blog/top-universities-in-sweden-for-indian-students-2026-fees-admission","Top Universities in Sweden for Indian Students 2026: Fees in INR, Programs & Post-Study Visa Guide","universities in Sweden for Indian students 2026","713","Study Abroad","2026-05-17","Standard Post (713 words)","Retain URL & Optimize in Batches (AEO Snippets, Title, Meta, Schema, FAQs, Fact Verification)","https://careerwithmohit.online/blog/top-universities-in-sweden-for-indian-students-2026-fees-admission"
"https://careerwithmohit.online/blog/top-universities-in-uk-for-indian-students-2026-fees-admission","Top Universities in UK for Indian Students 2026: Fees in INR, Programs & 2-Year PSW Visa Guide","universities in UK for Indian students 2026","2016","Study Abroad","2026-05-17","Standard Post (2016 words)","Retain URL & Optimize in Batches (AEO Snippets, Title, Meta, Schema, FAQs, Fact Verification)","https://careerwithmohit.online/blog/top-universities-in-uk-for-indian-students-2026-fees-admission"
"https://careerwithmohit.online/blog/top-universities-in-usa-for-indian-students-2026-fees-admission","Top Universities in USA for Indian Students 2026: Fees in INR, Programs & Admission Guide","universities in USA for Indian students 2026","2050","Study Abroad","2026-05-17","Standard Post (2050 words)","Retain URL & Optimize in Batches (AEO Snippets, Title, Meta, Schema, FAQs, Fact Verification)","https://careerwithmohit.online/blog/top-universities-in-usa-for-indian-students-2026-fees-admission"
"https://careerwithmohit.online/blog/total-seats-in-iims-2026-seat-matrix","Total Seats in IIMs 2026: Institute-wise Seat Matrix for CAT Aspirants","total seats in IIM 2026","1167","Exams","2026-08-04","Standard Post (1167 words)","Retain URL & Optimize in Batches (AEO Snippets, Title, Meta, Schema, FAQs, Fact Verification)","https://careerwithmohit.online/blog/total-seats-in-iims-2026-seat-matrix"
"https://careerwithmohit.online/blog/tufts-university-usa-admission-guide-2027-29","Tufts University Admission Guide 2026: Fees, Placements & Requirements","Tufts University admission 2026","776","Jobs & Careers","2026-06-11","Standard Post (776 words)","Retain URL & Optimize in Batches (AEO Snippets, Title, Meta, Schema, FAQs, Fact Verification)","https://careerwithmohit.online/blog/tufts-university-usa-admission-guide-2027-29"
"https://careerwithmohit.online/blog/ubs-mumbai-universal-ai-university-mba-pgdm-admission-2027-29","Universal Business School (UBS Mumbai) / Universal AI University MBA / PGDM Admission 2027-29: Fees, Approvals, Placements, PPO, Certifications & Faculty Review","Universal Business School (UBS Mumbai) / Universal AI University admission 2027-29","1330","Exams","2026-09-18","Standard Post (1330 words)","Retain URL & Optimize in Batches (AEO Snippets, Title, Meta, Schema, FAQs, Fact Verification)","https://careerwithmohit.online/blog/ubs-mumbai-universal-ai-university-mba-pgdm-admission-2027-29"
"https://careerwithmohit.online/blog/ubs-panjab-university-mba-review-2027-fees-placements-cutoff","University Business School (UBS), Panjab University Review 2027: Fees, Placements, Cutoff, Ranking & Admission Verdict","university business school (ubs), panjab university review 2027","1377","MBA","2026-09-15","Standard Post (1377 words)","Retain URL & Optimize in Batches (AEO Snippets, Title, Meta, Schema, FAQs, Fact Verification)","https://careerwithmohit.online/blog/ubs-panjab-university-mba-review-2027-fees-placements-cutoff"
"https://careerwithmohit.online/blog/ugc-aicte-last-date-mba-pgdm-admission-2027-29","UGC & AICTE Last Date to Take MBA & PGDM Admission 2027–2029: Official Guidelines & Deadlines","UGC last date for MBA admission 2027–2029","1002","Exams","2026-06-23","Standard Post (1002 words)","Retain URL & Optimize in Batches (AEO Snippets, Title, Meta, Schema, FAQs, Fact Verification)","https://careerwithmohit.online/blog/ugc-aicte-last-date-mba-pgdm-admission-2027-29"
"https://careerwithmohit.online/blog/uk-income-tax-return-self-assessment-guide-2026","UK Income Tax & Self Assessment Guide: Tax Bands, Rates & Process","UK Income Tax 2026","940","Exams","2026-04-17","Standard Post (940 words)","Retain URL & Optimize in Batches (AEO Snippets, Title, Meta, Schema, FAQs, Fact Verification)","https://careerwithmohit.online/blog/uk-income-tax-return-self-assessment-guide-2026"
"https://careerwithmohit.online/blog/under-5-lakhs-mba-colleges-delhi-ncr-direct-admission-2027-29","Under 5 Lakhs MBA Colleges in Delhi NCR (Direct Admission) 2027–29","under 5 lacs mba college in delhi ncr direct admission","1093","Jobs & Careers","2026-04-08","Standard Post (1093 words)","Retain URL & Optimize in Batches (AEO Snippets, Title, Meta, Schema, FAQs, Fact Verification)","https://careerwithmohit.online/blog/under-5-lakhs-mba-colleges-delhi-ncr-direct-admission-2027-29"
"https://careerwithmohit.online/blog/underrated-mba-colleges-india-2027-29","Top Underrated MBA Colleges in India (2026): High ROI & Placements","underrated MBA colleges in India","1011","Certifications & Skills","2026-04-26","Standard Post (1011 words)","Retain URL & Optimize in Batches (AEO Snippets, Title, Meta, Schema, FAQs, Fact Verification)","https://careerwithmohit.online/blog/underrated-mba-colleges-india-2027-29"
"https://careerwithmohit.online/blog/universal-ai-mumbai-mba-pgdm-review-2027-fees-placements-cutoff","UBS Mumbai PGDM 2027: Fees, Cutoff & Placements ROI","universal business school (ubs mumbai) / universal ai university pgdm admission 2027","1403","MBA Admissions","2026-09-27","Standard Post (1403 words)","Retain URL & Optimize in Batches (AEO Snippets, Title, Meta, Schema, FAQs, Fact Verification)","https://careerwithmohit.online/blog/universal-ai-mumbai-mba-pgdm-review-2027-fees-placements-cutoff"
"https://careerwithmohit.online/blog/university-of-delhi-du-review-2026","University of Delhi (DU) Review 2026: Fees, Placements & CUET Cutoff","University of Delhi 2026","624","Online Degrees","2026-05-24","Standard Post (624 words)","Retain URL & Optimize in Batches (AEO Snippets, Title, Meta, Schema, FAQs, Fact Verification)","https://careerwithmohit.online/blog/university-of-delhi-du-review-2026"
"https://careerwithmohit.online/blog/university-of-hyderabad-uoh-review-2027-29","University of Hyderabad (UoH) Review 2027–29: Fees, Placements & CUET Cutoffs","University of Hyderabad admission 2026","634","Online Degrees","2026-05-24","Standard Post (634 words)","Retain URL & Optimize in Batches (AEO Snippets, Title, Meta, Schema, FAQs, Fact Verification)","https://careerwithmohit.online/blog/university-of-hyderabad-uoh-review-2027-29"
"https://careerwithmohit.online/blog/university-of-utah-usa-admission-guide-2027-29","University of Utah Admission Guide 2026: Fees, Placements & Requirements","University of Utah admission 2026","801","Jobs & Careers","2026-06-11","Standard Post (801 words)","Retain URL & Optimize in Batches (AEO Snippets, Title, Meta, Schema, FAQs, Fact Verification)","https://careerwithmohit.online/blog/university-of-utah-usa-admission-guide-2027-29"
"https://careerwithmohit.online/blog/unstop-finance-internships-2027-29","Unstop Finance Internships 2026: Companies, Stipend, Roles & Apply","Unstop finance internships 2026","1596","BBA","2026-08-03","Standard Post (1596 words)","Retain URL & Optimize in Batches (AEO Snippets, Title, Meta, Schema, FAQs, Fact Verification)","https://careerwithmohit.online/blog/unstop-finance-internships-2027-29"
"https://careerwithmohit.online/blog/up-neet-counselling-2026-guide","UP NEET Counselling 2026 — Complete Guide, Process & Fees","up neet counselling 2026","774","Medical/MBBS","2026-04-21","Standard Post (774 words)","Retain URL & Optimize in Batches (AEO Snippets, Title, Meta, Schema, FAQs, Fact Verification)","https://careerwithmohit.online/blog/up-neet-counselling-2026-guide"
"https://careerwithmohit.online/blog/upcoming-govt-jobs-india-2026-calendar","Upcoming Govt Jobs in India 2026-27: Full Calendar, Notifications & Exam Dates","upcoming govt jobs 2026 notification","726","Jobs & Careers","2026-03-22","Standard Post (726 words)","Retain URL & Optimize in Batches (AEO Snippets, Title, Meta, Schema, FAQs, Fact Verification)","https://careerwithmohit.online/blog/upcoming-govt-jobs-india-2026-calendar"
"https://careerwithmohit.online/blog/upcoming-mba-entrance-exams-2026-dates-fees-application-form","Upcoming MBA Entrance Exams 2027–29-27: Dates, Application Form Fees & Last Date","upcoming mba entrance exams 2027–29","2046","Exams","2026-08-05","Standard Post (2046 words)","Retain URL & Optimize in Batches (AEO Snippets, Title, Meta, Schema, FAQs, Fact Verification)","https://careerwithmohit.online/blog/upcoming-mba-entrance-exams-2026-dates-fees-application-form"
"https://careerwithmohit.online/blog/upes-online-review-2027-29","UPES Online Review (2026-2027): Real Placements, Fees & Cutoffs–29: MBA, MCA, BBA & B.Tech Fee Structure","UPES Online review 2027–29","855","Online Degrees","2026-04-05","Standard Post (855 words)","Retain URL & Optimize in Batches (AEO Snippets, Title, Meta, Schema, FAQs, Fact Verification)","https://careerwithmohit.online/blog/upes-online-review-2027-29"
"https://careerwithmohit.online/blog/upsc-coaches-digital-empire-case-study-2026","How Top UPSC Coaches Built Their Digital Empire — 2026 Case Study","upsc coaches digital growth case study 2026","640","Exams","2026-04-21","Standard Post (640 words)","Retain URL & Optimize in Batches (AEO Snippets, Title, Meta, Schema, FAQs, Fact Verification)","https://careerwithmohit.online/blog/upsc-coaches-digital-empire-case-study-2026"
"https://careerwithmohit.online/blog/us-income-tax-return-filing-guide-2026","Comprehensive Guide to US Income Tax Returns: Forms, Brackets & Filing Process","US Income Tax 2026","929","B.Tech","2026-04-17","Standard Post (929 words)","Retain URL & Optimize in Batches (AEO Snippets, Title, Meta, Schema, FAQs, Fact Verification)","https://careerwithmohit.online/blog/us-income-tax-return-filing-guide-2026"
"https://careerwithmohit.online/blog/us-university-admissions-guide-indian-students-2027-29","US Admissions 2026: Expert Guide for Indian Students (Boston, Duke, Tufts & More)","US University Admissions 2026","812","Exams","2026-05-12","Standard Post (812 words)","Retain URL & Optimize in Batches (AEO Snippets, Title, Meta, Schema, FAQs, Fact Verification)","https://careerwithmohit.online/blog/us-university-admissions-guide-indian-students-2027-29"
"https://careerwithmohit.online/blog/usp-of-bml-munjal-university-mba-2027-29","Top 10 USPs of BML Munjal University MBA: Hero Group Edge, Fees, Placements, Cutoffs & ROI (Complete Guide)","USP of BML Munjal University MBA","2609","MBA","2026-09-08","Standard Post (2609 words)","Retain URL & Optimize in Batches (AEO Snippets, Title, Meta, Schema, FAQs, Fact Verification)","https://careerwithmohit.online/blog/usp-of-bml-munjal-university-mba-2027-29"
"https://careerwithmohit.online/blog/usp-of-delhi-school-of-business-pgdm-2027-29","USP of Delhi School of Business (DSB) 2026: 10 Reasons Why This VIPS-TC B-School Stands Out","USP of Delhi School of Business","1268","Exams","2026-05-11","Standard Post (1268 words)","Retain URL & Optimize in Batches (AEO Snippets, Title, Meta, Schema, FAQs, Fact Verification)","https://careerwithmohit.online/blog/usp-of-delhi-school-of-business-pgdm-2027-29"
"https://careerwithmohit.online/blog/usp-of-fiib-delhi-pgdm-2027-29","USP of FIIB Delhi 2026: 10 Reasons Why Fortune Institute Stands Out in Delhi's PGDM Market","USP of FIIB Delhi","1439","MBA","2026-05-11","Standard Post (1439 words)","Retain URL & Optimize in Batches (AEO Snippets, Title, Meta, Schema, FAQs, Fact Verification)","https://careerwithmohit.online/blog/usp-of-fiib-delhi-pgdm-2027-29"
"https://careerwithmohit.online/blog/usp-of-fostiima-delhi-pgdm-2027-29","USP of FOSTIIMA Delhi PGDM Admission 2027-29: 10 Reasons Why This IIM-A Alumni B-School Stands Out","USP of FOSTIIMA Delhi","2300","MBA","2026-09-30","Standard Post (2300 words)","Retain URL & Optimize in Batches (AEO Snippets, Title, Meta, Schema, FAQs, Fact Verification)","https://careerwithmohit.online/blog/usp-of-fostiima-delhi-pgdm-2027-29"
"https://careerwithmohit.online/blog/usp-of-iiebm-pune-pgdm","Top 10 USPs of IIEBM Pune PGDM: Indus Business School Advantages, Fees, Placements & ROI (Complete Guide)","USP of IIEBM Pune PGDM","1959","Certifications & Skills","2026-09-07","Standard Post (1959 words)","Retain URL & Optimize in Batches (AEO Snippets, Title, Meta, Schema, FAQs, Fact Verification)","https://careerwithmohit.online/blog/usp-of-iiebm-pune-pgdm"
"https://careerwithmohit.online/blog/usp-of-jaipuria-noida-pgdm-2027-29","USP of Jaipuria Institute of Management Noida 2026: 10 Reasons Why It's Among Delhi-NCR's Top PGDM Colleges","USP of [Jaipuria Noida](/colleges/jaipuria-noida/)","947","Exams","2026-05-11","Standard Post (947 words)","Retain URL & Optimize in Batches (AEO Snippets, Title, Meta, Schema, FAQs, Fact Verification)","https://careerwithmohit.online/blog/usp-of-jaipuria-noida-pgdm-2027-29"
"https://careerwithmohit.online/blog/usp-of-jkbs-gurgaon-pgdm-2027-29","USP of JKBS Gurgaon 2026: 10 Reasons Why JK Business School Is a Smart PGDM Choice in Haryana","USP of JKBS Gurgaon","1321","Exams","2026-05-11","Standard Post (1321 words)","Retain URL & Optimize in Batches (AEO Snippets, Title, Meta, Schema, FAQs, Fact Verification)","https://careerwithmohit.online/blog/usp-of-jkbs-gurgaon-pgdm-2027-29"
"https://careerwithmohit.online/blog/usp-of-ndim-delhi-pgdm-2027-29","USP of NDIM Delhi 2026: 10 Reasons Why NDIM Stands Out Among Delhi's Top B-Schools","USP of NDIM Delhi","1867","Exams","2026-05-11","Standard Post (1867 words)","Retain URL & Optimize in Batches (AEO Snippets, Title, Meta, Schema, FAQs, Fact Verification)","https://careerwithmohit.online/blog/usp-of-ndim-delhi-pgdm-2027-29"
"https://careerwithmohit.online/blog/usp-of-soil-gurgaon-pgdm-2027-29","USP of SOIL Institute of Management Gurgaon 2026: 10 Reasons Why SOIL Is India's Most Unique B-School","USP of SOIL Gurgaon","1446","Exams","2026-05-11","Standard Post (1446 words)","Retain URL & Optimize in Batches (AEO Snippets, Title, Meta, Schema, FAQs, Fact Verification)","https://careerwithmohit.online/blog/usp-of-soil-gurgaon-pgdm-2027-29"
"https://careerwithmohit.online/blog/uttaranchal-university-dehradun-review-2027-29","Uttanchal University, Dehradun Review 2027–29: Placements, Fees, Courses & Admission","Uttaranchal University Dehradun review 2027–29","1320","Jobs & Careers","2026-08-03","Standard Post (1320 words)","Retain URL & Optimize in Batches (AEO Snippets, Title, Meta, Schema, FAQs, Fact Verification)","https://careerwithmohit.online/blog/uttaranchal-university-dehradun-review-2027-29"
"https://careerwithmohit.online/blog/uttaranchal-university-online-mba-review-2027-29","Uttaranchal University Online MBA Review (2026-2027): Real Placements, Fees & Cutoffs–29: Fees ₹94,000–₹1,40,000 | NAAC A+","Uttaranchal University online MBA review 2027–29","1052","Online Degrees","2026-05-10","Standard Post (1052 words)","Retain URL & Optimize in Batches (AEO Snippets, Title, Meta, Schema, FAQs, Fact Verification)","https://careerwithmohit.online/blog/uttaranchal-university-online-mba-review-2027-29"
"https://careerwithmohit.online/blog/vc-pe-career-roadmap-india-global-2027-29","Venture Capital & Private Equity Career Roadmap 2026 — How to Get In","venture capital career path india 2026","760","Exams","2026-04-21","Standard Post (760 words)","Retain URL & Optimize in Batches (AEO Snippets, Title, Meta, Schema, FAQs, Fact Verification)","https://careerwithmohit.online/blog/vc-pe-career-roadmap-india-global-2027-29"
"https://careerwithmohit.online/blog/vgu-jaipur-vivekananda-global-university-mba-admission-2027-29","Vivekananda Global University (VGU) MBA / PGDM Admission 2027-29: Fees, Approvals, Placements, PPO, Certifications & Faculty Review","Vivekananda Global University (VGU) admission 2027-29","1265","Exams","2026-09-18","Standard Post (1265 words)","Retain URL & Optimize in Batches (AEO Snippets, Title, Meta, Schema, FAQs, Fact Verification)","https://careerwithmohit.online/blog/vgu-jaipur-vivekananda-global-university-mba-admission-2027-29"
"https://careerwithmohit.online/blog/vignan-university-online-mba-review-2027-29","Vignan University Online MBA Review (2026-2027): Real Placements, Fees & Cutoffs–29: Fees ₹90,000–₹1,10,000 | NAAC A+ | South India","Vignan University online MBA review 2027–29","1187","Online Degrees","2026-05-10","Standard Post (1187 words)","Retain URL & Optimize in Batches (AEO Snippets, Title, Meta, Schema, FAQs, Fact Verification)","https://careerwithmohit.online/blog/vignan-university-online-mba-review-2027-29"
"https://careerwithmohit.online/blog/vishwakarma-university-pune-review-2027-29","Vishwakarma University Review 2027–29: Placements, Fees, Courses & Admission","Vishwakarma University (VU Pune) review 2027–29","1324","Jobs & Careers","2026-08-03","Standard Post (1324 words)","Retain URL & Optimize in Batches (AEO Snippets, Title, Meta, Schema, FAQs, Fact Verification)","https://careerwithmohit.online/blog/vishwakarma-university-pune-review-2027-29"
"https://careerwithmohit.online/blog/vit-bhopal-btech-admission-2026-fees-review","VIT Bhopal B.Tech Admission 2026: Fees, Category-wise Cutoffs & Placement Review","VIT Bhopal BTech admission 2026","681","B.Tech","2026-03-24","Standard Post (681 words)","Retain URL & Optimize in Batches (AEO Snippets, Title, Meta, Schema, FAQs, Fact Verification)","https://careerwithmohit.online/blog/vit-bhopal-btech-admission-2026-fees-review"
"https://careerwithmohit.online/blog/vit-chennai-btech-admission-2026-fees-review","VIT Chennai B.Tech Admission 2026: Fees, Category-wise Cutoffs & Placement Review","VIT Chennai BTech admission 2026","629","B.Tech","2026-03-24","Standard Post (629 words)","Retain URL & Optimize in Batches (AEO Snippets, Title, Meta, Schema, FAQs, Fact Verification)","https://careerwithmohit.online/blog/vit-chennai-btech-admission-2026-fees-review"
"https://careerwithmohit.online/blog/vit-chennai-campus-review-2027-29","Vellore Institute of Technology (VIT), Chennai Campus Review 2027–29: Placements, Fees, Courses & Admission","VIT Chennai Campus review 2027–29","1605","Exams","2026-08-03","Standard Post (1605 words)","Retain URL & Optimize in Batches (AEO Snippets, Title, Meta, Schema, FAQs, Fact Verification)","https://careerwithmohit.online/blog/vit-chennai-campus-review-2027-29"
"https://careerwithmohit.online/blog/vit-vellore-btech-admission-2026-direct-fees-review","VIT Vellore B.Tech Admission 2026: Direct Admission, Fees (Category 1-5) & Placement Review","[VIT Vellore](/colleges/vit-vellore-campus/) BTech admission 2026","766","B.Tech","2026-03-24","Standard Post (766 words)","Retain URL & Optimize in Batches (AEO Snippets, Title, Meta, Schema, FAQs, Fact Verification)","https://careerwithmohit.online/blog/vit-vellore-btech-admission-2026-direct-fees-review"
"https://careerwithmohit.online/blog/viteee-slot-booking-2026-dates-process","VITEEE Slot Booking 2026 Starts: Complete Guide to OTBS, Dates, and Process","VITEEE slot booking 2026","751","B.Tech","2026-04-18","Standard Post (751 words)","Retain URL & Optimize in Batches (AEO Snippets, Title, Meta, Schema, FAQs, Fact Verification)","https://careerwithmohit.online/blog/viteee-slot-booking-2026-dates-process"
"https://careerwithmohit.online/blog/vivekananda-global-university-vgu-online-courses-admission-fees-review-2027-29","Vivekananda Global University (VGU) Online Admission 2026: Courses, Fees, Placements & Review","VGU online courses","876","Online Degrees","2026-03-28","Standard Post (876 words)","Retain URL & Optimize in Batches (AEO Snippets, Title, Meta, Schema, FAQs, Fact Verification)","https://careerwithmohit.online/blog/vivekananda-global-university-vgu-online-courses-admission-fees-review-2027-29"
"https://careerwithmohit.online/blog/vivekananda-global-university-vgu-online-mba-review-2027-29","Vivekananda Global University (VGU) Online MBA Review 2027–29: Placements, Fees & Admission","Vivekananda Global University (VGU) online MBA review","878","Online Degrees","2026-03-26","Standard Post (878 words)","Retain URL & Optimize in Batches (AEO Snippets, Title, Meta, Schema, FAQs, Fact Verification)","https://careerwithmohit.online/blog/vivekananda-global-university-vgu-online-mba-review-2027-29"
"https://careerwithmohit.online/blog/vjim-hyderabad-mba-review-2027-fees-placements-cutoff","Vignana Jyothi Institute of Management (VJIM Hyderabad) Review 2027: Fees, Placements, Cutoff, Ranking & Admission Verdict","vignana jyothi institute of management (vjim hyderabad) review 2027","1360","Exams","2026-09-15","Standard Post (1360 words)","Retain URL & Optimize in Batches (AEO Snippets, Title, Meta, Schema, FAQs, Fact Verification)","https://careerwithmohit.online/blog/vjim-hyderabad-mba-review-2027-fees-placements-cutoff"
"https://careerwithmohit.online/blog/welingkar-mumbai-review-2027-29","Welingkar Mumbai (WeSchool) Review 2027–29: Fees, Placements, Cutoffs & ROI Analysis","Welingkar Mumbai (WeSchool) review 2027–29","1315","Exams","2026-08-03","Standard Post (1315 words)","Retain URL & Optimize in Batches (AEO Snippets, Title, Meta, Schema, FAQs, Fact Verification)","https://careerwithmohit.online/blog/welingkar-mumbai-review-2027-29"
"https://careerwithmohit.online/blog/welingkar-vs-tapmi-mba-comparison","Welingkar vs TAPMI: Which is Better for MBA/PGDM? (2026-2027)","Welingkar vs TAPMI","1154","Jobs & Careers","2026-03-25","Standard Post (1154 words)","Retain URL & Optimize in Batches (AEO Snippets, Title, Meta, Schema, FAQs, Fact Verification)","https://careerwithmohit.online/blog/welingkar-vs-tapmi-mba-comparison"
"https://careerwithmohit.online/blog/welingkar-weschool-mumbai-pgdm-review-2027-fees-placements-cutoff","WeSchool Mumbai MBA Admission 2027: Fees, Cutoff & ROI","welingkar institute of management (weschool) mba admission 2027","1399","Exams","2026-09-26","Standard Post (1399 words)","Retain URL & Optimize in Batches (AEO Snippets, Title, Meta, Schema, FAQs, Fact Verification)","https://careerwithmohit.online/blog/welingkar-weschool-mumbai-pgdm-review-2027-fees-placements-cutoff"
"https://careerwithmohit.online/blog/wharton-school-mba-review-2027-29","The Wharton School MBA Review 2027–29: Fees in INR, Placements & Admission","The Wharton School MBA 2027–29","882","Exams","2026-04-14","Standard Post (882 words)","Retain URL & Optimize in Batches (AEO Snippets, Title, Meta, Schema, FAQs, Fact Verification)","https://careerwithmohit.online/blog/wharton-school-mba-review-2027-29"
"https://careerwithmohit.online/blog/what-does-ndim-offer-in-its-pgdm-program-specializations-certifications-and-corporate-exposure","What Does NDIM Offer in its PGDM Program? Specializations, Certifications, and Corporate Exposure","What Does NDIM Offer in its PGDM Program","2828","Jobs & Careers","2026-09-16","Standard Post (2828 words)","Retain URL & Optimize in Batches (AEO Snippets, Title, Meta, Schema, FAQs, Fact Verification)","https://careerwithmohit.online/blog/what-does-ndim-offer-in-its-pgdm-program-specializations-certifications-and-corporate-exposure"
"https://careerwithmohit.online/blog/what-is-iim-blacki-complete-guide-2027-29","What is IIM BLACKI? 2026 Guide to Fees, Placements, CAT Cutoffs & Rankings","IIM BLACKI","1726","Exams","2026-07-27","Standard Post (1726 words)","Retain URL & Optimize in Batches (AEO Snippets, Title, Meta, Schema, FAQs, Fact Verification)","https://careerwithmohit.online/blog/what-is-iim-blacki-complete-guide-2027-29"
"https://careerwithmohit.online/blog/who-conducts-cat-2027-29","Who Conducts CAT 2026? Organizing IIM & Timeline Details","who conduct cat 2026","934","Exams","2026-06-28","Standard Post (934 words)","Retain URL & Optimize in Batches (AEO Snippets, Title, Meta, Schema, FAQs, Fact Verification)","https://careerwithmohit.online/blog/who-conducts-cat-2027-29"
"https://careerwithmohit.online/blog/who-will-conduct-cat-2026-exam","Who Will Conduct CAT 2026 Exam? Convening IIM, Rotation History & Exam Dates","who will conduct cat 2026 exam","1374","Exams","2026-07-27","Standard Post (1374 words)","Retain URL & Optimize in Batches (AEO Snippets, Title, Meta, Schema, FAQs, Fact Verification)","https://careerwithmohit.online/blog/who-will-conduct-cat-2026-exam"
"https://careerwithmohit.online/blog/whu-otto-beisheim-mba-review-2027-29","WHU – Otto Beisheim School of Management MBA Review 2027–29: Fees in INR, Placements & Admission","WHU – Otto Beisheim School of Management MBA 2027–29","911","Exams","2026-04-14","Standard Post (911 words)","Retain URL & Optimize in Batches (AEO Snippets, Title, Meta, Schema, FAQs, Fact Verification)","https://careerwithmohit.online/blog/whu-otto-beisheim-mba-review-2027-29"
"https://careerwithmohit.online/blog/why-asm-iibr-pune-good-for-mba-pgdm-2027-29","Why ASM IIBR Pune (Group) is Good for MBA and PGDM? Top 5 Reasons to Join 2027–29","Why [ASM IIBR](/colleges/asm-iibr/) Pune good for MBA","692","Online Degrees","2026-03-29","Standard Post (692 words)","Retain URL & Optimize in Batches (AEO Snippets, Title, Meta, Schema, FAQs, Fact Verification)","https://careerwithmohit.online/blog/why-asm-iibr-pune-good-for-mba-pgdm-2027-29"
"https://careerwithmohit.online/blog/why-every-coaching-center-needs-branded-app-2026","Why Every Coaching Institute Needs a Branded Mobile App in 2026","app for coaching center","647","Exams","2026-03-29","Standard Post (647 words)","Retain URL & Optimize in Batches (AEO Snippets, Title, Meta, Schema, FAQs, Fact Verification)","https://careerwithmohit.online/blog/why-every-coaching-center-needs-branded-app-2026"
"https://careerwithmohit.online/blog/why-every-online-educator-needs-branded-app-alternatives-2026","Why Every Online Educator Needs a Branded App: Classplus & Graphy Alternatives in 2026","how to sell courses on my own app","814","Jobs & Careers","2026-05-30","Standard Post (814 words)","Retain URL & Optimize in Batches (AEO Snippets, Title, Meta, Schema, FAQs, Fact Verification)","https://careerwithmohit.online/blog/why-every-online-educator-needs-branded-app-alternatives-2026"
"https://careerwithmohit.online/blog/why-never-join-galgotias-university-for-mba-review","Why You Should Never Join Galgotias University for MBA: The 'AI' Marketing Gimmick","Galgotias University MBA review negative","866","Law","2026-03-25","Standard Post (866 words)","Retain URL & Optimize in Batches (AEO Snippets, Title, Meta, Schema, FAQs, Fact Verification)","https://careerwithmohit.online/blog/why-never-join-galgotias-university-for-mba-review"
"https://careerwithmohit.online/blog/why-never-join-high-intake-mba-colleges-pune","Why You Should Never Join a High Intake MBA College: The Pune Reality (2026)","high intake MBA colleges in Pune","926","Online Degrees","2026-03-28","Standard Post (926 words)","Retain URL & Optimize in Batches (AEO Snippets, Title, Meta, Schema, FAQs, Fact Verification)","https://careerwithmohit.online/blog/why-never-join-high-intake-mba-colleges-pune"
"https://careerwithmohit.online/blog/why-never-join-isms-pune-honest-review-2027-29","ISMS Pune PGDM Review 2027: Fees, Cutoff, Placements & Honest Reality Check","[ISMS Pune](/colleges/isms-pune/) negative review","944","Exams","2026-03-29","Standard Post (944 words)","Retain URL & Optimize in Batches (AEO Snippets, Title, Meta, Schema, FAQs, Fact Verification)","https://careerwithmohit.online/blog/why-never-join-isms-pune-honest-review-2027-29"
"https://careerwithmohit.online/blog/why-never-join-nmims-online-mba-honest-review-2027-29","Why You Should Never Join NMIMS Online MBA: The Brutal Reality Check 2027–29","NMIMS Online MBA review negative","937","Online Degrees","2026-03-25","Standard Post (937 words)","Retain URL & Optimize in Batches (AEO Snippets, Title, Meta, Schema, FAQs, Fact Verification)","https://careerwithmohit.online/blog/why-never-join-nmims-online-mba-honest-review-2027-29"
"https://careerwithmohit.online/blog/why-never-join-pool-placement-colleges-mba-pgdm","The Pool Placement Trap: Why You Should Never Join These MBA/PGDM Colleges","never join pool placement colleges","1195","Jobs & Careers","2026-03-25","Standard Post (1195 words)","Retain URL & Optimize in Batches (AEO Snippets, Title, Meta, Schema, FAQs, Fact Verification)","https://careerwithmohit.online/blog/why-never-join-pool-placement-colleges-mba-pgdm"
"https://careerwithmohit.online/blog/why-never-join-sri-balaji-university-pune-honest-review-2027-29","Sri Balaji University Pune (SBUP) MBA Review (2026-2027): Real Placements, Fees & Cutoffs–29: The Critical Reality","Sri Balaji University Pune review 2027–29","1138","MBA","2026-05-02","Standard Post (1138 words)","Retain URL & Optimize in Batches (AEO Snippets, Title, Meta, Schema, FAQs, Fact Verification)","https://careerwithmohit.online/blog/why-never-join-sri-balaji-university-pune-honest-review-2027-29"
"https://careerwithmohit.online/blog/why-never-join-xime-kochi-honest-review-2027-29","XIME Kochi PGDM Review 2027: Fees, Cutoff, Placements & Honest Reality Check","XIME Kochi negative review","1023","Exams","2026-03-31","Standard Post (1023 words)","Retain URL & Optimize in Batches (AEO Snippets, Title, Meta, Schema, FAQs, Fact Verification)","https://careerwithmohit.online/blog/why-never-join-xime-kochi-honest-review-2027-29"
"https://careerwithmohit.online/blog/why-online-mba-data-analytics-ai-outperforming-general-management","Why Online MBA in Data Analytics & AI is Outperforming General Management","online MBA data analytics AI","627","Online Degrees","2026-06-02","Standard Post (627 words)","Retain URL & Optimize in Batches (AEO Snippets, Title, Meta, Schema, FAQs, Fact Verification)","https://careerwithmohit.online/blog/why-online-mba-data-analytics-ai-outperforming-general-management"
"https://careerwithmohit.online/blog/why-pgdm-better-than-mba-2027-29","Why PGDM is Better Than MBA in India 2027–29? – 5 Reasons You Should Know","why pgdm is better than mba","882","Exams","2026-05-03","Standard Post (882 words)","Retain URL & Optimize in Batches (AEO Snippets, Title, Meta, Schema, FAQs, Fact Verification)","https://careerwithmohit.online/blog/why-pgdm-better-than-mba-2027-29"
"https://careerwithmohit.online/blog/woxsen-school-of-business-mba-review-2027-fees-placements-cutoff","Woxsen School of Business, Woxsen University Review 2027: Fees, Placements, Cutoff, Ranking & Admission Verdict","woxsen school of business, woxsen university review 2027","1411","MBA","2026-09-15","Standard Post (1411 words)","Retain URL & Optimize in Batches (AEO Snippets, Title, Meta, Schema, FAQs, Fact Verification)","https://careerwithmohit.online/blog/woxsen-school-of-business-mba-review-2027-fees-placements-cutoff"
"https://careerwithmohit.online/blog/woxsen-university-hyderabad-review-2027-29","Woxsen University, Hyderabad Review 2027–29: Placements, Fees, Courses & Admission","Woxsen University Hyderabad review 2027–29","1400","Jobs & Careers","2026-08-03","Standard Post (1400 words)","Retain URL & Optimize in Batches (AEO Snippets, Title, Meta, Schema, FAQs, Fact Verification)","https://careerwithmohit.online/blog/woxsen-university-hyderabad-review-2027-29"
"https://careerwithmohit.online/blog/xat-2026-decision-making-question-trends-how-to-crack","XAT 2026 Decision‑Making Section: Latest Question Trends & How to Crack Them","XAT Decision Making","917","Exams","2026-05-21","Standard Post (917 words)","Retain URL & Optimize in Batches (AEO Snippets, Title, Meta, Schema, FAQs, Fact Verification)","https://careerwithmohit.online/blog/xat-2026-decision-making-question-trends-how-to-crack"
"https://careerwithmohit.online/blog/xat-2026-rc-getting-harder-how-to-adapt","Why XAT RC Is Getting Harder in 2026 and How to Adapt","XAT RC preparation","858","Exams","2026-05-21","Standard Post (858 words)","Retain URL & Optimize in Batches (AEO Snippets, Title, Meta, Schema, FAQs, Fact Verification)","https://careerwithmohit.online/blog/xat-2026-rc-getting-harder-how-to-adapt"
"https://careerwithmohit.online/blog/xat-2027-application-form-open-date","XAT 2027 Application Form Open Date: Registration Schedule & XLRI Fees","XAT 2027 application form open date","878","Exams","2026-07-25","Standard Post (878 words)","Retain URL & Optimize in Batches (AEO Snippets, Title, Meta, Schema, FAQs, Fact Verification)","https://careerwithmohit.online/blog/xat-2027-application-form-open-date"
"https://careerwithmohit.online/blog/xat-2027-decision-making-previous-year-questions-with-answers","XAT 2027 Decision Making Previous Year Questions with Answers: Solved Caselets & Strategy","xat 2027 decision making previous year questions with answers","1092","Exams","2026-09-12","Standard Post (1092 words)","Retain URL & Optimize in Batches (AEO Snippets, Title, Meta, Schema, FAQs, Fact Verification)","https://careerwithmohit.online/blog/xat-2027-decision-making-previous-year-questions-with-answers"
"https://careerwithmohit.online/blog/xat-2027-decision-making-verbal-ability-mastery-guide","XAT 2027 Decision Making & Verbal Ability Mastery Guide: Crack XLRI Calls","XAT 2027 decision making preparation","1418","Exams","2026-08-26","Standard Post (1418 words)","Retain URL & Optimize in Batches (AEO Snippets, Title, Meta, Schema, FAQs, Fact Verification)","https://careerwithmohit.online/blog/xat-2027-decision-making-verbal-ability-mastery-guide"
"https://careerwithmohit.online/blog/xat-exam-2027-last-date-of-registration","XAT Exam 2027 Last Date of Registration: Official Deadline, Fees, Schedule & How to Apply","xat exam 2027 last date of registration","1413","Exams","2026-09-10","Standard Post (1413 words)","Retain URL & Optimize in Batches (AEO Snippets, Title, Meta, Schema, FAQs, Fact Verification)","https://careerwithmohit.online/blog/xat-exam-2027-last-date-of-registration"
"https://careerwithmohit.online/blog/xat-vs-snap-vs-nmat-which-is-easier-after-cat-2027-29","XAT vs SNAP vs NMAT: Which is Easier After CAT? [2026] — Complete Comparison & Strategy","XAT vs SNAP vs NMAT","1235","Exams","2026-08-14","Standard Post (1235 words)","Retain URL & Optimize in Batches (AEO Snippets, Title, Meta, Schema, FAQs, Fact Verification)","https://careerwithmohit.online/blog/xat-vs-snap-vs-nmat-which-is-easier-after-cat-2027-29"
"https://careerwithmohit.online/blog/xime-bangalore-executive-mba-review","Xavier Institute of Management and Entrepreneurship (XIME), Bangalore Executive MBA Review","Xavier Institute of Management and Entrepreneurship (XIME), Bangalore executive mba","635","Exams","2026-07-22","Standard Post (635 words)","Retain URL & Optimize in Batches (AEO Snippets, Title, Meta, Schema, FAQs, Fact Verification)","https://careerwithmohit.online/blog/xime-bangalore-executive-mba-review"
"https://careerwithmohit.online/blog/xime-bangalore-vs-xime-kochi-pgdm-comparison-2027-29","XIME Bangalore vs XIME Kochi: Which Campus is Better for PGDM? (2026)","[XIME Bangalore](/colleges/xime-bangalore/) vs XIME Kochi","1656","MBA","2026-04-06","Standard Post (1656 words)","Retain URL & Optimize in Batches (AEO Snippets, Title, Meta, Schema, FAQs, Fact Verification)","https://careerwithmohit.online/blog/xime-bangalore-vs-xime-kochi-pgdm-comparison-2027-29"
"https://careerwithmohit.online/blog/xiss-ranchi-mba-review-2027-fees-placements-cutoff","Xavier Institute of Social Service (XISS Ranchi) Review 2027: Fees, Placements, Cutoff, Ranking & Admission Verdict","xavier institute of social service (xiss ranchi) review 2027","1411","Exams","2026-09-15","Standard Post (1411 words)","Retain URL & Optimize in Batches (AEO Snippets, Title, Meta, Schema, FAQs, Fact Verification)","https://careerwithmohit.online/blog/xiss-ranchi-mba-review-2027-fees-placements-cutoff"
"https://careerwithmohit.online/blog/xlri-delhi-ncr-pgdm-review-2027-fees-placements-cutoff","XLRI Delhi MBA Admission 2027: Fees, Cutoff & ROI","xlri delhi ncr mba admission 2027","1312","MBA","2026-09-26","Standard Post (1312 words)","Retain URL & Optimize in Batches (AEO Snippets, Title, Meta, Schema, FAQs, Fact Verification)","https://careerwithmohit.online/blog/xlri-delhi-ncr-pgdm-review-2027-fees-placements-cutoff"
"https://careerwithmohit.online/blog/xlri-delhi-ncr-review-2027-29","XLRI Delhi NCR Review 2027–29: Fees, Placements, Cutoffs & ROI Analysis","XLRI Delhi NCR review 2027–29","1307","Exams","2026-08-03","Standard Post (1307 words)","Retain URL & Optimize in Batches (AEO Snippets, Title, Meta, Schema, FAQs, Fact Verification)","https://careerwithmohit.online/blog/xlri-delhi-ncr-review-2027-29"
"https://careerwithmohit.online/blog/xlri-jamshedpur-pgdm-review-2027-fees-placements-cutoff","XLRI Jamshedpur MBA Admission 2027: Fees, Cutoff & ROI","xlri jamshedpur mba admission 2027","1320","MBA","2026-09-26","Standard Post (1320 words)","Retain URL & Optimize in Batches (AEO Snippets, Title, Meta, Schema, FAQs, Fact Verification)","https://careerwithmohit.online/blog/xlri-jamshedpur-pgdm-review-2027-fees-placements-cutoff"
"https://careerwithmohit.online/blog/xlri-jamshedpur-review-2027-29","XLRI Jamshedpur Review 2027–29: Fees, Placements, Cutoffs & ROI Analysis","XLRI Jamshedpur review 2027–29","1270","Exams","2026-08-03","Standard Post (1270 words)","Retain URL & Optimize in Batches (AEO Snippets, Title, Meta, Schema, FAQs, Fact Verification)","https://careerwithmohit.online/blog/xlri-jamshedpur-review-2027-29"
"https://careerwithmohit.online/blog/zara-inditex-jit-production-agile-supply-chain","Zara (Inditex) Case Study: JIT Production & Agile Fast-Fashion Supply Chain","Zara supply chain case study","1212","MBA","2026-05-28","Standard Post (1212 words)","Retain URL & Optimize in Batches (AEO Snippets, Title, Meta, Schema, FAQs, Fact Verification)","https://careerwithmohit.online/blog/zara-inditex-jit-production-agile-supply-chain"